Region,Division,District,BEIS School ID,School Name,Street Address,Municipality,Legislative District,Barangay,Sector,Urban/Rural Classification,School Subclassification,Modified Curricural Offering Classification
CARAGA,Agusan del Norte,Carmen,131415,A.P. Quiamjot ES,PENTOLOCAN,CARMEN,2nd District,POBLACION (CARMEN),Public,Partially Urban,DepED Managed,Purely ES
CARAGA,Agusan del Norte,Carmen,131416,Cahayagan ES,"-Purok 6, Cahayagan,",CARMEN,2nd District,CAHAYAGAN,Public,Partially Urban,DepED Managed,Purely ES
CARAGA,Agusan del Norte,Carmen,131417,Carmen CES,BURGOS STREET,CARMEN,2nd District,POBLACION (CARMEN),Public,Partially Urban,DepED Managed,Purely ES
CARAGA,Agusan del Norte,Carmen,131418,Cervantina ES,Vinapor,CARMEN,2nd District,VINAPOR,Public,Partially Urban,DepED Managed,Purely ES
CARAGA,Agusan del Norte,Carmen,131419,Dona Josefa Antillon ES,BULIHON,CARMEN,2nd District,TAGCATONG,Public,Partially Urban,DepED Managed,Purely ES
CARAGA,Agusan del Norte,Carmen,131420,Elpedio Salas Sr. ES,"CAMPO I Rojales, Carmen , Agusan del Norte",CARMEN,2nd District,ROJALES,Public,Partially Urban,DepED Managed,Purely ES
CARAGA,Agusan del Norte,Carmen,131421,Gosoon ES,Kapatagan,CARMEN,2nd District,GOSOON,Public,Partially Urban,DepED Managed,Purely ES
CARAGA,Agusan del Norte,Carmen,131423,Rojales ES,"Purok 2, Rojales, Carmen, Agusan del Norte",CARMEN,2nd District,ROJALES,Public,Partially Urban,DepED Managed,Purely ES
CARAGA,Agusan del Norte,Carmen,131424,San Agustin ES,"SAN AGUSTIN, CARMEN , ADN",CARMEN,2nd District,SAN AGUSTIN,Public,Partially Urban,DepED Managed,Purely ES
CARAGA,Agusan del Norte,Carmen,131425,San Isidro ES,BOUNDARY,CARMEN,2nd District,TAGCATONG,Public,Partially Urban,DepED Managed,Purely ES
CARAGA,Agusan del Norte,Carmen,131426,Tagcatong Elementary School,"-Malungay,Tagcatong,Carmen,Agusan Del Norte",CARMEN,2nd District,TAGCATONG,Public,Partially Urban,DepED Managed,Purely ES
CARAGA,Agusan del Norte,Carmen,304677,Carmen NHS,"Cabatuan, Carmen, Agusan del Norte",CARMEN,2nd District,POBLACION (CARMEN),Public,Partially Urban,DepED Managed,Purely JHS
CARAGA,Agusan del Norte,Carmen,304702,Vinapor NHS,"P-6 Vinapor, Carmen, Agusan del Norte",CARMEN,2nd District,VINAPOR,Public,Partially Urban,DepED Managed,JHS with SHS
CARAGA,Agusan del Norte,Carmen,317304,Cahayagan National High School,"P-3, Baylanon",CARMEN,2nd District,CAHAYAGAN,Public,Partially Urban,DepED Managed,JHS with SHS
CARAGA,Agusan del Norte,Carmen,340204,"SHS in Carmen, Agusan Del Norte",Poblacion,CARMEN,2nd District,POBLACION (CARMEN),Public,Partially Urban,DepED Managed,Purely SHS
CARAGA,Agusan del Norte,Carmen,405910,"Our Lady of Carmen Academy of Caraga, Inc.",Dagohoy Street,CARMEN,2nd District,POBLACION (CARMEN),Private,Partially Urban,Sectarian,JHS with SHS
CARAGA,Agusan del Norte,Carmen,408370,"Carmen Agusan del Norte United Christian School, Inc.",Dagohoy Street,CARMEN,2nd District,POBLACION (CARMEN),Private,Partially Urban,Non-Sectarian,Purely ES
CARAGA,Agusan del Norte,Carmen,500311,Manoligao ES,"Manoligao,",CARMEN,2nd District,MANOLIGAO,Public,Partially Urban,DepED Managed,All Offering (K to 12)
CARAGA,Agusan del Norte,Jabonga I,131430,Bunga ES,"-barangay bunga, jabonga",JABONGA,2nd District,BUNGA,Public,Partially Urban,DepED Managed,Purely ES
CARAGA,Agusan del Norte,Jabonga I,131433,Jabonga Central Elementary School,Purok 1,JABONGA,2nd District,POBLACION (JABONGA),Public,Partially Urban,DepED Managed,Purely ES
CARAGA,Agusan del Norte,Jabonga I,131435,Juan L. Subrastas ES,-Purok-2,JABONGA,2nd District,MAGDAGOOC,Public,Partially Urban,DepED Managed,Purely ES
CARAGA,Agusan del Norte,Jabonga I,131438,Narcisa M. Bermudez ES,-Sitio Coro,JABONGA,2nd District,COLORADO,Public,Partially Urban,DepED Managed,Purely ES
CARAGA,Agusan del Norte,Jabonga I,131439,Petogo PS,PITOGO,JABONGA,2nd District,SANTO NINO,Public,Partially Urban,DepED Managed,Purely ES
CARAGA,Agusan del Norte,Jabonga I,131440,San Jose ES,Purok 3 San Jose Jabonga,JABONGA,2nd District,SAN JOSE,Public,Partially Urban,DepED Managed,Purely ES
CARAGA,Agusan del Norte,Jabonga I,131441,San Pablo ES,Purok 2,JABONGA,2nd District,SAN PABLO,Public,Partially Urban,DepED Managed,Purely ES
CARAGA,Agusan del Norte,Jabonga I,131442,San Vicente ES,"P-3 San Vicente,Jabonga, ADN.",JABONGA,2nd District,SAN VICENTE,Public,Partially Urban,DepED Managed,Purely ES
CARAGA,Agusan del Norte,Jabonga I,131443,Sto. Nino ES,PUROK 2,JABONGA,2nd District,SANTO NINO,Public,Partially Urban,DepED Managed,Purely ES
CARAGA,Agusan del Norte,Jabonga I,304685,Jabonga National High School,"P-IA, Mayugda",JABONGA,2nd District,POBLACION (JABONGA),Public,Partially Urban,DepED Managed,JHS with SHS
CARAGA,Agusan del Norte,Jabonga I,304692,Magdagooc NHS,"P3, Magdagooc, Jabonga, Agusan del Norte",JABONGA,2nd District,MAGDAGOOC,Public,Partially Urban,DepED Managed,JHS with SHS
CARAGA,Agusan del Norte,Jabonga I,317303,San Vicente NHS,P-7 San Vicente Jabonga Agusan del Norte,JABONGA,2nd District,SAN VICENTE,Public,Partially Urban,DepED Managed,JHS with SHS
CARAGA,Agusan del Norte,Kitcharao,131445,Bliss Elementary School,Purok 3,KITCHARAO,2nd District,POBLACION,Public,Partially Urban,DepED Managed,Purely ES
CARAGA,Agusan del Norte,Kitcharao,131446,H.V. Dagani ES,Purok 2b,KITCHARAO,2nd District,BANGAYAN,Public,Partially Urban,DepED Managed,Purely ES
CARAGA,Agusan del Norte,Kitcharao,131447,Hinimbangan ES,-,KITCHARAO,2nd District,HINIMBANGAN,Public,Partially Urban,DepED Managed,Purely ES
CARAGA,Agusan del Norte,Kitcharao,131448,Jaliobong Elementary School,P -2,KITCHARAO,2nd District,JALIOBONG,Public,Partially Urban,DepED Managed,Purely ES
CARAGA,Agusan del Norte,Kitcharao,131449,Jose Bermudez ES,p-4,KITCHARAO,2nd District,SANGAY,Public,Partially Urban,DepED Managed,Purely ES
CARAGA,Agusan del Norte,Kitcharao,131450,Kitcharao CES,"Songkoy, KItcharao, Agusan del Norte",KITCHARAO,2nd District,SONGKOY,Public,Partially Urban,DepED Managed,Purely ES
CARAGA,Agusan del Norte,Kitcharao,131451,Mahayahay ES,PUROK 2,KITCHARAO,2nd District,MAHAYAHAY,Public,Partially Urban,DepED Managed,Purely ES
CARAGA,Agusan del Norte,Kitcharao,131452,P.C. Reyes ES,Purok 1,KITCHARAO,2nd District,CANAWAY,Public,Partially Urban,DepED Managed,Purely ES
CARAGA,Agusan del Norte,Kitcharao,131453,San Isidro ES,Purok 1,KITCHARAO,2nd District,SAN ISIDRO,Public,Partially Urban,DepED Managed,Purely ES
CARAGA,Agusan del Norte,Kitcharao,131454,San Roque Elementary School,-Purok 1,KITCHARAO,2nd District,SAN ROQUE,Public,Partially Urban,DepED Managed,Purely ES
CARAGA,Agusan del Norte,Kitcharao,131455,Zapanta Valley PS,Zapanta Valley,KITCHARAO,2nd District,BANGAYAN,Public,Partially Urban,DepED Managed,Purely ES
CARAGA,Agusan del Norte,Kitcharao,304687,Jaliobong NHS,"P-1,Jaliobong, Kitcharao, Agusan del Nort",KITCHARAO,2nd District,JALIOBONG,Public,Partially Urban,DepED Managed,JHS with SHS
CARAGA,Agusan del Norte,Kitcharao,304688,Kitcharao NHS,Crossing,KITCHARAO,2nd District,CROSSING,Public,Partially Urban,DepED Managed,JHS with SHS
CARAGA,Agusan del Norte,Kitcharao,404040,Caraga Institute of Technology,"National Highway Songkoy, Kitcharao-Alegria Boundary, Agusan Del Norte",KITCHARAO,2nd District,SONGKOY,Private,Partially Urban,Non-Sectarian,Purely SHS
CARAGA,Agusan del Norte,Kitcharao,405911,Immaculate Heart of Mary Academy-Kitcharao Inc.,"P-2 Brgy. Songkoy, Kitcharao, Agusan del Norte",KITCHARAO,2nd District,SONGKOY,Private,Partially Urban,Sectarian,All Offering (K to 12)
CARAGA,Agusan del Norte,Las Nieves East,131456,Agyabao ES,Purok 2,LAS NIEVES,1st District,SAN ISIDRO,Public,Partially Urban,DepED Managed,Purely ES
CARAGA,Agusan del Norte,Las Nieves East,131458,Bonifacio ES,"P.2, Brgy. Bonifacio",LAS NIEVES,1st District,BONIFACIO,Public,Partially Urban,DepED Managed,Purely ES
CARAGA,Agusan del Norte,Las Nieves East,131466,Katipunan ES,-,LAS NIEVES,1st District,KATIPUNAN,Public,Partially Urban,DepED Managed,Purely ES
CARAGA,Agusan del Norte,Las Nieves East,131468,Las Nieves CES,Rosales Street,LAS NIEVES,1st District,POBLACION,Public,Partially Urban,DepED Managed,Purely ES
CARAGA,Agusan del Norte,Las Nieves East,131471,Malicato ES,PUROK 4,LAS NIEVES,1st District,MALICATO,Public,Partially Urban,DepED Managed,Purely ES
CARAGA,Agusan del Norte,Las Nieves East,131473,Marcos Calo ES,P-1,LAS NIEVES,1st District,MARCOS CALO,Public,Partially Urban,DepED Managed,Purely ES
CARAGA,Agusan del Norte,Las Nieves East,131477,Sagbuco ES,P2- Rosario Las Nieves Agusan del Norte,LAS NIEVES,1st District,ROSARIO,Public,Partially Urban,DepED Managed,Purely ES
CARAGA,Agusan del Norte,Las Nieves East,131478,San Roque ES,Purok 1,LAS NIEVES,1st District,SAN ROQUE,Public,Partially Urban,DepED Managed,Purely ES
CARAGA,Agusan del Norte,Las Nieves East,131479,Subait Elementary School,Purok 4,LAS NIEVES,1st District,BONIFACIO,Public,Partially Urban,DepED Managed,Purely ES
CARAGA,Agusan del Norte,Las Nieves East,131480,Tinucoran ES,Purok 3B,LAS NIEVES,1st District,TINUCORAN,Public,Partially Urban,DepED Managed,Purely ES
CARAGA,Agusan del Norte,Las Nieves East,304689,Las Nieves NHS,Poblacion,LAS NIEVES,1st District,POBLACION,Public,Partially Urban,DepED Managed,JHS with SHS
CARAGA,Agusan del Norte,Las Nieves East,304694,Marcos Calo NHS,PUROK 2,LAS NIEVES,1st District,MARCOS CALO,Public,Partially Urban,DepED Managed,JHS with SHS
CARAGA,Agusan del Norte,Magallanes,131481,Buhang ES,Purok 8,MAGALLANES,2nd District,BUHANG,Public,Partially Urban,DepED Managed,Purely ES
CARAGA,Agusan del Norte,Magallanes,131482,Caloc-an ES,P1A,MAGALLANES,2nd District,CALOC-AN,Public,Partially Urban,DepED Managed,Purely ES
CARAGA,Agusan del Norte,Magallanes,131483,Guiasan ES,-Barangay Guiasan,MAGALLANES,2nd District,GUIASAN,Public,Partially Urban,DepED Managed,Purely ES
CARAGA,Agusan del Norte,Magallanes,131484,Magallanes North Elementary School,"H. Dultra Street, Brgy. Marcos",MAGALLANES,2nd District,MARCOS,Public,Partially Urban,DepED Managed,Purely ES
CARAGA,Agusan del Norte,Magallanes,131485,Magallanes CES,"Poblacion, Magallanes",MAGALLANES,2nd District,POBLACION,Public,Partially Urban,DepED Managed,Purely ES
CARAGA,Agusan del Norte,Magallanes,131486,Milan ES,Lower Panaytayon,MAGALLANES,2nd District,CALOC-AN,Public,Partially Urban,DepED Managed,Purely ES
CARAGA,Agusan del Norte,Magallanes,131487,New Townsite ES,"Purok 7, Townsite,",MAGALLANES,2nd District,POBLACION,Public,Partially Urban,DepED Managed,Purely ES
CARAGA,Agusan del Norte,Magallanes,131488,Pupotsan ES,Purok 2,MAGALLANES,2nd District,TAOD-OY,Public,Partially Urban,DepED Managed,Purely ES
CARAGA,Agusan del Norte,Magallanes,131489,Sto. Nino ES,Purok 2,MAGALLANES,2nd District,SANTO NINO,Public,Partially Urban,DepED Managed,Purely ES
CARAGA,Agusan del Norte,Magallanes,211504,Dahikan ES,Purok 5A,MAGALLANES,2nd District,CALOC-AN,Public,Partially Urban,DepED Managed,Purely ES
CARAGA,Agusan del Norte,Magallanes,304691,Magallanes National High School,"P-6 Brgy. Sto. Nino, Magallanes ADN",MAGALLANES,2nd District,SANTO NINO,Public,Partially Urban,DepED Managed,JHS with SHS
CARAGA,Agusan del Norte,Magallanes,317320,Pupotsan NHS (Magallanes NHS Annex),-Purok-2,MAGALLANES,2nd District,TAOD-OY,Public,Partially Urban,DepED Managed,JHS with SHS
CARAGA,Agusan del Norte,Magallanes,405912,"Father Urios Academy of Magallanes, Inc.","P-5 Buhang, Magallanes, Agusan del Norte",MAGALLANES,2nd District,BUHANG,Private,Partially Urban,Sectarian,All Offering (K to 12)
CARAGA,Agusan del Norte,Nasipit East,131492,Ata-Atahon ES,0,NASIPIT,2nd District,ATA-ATAHON,Public,Partially Urban,DepED Managed,Purely ES
CARAGA,Agusan del Norte,Nasipit East,131494,Cubi-Cubi ES,-,NASIPIT,2nd District,CUBI-CUBI,Public,Partially Urban,DepED Managed,Purely ES
CARAGA,Agusan del Norte,Nasipit East,131495,Culit ES,District 4,NASIPIT,2nd District,CULIT,Public,Partially Urban,DepED Managed,Purely ES
CARAGA,Agusan del Norte,Nasipit East,131497,Jaguimitan ES,-,NASIPIT,2nd District,JAGUIMITAN,Public,Partially Urban,DepED Managed,Purely ES
CARAGA,Agusan del Norte,Nasipit East,131498,Mateo B. Abao CES,National Highway,NASIPIT,2nd District,KINABJANGAN,Public,Partially Urban,DepED Managed,Purely ES
CARAGA,Agusan del Norte,Nasipit East,131501,Punta ES,District-2,NASIPIT,2nd District,PUNTA,Public,Partially Urban,DepED Managed,Purely ES
CARAGA,Agusan del Norte,Nasipit East,131503,Tagbabacon Elementary School,"Tagbabacon,Culit",NASIPIT,2nd District,CULIT,Public,Partially Urban,DepED Managed,Purely ES
CARAGA,Agusan del Norte,Nasipit East,131505,Triangulo ES,-,NASIPIT,2nd District,TRIANGULO,Public,Partially Urban,DepED Managed,Purely ES
CARAGA,Agusan del Norte,Nasipit East,211508,Mangumihay ES,SALAYSAYON,NASIPIT,2nd District,JAGUIMITAN,Public,Partially Urban,DepED Managed,Purely ES
CARAGA,Agusan del Norte,Nasipit East,317308,Culit National High School,DISTRICT 4,NASIPIT,2nd District,CULIT,Public,Partially Urban,DepED Managed,JHS with SHS
CARAGA,Agusan del Norte,Nasipit East,405919,St. Michael College of CARAGA,Atupan Street,NASIPIT,2nd District,BARANGAY 4 (POB.),Private,Partially Urban,Sectarian,All Offering (K to 12)
CARAGA,Agusan del Norte,Nasipit East,408082,"Rainbows Speechworld Learning Center, Inc.",Brgy Triangulo,NASIPIT,2nd District,TRIANGULO,Private,Partially Urban,Non-Sectarian,Purely ES
CARAGA,Agusan del Norte,Nasipit East,471516,"Lighthouse Christian School of Nasipit Agusan del Norte, Inc.",District III,NASIPIT,2nd District,TRIANGULO,Private,Partially Urban,Non-Sectarian,Purely ES
CARAGA,Agusan del Norte,Buenavista I,131508,Buenavista CES,Rizal Avenue,BUENAVISTA,2nd District,POBLACION 3,Public,Partially Urban,DepED Managed,Purely ES
CARAGA,Agusan del Norte,Buenavista I,131513,Sacol ES,Sacol,BUENAVISTA,2nd District,SACOL,Public,Partially Urban,DepED Managed,Purely ES
CARAGA,Agusan del Norte,Buenavista I,131514,TINAGO ES,0,BUENAVISTA,2nd District,MATABAO,Public,Partially Urban,DepED Managed,Purely ES
CARAGA,Agusan del Norte,Buenavista I,405901,Buenavista Christian Community School,Manga Street,BUENAVISTA,2nd District,POBLACION 7,Private,Partially Urban,Sectarian,Purely ES
CARAGA,Agusan del Norte,Buenavista I,405902,Buenavista Institute,C.P. Tan Sr. St.,BUENAVISTA,2nd District,POBLACION 3,Private,Partially Urban,Non-Sectarian,All Offering (K to 12)
CARAGA,Agusan del Norte,Buenavista I,405903,St. James High School,Curato,BUENAVISTA,2nd District,POBLACION 5,Private,Partially Urban,Sectarian,All Offering (K to 12)
CARAGA,Agusan del Norte,Buenavista I,408571,"Maranatha Baptist Academy, Inc.","Brgy. 3, corner Cagampang St., Buenavista, Agusan del Norte",BUENAVISTA,2nd District,POBLACION 3,Private,Partially Urban,Sectarian,Purely ES
CARAGA,Agusan del Norte,Buenavista I,471507,"Gesu Eucaristico Academy, Inc.","Purok 5 Km.12, Manapa, Buenavista, Agusan del Norte",BUENAVISTA,2nd District,MANAPA,Private,Partially Urban,Sectarian,Purely ES
CARAGA,Agusan del Norte,Buenavista I,471508,"Holistic Heart Study Center, Inc.","A. Luna Street, Brgy. 6, Buenavista, Agusan del Norte",BUENAVISTA,2nd District,POBLACION 3,Private,Partially Urban,Non-Sectarian,Purely ES
CARAGA,Agusan del Norte,Buenavista I,471514,"Buenavista Early Childhood Christian Community Learning Center, Inc",Juan Luna Street,BUENAVISTA,2nd District,POBLACION 3,Private,Partially Urban,Non-Sectarian,Purely ES
CARAGA,Agusan del Norte,Buenavista I,500047,Buenavista SPED Elementary School,Rizal Avenue,BUENAVISTA,2nd District,POBLACION 5,Public,Partially Urban,DepED Managed,All Offering (K to 12)
CARAGA,Agusan del Norte,R.T. Romualdez,131530,Balangbalang ES,-,REMEDIOS T. ROMUALDEZ,2nd District,BALANGBALANG,Public,Partially Urban,DepED Managed,Purely ES
CARAGA,Agusan del Norte,R.T. Romualdez,131531,Humilog ES,Purok -2,REMEDIOS T. ROMUALDEZ,2nd District,HUMILOG,Public,Partially Urban,DepED Managed,Purely ES
CARAGA,Agusan del Norte,R.T. Romualdez,131532,Luis B. Azura Sr. Memorial ES,"Purok 1,Basilisa,RTR",REMEDIOS T. ROMUALDEZ,2nd District,BASILISA,Public,Partially Urban,DepED Managed,Purely ES
CARAGA,Agusan del Norte,R.T. Romualdez,131533,Panaytayon ES,-,REMEDIOS T. ROMUALDEZ,2nd District,PANAYTAYON,Public,Partially Urban,DepED Managed,Purely ES
CARAGA,Agusan del Norte,R.T. Romualdez,131534,RT Romualdez CES,-Ilang-ilang St.,REMEDIOS T. ROMUALDEZ,2nd District,POBLACION I (AGAY),Public,Partially Urban,DepED Managed,Purely ES
CARAGA,Agusan del Norte,R.T. Romualdez,131535,San Antonio ES,Purok 2,REMEDIOS T. ROMUALDEZ,2nd District,SAN ANTONIO,Public,Partially Urban,DepED Managed,Purely ES
CARAGA,Agusan del Norte,R.T. Romualdez,131536,Tagbongabong ES,Purok 1,REMEDIOS T. ROMUALDEZ,2nd District,TAGBONGABONG,Public,Partially Urban,DepED Managed,Purely ES
CARAGA,Agusan del Norte,R.T. Romualdez,211509,Eliseo G. Alipao Elementary School,"P-7 Basilisa, RTR, ADN",REMEDIOS T. ROMUALDEZ,2nd District,BASILISA,Public,Partially Urban,DepED Managed,Purely ES
CARAGA,Agusan del Norte,R.T. Romualdez,211510,Poblacion Doz ES,Poblacion II,REMEDIOS T. ROMUALDEZ,2nd District,POBLACION II,Public,Partially Urban,DepED Managed,Purely ES
CARAGA,Agusan del Norte,R.T. Romualdez,304673,Agay National High School,"PUROK 3, POBLACION I",REMEDIOS T. ROMUALDEZ,2nd District,POBLACION I (AGAY),Public,Partially Urban,DepED Managed,JHS with SHS
CARAGA,Agusan del Norte,R.T. Romualdez,317311,Balangbalang National High School,PUROK-1,REMEDIOS T. ROMUALDEZ,2nd District,BALANGBALANG,Public,Partially Urban,DepED Managed,JHS with SHS
CARAGA,Agusan del Norte,Santiago,131537,Dona Telesfora L. Ong Oh ES,SAN ISIDRO,SANTIAGO,2nd District,SAN ISIDRO,Public,Partially Urban,DepED Managed,Purely ES
CARAGA,Agusan del Norte,Santiago,131538,Jagupit ES,PUROK 2,SANTIAGO,2nd District,JAGUPIT,Public,Partially Urban,DepED Managed,Purely ES
CARAGA,Agusan del Norte,Santiago,131539,Jose L. Ong Oh Jr. ES,"Purok 4, Curva, Santiago, Agu. Norte",SANTIAGO,2nd District,CURVA,Public,Partially Urban,DepED Managed,Purely ES
CARAGA,Agusan del Norte,Santiago,131540,Kauswagan de Oro ES,Purok 3,SANTIAGO,2nd District,ESTANISLAO MORGADO,Public,Partially Urban,DepED Managed,Purely ES
CARAGA,Agusan del Norte,Santiago,131541,La Paz ES,Purok 4,SANTIAGO,2nd District,LA PAZ,Public,Partially Urban,DepED Managed,Purely ES
CARAGA,Agusan del Norte,Santiago,131542,Monte De Oro Elementary School,"Sitio, Kasagayan, Pangaylan IP, Santiago Adn",SANTIAGO,2nd District,PANGAYLAN-IP,Public,Partially Urban,DepED Managed,Purely ES
CARAGA,Agusan del Norte,Santiago,131543,Monte Grande ES,Purok 5,SANTIAGO,2nd District,POBLACION I,Public,Partially Urban,DepED Managed,Purely ES
CARAGA,Agusan del Norte,Santiago,131544,Cadahondahonan ES,Poblacion II,SANTIAGO,2nd District,POBLACION II,Public,Partially Urban,DepED Managed,Purely ES
CARAGA,Agusan del Norte,Santiago,131545,Prospero D. Salas ES,Purok 3,SANTIAGO,2nd District,TAGBUYACAN,Public,Partially Urban,DepED Managed,Purely ES
CARAGA,Agusan del Norte,Santiago,131546,Santiago CES,Purok 4,SANTIAGO,2nd District,POBLACION I,Public,Partially Urban,DepED Managed,Purely ES
CARAGA,Agusan del Norte,Santiago,131547,Villa Serrano ES,"PUROK 4, SAN ISIDRO, SANTIAGO, AGUSAN DEL NORTE",SANTIAGO,2nd District,SAN ISIDRO,Public,Partially Urban,DepED Managed,Purely ES
CARAGA,Agusan del Norte,Santiago,304686,Jagupit NHS,"Purok 3,",SANTIAGO,2nd District,JAGUPIT,Public,Partially Urban,DepED Managed,JHS with SHS
CARAGA,Agusan del Norte,Santiago,304698,Santiago NHS,LA PAZ ROAD,SANTIAGO,2nd District,POBLACION I,Public,Partially Urban,DepED Managed,JHS with SHS
CARAGA,Agusan del Norte,Santiago,407681,"Santiago ADN Light and Life Learning Center, Inc.",Poblacion 1,SANTIAGO,2nd District,POBLACION I,Private,Partially Urban,Non-Sectarian,Purely ES
CARAGA,Agusan del Norte,Santiago,407925,"World Mission Community Learning School, Inc.",Purok 7,SANTIAGO,2nd District,POBLACION I,Private,Partially Urban,Non-Sectarian,Purely ES
CARAGA,Agusan del Norte,Santiago,408643,"Santiago Lighthouse Baptist Academy, Inc.",Purok 6,SANTIAGO,2nd District,POBLACION I,Private,Partially Urban,Non-Sectarian,Purely ES
CARAGA,Agusan del Norte,Santiago,409773,Child Home Learning Center Inc.,"Poblacion-1, P-7, Santiago, Agusan del Norte",SANTIAGO,2nd District,POBLACION I,Private,Partially Urban,Non-Sectarian,Purely ES
CARAGA,Agusan del Norte,Santiago,471513,"Luz Academy Education Center, Inc.",Poblacion 1,SANTIAGO,2nd District,POBLACION I,Private,Partially Urban,Non-Sectarian,Purely ES
CARAGA,Agusan del Norte,Buenavista II,131506,Abilan ES,-,BUENAVISTA,2nd District,ABILAN,Public,Partially Urban,DepED Managed,Purely ES
CARAGA,Agusan del Norte,Buenavista II,131510,Manapa I ES,PUROK 4A,BUENAVISTA,2nd District,MANAPA,Public,Partially Urban,DepED Managed,Purely ES
CARAGA,Agusan del Norte,Buenavista II,131512,Matabao Elementary School,PUROK-3 MATABAO BUENAVISTA,BUENAVISTA,2nd District,MATABAO,Public,Partially Urban,DepED Managed,Purely ES
CARAGA,Agusan del Norte,Buenavista II,131550,Cogon Central Elementary School,COGON,BUENAVISTA,2nd District,POBLACION 1,Public,Partially Urban,DepED Managed,Purely ES
CARAGA,Agusan del Norte,Buenavista II,131561,Manlangit ES,Purok 1,BUENAVISTA,2nd District,ALUBIJID,Public,Partially Urban,DepED Managed,Purely ES
CARAGA,Agusan del Norte,Buenavista II,211507,San Juan ES,Purok 8,BUENAVISTA,2nd District,ABILAN,Public,Partially Urban,DepED Managed,Purely ES
CARAGA,Agusan del Norte,Buenavista II,304674,Buenavista National High School,Matabao,BUENAVISTA,2nd District,MATABAO,Public,Partially Urban,DepED Managed,JHS with SHS
CARAGA,Agusan del Norte,Buenavista II,317314,Abilan National High School,"Purok 5, Abilan, Buenavista, Agusan del Norte",BUENAVISTA,2nd District,ABILAN,Public,Partially Urban,DepED Managed,JHS with SHS
CARAGA,Agusan del Norte,Buenavista II,408369,"BUENAVISTA BAPTIST CHRISTIAN ACADEMY, INC.",Purok 4,BUENAVISTA,2nd District,POBLACION 2,Private,Partially Urban,Non-Sectarian,Purely ES
CARAGA,Agusan del Norte,Buenavista II,500049,Manapa II ES,Purok 2,BUENAVISTA,2nd District,MANAPA,Public,Partially Urban,DepED Managed,All Offering (K to 12)
CARAGA,Agusan del Norte,Buenavista II,500313,F.S. OMAYANA ELEMENTARY SCHOOL,PUROK 4A,BUENAVISTA,2nd District,ALUBIJID,Public,Partially Urban,DepED Managed,All Offering (K to 12)
CARAGA,Agusan del Norte,Tubay I,131582,Binuangan ES,Binuangan,TUBAY,2nd District,BINUANGAN,Public,Partially Urban,DepED Managed,Purely ES
CARAGA,Agusan del Norte,Tubay I,131583,Cabayawa ES,Purok II,TUBAY,2nd District,CABAYAWA,Public,Partially Urban,DepED Managed,Purely ES
CARAGA,Agusan del Norte,Tubay I,131586,La Fraternidad ES,Purok 1,TUBAY,2nd District,LA FRATERNIDAD,Public,Partially Urban,DepED Managed,Purely ES
CARAGA,Agusan del Norte,Tubay I,131587,Lawigan ES,Purok 1,TUBAY,2nd District,LAWIGAN,Public,Partially Urban,DepED Managed,Purely ES
CARAGA,Agusan del Norte,Tubay I,131591,Tagpangahoy ES,P.1 Tagpangahoy,TUBAY,2nd District,TAGPANGAHOY,Public,Partially Urban,DepED Managed,Purely ES
CARAGA,Agusan del Norte,Tubay I,131592,Tinigbasan ES,Purok 1,TUBAY,2nd District,TINIGBASAN,Public,Partially Urban,DepED Managed,Purely ES
CARAGA,Agusan del Norte,Tubay I,131593,Tubay Central Elementary School,Poblacion 2,TUBAY,2nd District,POBLACION 2,Public,Partially Urban,DepED Managed,Purely ES
CARAGA,Agusan del Norte,Tubay I,304700,Tinigbasan NHS,Purok 1,TUBAY,2nd District,TINIGBASAN,Public,Partially Urban,DepED Managed,JHS with SHS
CARAGA,Agusan del Norte,Tubay I,304701,Tubay NHS,"LUNGSOD DAAN, POBLACION 2, TUBAY, AGUSAN DEL NORTE",TUBAY,2nd District,POBLACION 2,Public,Partially Urban,DepED Managed,JHS with SHS
CARAGA,Agusan del Norte,Las Nieves West,131457,Ambacon ES,-,LAS NIEVES,1st District,AMBACON,Public,Partially Urban,DepED Managed,Purely ES
CARAGA,Agusan del Norte,Las Nieves West,131459,Casiklan ES,Casiklan,LAS NIEVES,1st District,CASIKLAN,Public,Partially Urban,DepED Managed,Purely ES
CARAGA,Agusan del Norte,Las Nieves West,131460,Dalagangan ES,"Purok 2, Consorcia, Las Nieves Agusan del Norte",LAS NIEVES,1st District,CONSORCIA,Public,Partially Urban,DepED Managed,Purely ES
CARAGA,Agusan del Norte,Las Nieves West,131461,Durian ES,"purok 3,Durian,Las Nieves",LAS NIEVES,1st District,DURIAN,Public,Partially Urban,DepED Managed,Purely ES
CARAGA,Agusan del Norte,Las Nieves West,131462,E. G. Montilla ES,"E.G. Montilla, Las Nieves, ADN",LAS NIEVES,1st District,EDUARDO G. MONTILLA (CAMBOAYON),Public,Partially Urban,DepED Managed,Purely ES
CARAGA,Agusan del Norte,Las Nieves West,131463,Fatima ES,Purok 5 Mahogany,LAS NIEVES,1st District,IBUAN,Public,Partially Urban,DepED Managed,Purely ES
CARAGA,Agusan del Norte,Las Nieves West,131464,Ibuan ES,Purok 2,LAS NIEVES,1st District,IBUAN,Public,Partially Urban,DepED Managed,Purely ES
CARAGA,Agusan del Norte,Las Nieves West,131465,Kahayagan ES,-P6B,LAS NIEVES,1st District,LINGAYAO,Public,Partially Urban,DepED Managed,Purely ES
CARAGA,Agusan del Norte,Las Nieves West,131467,Balungagan ES,Purok 2,LAS NIEVES,1st District,BALUNGAGAN,Public,Partially Urban,DepED Managed,Purely ES
CARAGA,Agusan del Norte,Las Nieves West,131470,Lingayao ES,-Purok 2,LAS NIEVES,1st District,LINGAYAO,Public,Partially Urban,DepED Managed,Purely ES
CARAGA,Agusan del Norte,Las Nieves West,131472,Maningalao ES,Purok-1,LAS NIEVES,1st District,MANINGALAO,Public,Partially Urban,DepED Managed,Purely ES
CARAGA,Agusan del Norte,Las Nieves West,131474,Mat-i CES,Purok 3,LAS NIEVES,1st District,MAT-I,Public,Partially Urban,DepED Managed,Purely ES
CARAGA,Agusan del Norte,Las Nieves West,131475,New Cana-an ES,Km. 22,LAS NIEVES,1st District,CASIKLAN,Public,Partially Urban,DepED Managed,Purely ES
CARAGA,Agusan del Norte,Las Nieves West,131476,Pinanaan ES,"P-2, PINANA-AN",LAS NIEVES,1st District,PINANA-AN,Public,Partially Urban,DepED Managed,Purely ES
CARAGA,Agusan del Norte,Las Nieves West,211505,Bokbokon Elementary School,"Bokbokon, Lawan-Lawan",LAS NIEVES,1st District,DURIAN,Public,Partially Urban,DepED Managed,Purely ES
CARAGA,Agusan del Norte,Las Nieves West,304679,Durian National High School,"Purok 6, Durian, Las Nieves, Agusan del Norte",LAS NIEVES,1st District,DURIAN,Public,Partially Urban,DepED Managed,JHS with SHS
CARAGA,Agusan del Norte,Las Nieves West,304680,Casiklan National High School,"P1, Casiklan, Las Nieves",LAS NIEVES,1st District,CASIKLAN,Public,Partially Urban,DepED Managed,JHS with SHS
CARAGA,Agusan del Norte,Las Nieves West,304690,LINGAYAO NATIONAL HIGH SCHOOL,Lingayao Las Nieves Agusan del Norte,LAS NIEVES,1st District,LINGAYAO,Public,Partially Urban,DepED Managed,JHS with SHS
CARAGA,Agusan del Norte,Las Nieves West,304693,Maningalao NHS,Purok 3,LAS NIEVES,1st District,MANINGALAO,Public,Partially Urban,DepED Managed,JHS with SHS
CARAGA,Agusan del Norte,Las Nieves West,304695,Mat-i NHS,-,LAS NIEVES,1st District,MAT-I,Public,Partially Urban,DepED Managed,JHS with SHS
CARAGA,Agusan del Norte,Las Nieves West,317310,E. G. Montilla National High School,P-3 E.G,LAS NIEVES,1st District,EDUARDO G. MONTILLA (CAMBOAYON),Public,Partially Urban,DepED Managed,JHS with SHS
CARAGA,Agusan del Norte,Las Nieves West,500048,Lawan-Lawan Elem. School,"P-5,Lawan-lawan, Las Nieves,A.D.N",LAS NIEVES,1st District,CASIKLAN,Public,Partially Urban,DepED Managed,All Offering (K to 12)
CARAGA,Agusan del Norte,Nasipit West,131490,Aclan Elementary School,District II,NASIPIT,2nd District,ACLAN,Public,Partially Urban,DepED Managed,Purely ES
CARAGA,Agusan del Norte,Nasipit West,131491,Amontay ES,District 2,NASIPIT,2nd District,AMONTAY,Public,Partially Urban,DepED Managed,Purely ES
CARAGA,Agusan del Norte,Nasipit West,131493,Camagong ES,DISTRICT 1,NASIPIT,2nd District,CAMAGONG,Public,Partially Urban,DepED Managed,Purely ES
CARAGA,Agusan del Norte,Nasipit West,131499,Minbahandi ES,CAMAGONG,NASIPIT,2nd District,CAMAGONG,Public,Partially Urban,DepED Managed,Purely ES
CARAGA,Agusan del Norte,Nasipit West,131500,Nasipit CES,Rizal St.,NASIPIT,2nd District,BARANGAY 4 (POB.),Public,Partially Urban,DepED Managed,Purely ES
CARAGA,Agusan del Norte,Nasipit West,131502,Sta. Ana ES,"DISTRICT SAGING, STA. ANA NASIPIT",NASIPIT,2nd District,SANTA ANA,Public,Partially Urban,DepED Managed,Purely ES
CARAGA,Agusan del Norte,Nasipit West,131504,Talisay ES SPED Center,District Magkuno,NASIPIT,2nd District,TALISAY,Public,Partially Urban,DepED Managed,Purely ES
CARAGA,Agusan del Norte,Nasipit West,211501,Tabon Elementary School,"Tabon,Aclan,Nasipit,Agusan del Norte",NASIPIT,2nd District,ACLAN,Public,Partially Urban,DepED Managed,Purely ES
CARAGA,Agusan del Norte,Nasipit West,304696,Nasipit National Vocational School,"Bayview Hill, Nasipit, Agusan del Norte",NASIPIT,2nd District,BARANGAY 7 (POB.),Public,Partially Urban,DepED Managed,JHS with SHS
CARAGA,Agusan del Norte,Nasipit West,317302,Nasipit NHS,"District 1, Brgy. Ata-atahon, Nasipit, Agusan del Norte",NASIPIT,2nd District,BARANGAY 4 (POB.),Public,Partially Urban,DepED Managed,JHS with SHS
CARAGA,Agusan del Norte,Nasipit West,405917,Northwestern Agusan Colleges,Bayview Hill,NASIPIT,2nd District,BARANGAY 7 (POB.),Private,Partially Urban,Non-Sectarian,All Offering (K to 12)
CARAGA,Agusan del Norte,Nasipit West,471512,"St. Therese of Lisieux Montessori, Inc.",Green Valley Street,NASIPIT,2nd District,BARANGAY 2 (POB.),Private,Partially Urban,Non-Sectarian,Purely ES
CARAGA,Agusan del Norte,Nasipit West,471515,"Nasipit United Christian Learning School, Inc.",Jose Rizal Street,NASIPIT,2nd District,BARANGAY 6 (POB.),Private,Partially Urban,Sectarian,Purely ES
CARAGA,Agusan del Norte,Nasipit West,500314,Hinandayan ES,Hinandayan,NASIPIT,2nd District,CAMAGONG,Public,Partially Urban,DepED Managed,All Offering (K to 12)
CARAGA,Agusan del Norte,Buenavista III,131507,Agong-ong ES,"P-2 Agong-ong, Buenavista, ADN.",BUENAVISTA,2nd District,AGONG-ONG,Public,Partially Urban,DepED Managed,Purely ES
CARAGA,Agusan del Norte,Buenavista III,131551,Dalao-an ES,"P- 3, Guinabsan, Buenavista, Agusan del Norte",BUENAVISTA,2nd District,RIZAL,Public,Partially Urban,DepED Managed,Purely ES
CARAGA,Agusan del Norte,Buenavista III,131552,Kabalalahan ES,0,BUENAVISTA,2nd District,SANGAY,Public,Partially Urban,DepED Managed,Purely ES
CARAGA,Agusan del Norte,Buenavista III,131556,Lomboyan ES,Lomboyan,BUENAVISTA,2nd District,GUINABSAN,Public,Partially Urban,DepED Managed,Purely ES
CARAGA,Agusan del Norte,Buenavista III,131558,Macalang ES,Macalang,BUENAVISTA,2nd District,MACALANG,Public,Partially Urban,DepED Managed,Purely ES
CARAGA,Agusan del Norte,Buenavista III,131559,Malapong ES,Malapong,BUENAVISTA,2nd District,MALAPONG,Public,Partially Urban,DepED Managed,Purely ES
CARAGA,Agusan del Norte,Buenavista III,131560,Malpoc ES,Purok - 2,BUENAVISTA,2nd District,MALPOC,Public,Partially Urban,DepED Managed,Purely ES
CARAGA,Agusan del Norte,Buenavista III,131565,RIZAL CES,-Purok 5,BUENAVISTA,2nd District,RIZAL,Public,Partially Urban,DepED Managed,Purely ES
CARAGA,Agusan del Norte,Buenavista III,131569,Talo-ao ES,-Talo-ao,BUENAVISTA,2nd District,TALO-AO,Public,Partially Urban,DepED Managed,Purely ES
CARAGA,Agusan del Norte,Buenavista III,131570,Tanutao ES,-Purok 2,BUENAVISTA,2nd District,GUINABSAN,Public,Partially Urban,DepED Managed,Purely ES
CARAGA,Agusan del Norte,Buenavista III,211511,Calayagon ES,CALAYAGON,BUENAVISTA,2nd District,MALPOC,Public,Partially Urban,DepED Managed,Purely ES
CARAGA,Agusan del Norte,Buenavista III,304682,Guinabsan National High School,"Purok 1 GUINABSAN, BUENAVISTA",BUENAVISTA,2nd District,GUINABSAN,Public,Partially Urban,DepED Managed,JHS with SHS
CARAGA,Agusan del Norte,Buenavista III,304683,Simbalan National High School,18 Acacia St.,BUENAVISTA,2nd District,SIMBALAN,Public,Partially Urban,DepED Managed,JHS with SHS
CARAGA,Agusan del Norte,Buenavista III,317301,Sangay National High School,"Sangay, Buenavista, Agusan del Norte",BUENAVISTA,2nd District,SANGAY,Public,Partially Urban,DepED Managed,JHS with SHS
CARAGA,Agusan del Norte,Buenavista III,317305,Lekda NHS (Guinabsan NHS Annex),LEKDA,BUENAVISTA,2nd District,SIMBALAN,Public,Partially Urban,DepED Managed,JHS with SHS
CARAGA,Agusan del Norte,Buenavista III,317315,Agong-ong National High School,"P4, Agong-ong",BUENAVISTA,2nd District,AGONG-ONG,Public,Partially Urban,DepED Managed,JHS with SHS
CARAGA,Agusan del Norte,Buenavista III,317317,Rizal National High School,"Purok 5, Brgy. Rizal, Buenavista, Agusan del Norte",BUENAVISTA,2nd District,RIZAL,Public,Partially Urban,DepED Managed,JHS with SHS
CARAGA,Agusan del Norte,Buenavista III,408371,"Saint Paul Academy of Agusan, Inc.",Purok 2,BUENAVISTA,2nd District,AGONG-ONG,Private,Partially Urban,Non-Sectarian,Purely ES
CARAGA,Agusan del Norte,Jabonga II,131427,A. Beltran ES,"P-3, A. Beltran, Jabonga, ADN",JABONGA,2nd District,A. BELTRAN (CAMALIG),Public,Partially Urban,DepED Managed,Purely ES
CARAGA,Agusan del Norte,Jabonga II,131428,Baleguian ES,BALEGUIAN,JABONGA,2nd District,BALEGUIAN,Public,Partially Urban,DepED Managed,Purely ES
CARAGA,Agusan del Norte,Jabonga II,131429,BANGONAY CES,Purok 1 Barangay Bangonay Jabonga Agusan del Norte,JABONGA,2nd District,BANGONAY,Public,Partially Urban,DepED Managed,Purely ES
CARAGA,Agusan del Norte,Jabonga II,131431,Colorado ES,"Purok 4, Colorado",JABONGA,2nd District,COLORADO,Public,Partially Urban,DepED Managed,Purely ES
CARAGA,Agusan del Norte,Jabonga II,131432,Cuyago ES,"Purok -4, Cuyago, Jabonga",JABONGA,2nd District,CUYAGO,Public,Partially Urban,DepED Managed,Purely ES
CARAGA,Agusan del Norte,Jabonga II,131434,Libas Elementary School,Purok 2,JABONGA,2nd District,LIBAS,Public,Partially Urban,DepED Managed,Purely ES
CARAGA,Agusan del Norte,Jabonga II,131436,Magsaysay ES,"Purok-2 Magsaysay, Jabonga, Agusan del Norte",JABONGA,2nd District,MAGSAYSAY,Public,Partially Urban,DepED Managed,Purely ES
CARAGA,Agusan del Norte,Jabonga II,131437,Maraiging ES,"Purok 1 Maraiging, Jabonga, Agusan del Norte",JABONGA,2nd District,MARAIGING,Public,Partially Urban,Local Government,Purely ES
CARAGA,Agusan del Norte,Jabonga II,131444,Tagbuaya ES,"P-9 SITIO TAGBUAYA, BANGONAY, JABONGA, A.D.N",JABONGA,2nd District,BANGONAY,Public,Partially Urban,DepED Managed,Purely ES
CARAGA,Agusan del Norte,Jabonga II,304678,Cuyago National High School,"-Purok 3, Cuyago, Jabonga, A.D.N.",JABONGA,2nd District,CUYAGO,Public,Partially Urban,DepED Managed,JHS with SHS
CARAGA,Agusan del Norte,Jabonga II,317319,Bangonay National High School,Purok 1,JABONGA,2nd District,BANGONAY,Public,Partially Urban,DepED Managed,JHS with SHS
CARAGA,Agusan del Norte,Tubay II,131581,Beto ES,P 4- Poblacion 2,TUBAY,2nd District,POBLACION 2,Public,Partially Urban,DepED Managed,Purely ES
CARAGA,Agusan del Norte,Tubay II,131584,Dona Rosario Central Elem. School,Purok-1,TUBAY,2nd District,DOÃ‘A ROSARIO,Public,Partially Urban,DepED Managed,Purely ES
CARAGA,Agusan del Norte,Tubay II,131585,DOÑA TELESFORA ES,PUROK-I,TUBAY,2nd District,DOÃ‘A TELESFORA,Public,Partially Urban,DepED Managed,Purely ES
CARAGA,Agusan del Norte,Tubay II,131588,RAM Elementary School,Sitio RAM,TUBAY,2nd District,DOÃ‘A TELESFORA,Public,Partially Urban,DepED Managed,Purely ES
CARAGA,Agusan del Norte,Tubay II,131589,Sta. Ana ES,PUROK I,TUBAY,2nd District,SANTA ANA,Public,Partially Urban,DepED Managed,Purely ES
CARAGA,Agusan del Norte,Tubay II,131590,Tagmamarkay ES,TAGMAMARKAY,TUBAY,2nd District,TAGMAMARKAY,Public,Partially Urban,DepED Managed,Purely ES
CARAGA,Agusan del Norte,Tubay II,131594,Victory ES,"PUROK 2, VICTORY, TUBAY",TUBAY,2nd District,VICTORY,Public,Partially Urban,DepED Managed,Purely ES
CARAGA,Agusan del Norte,Tubay II,317309,Dona Rosario National High School,P- 3,TUBAY,2nd District,DOÃ‘A ROSARIO,Public,Partially Urban,DepED Managed,JHS with SHS
CARAGA,Agusan del Norte,Buenavista IV,131549,Bagang ES,BAGANG,BUENAVISTA,2nd District,SIMBALAN,Public,Partially Urban,DepED Managed,Purely ES
CARAGA,Agusan del Norte,Buenavista IV,131553,Labong Elementary School,Labong,BUENAVISTA,2nd District,SIMBALAN,Public,Partially Urban,DepED Managed,Purely ES
CARAGA,Agusan del Norte,Buenavista IV,131554,Lekda Elementary School,Purok 9 Lekda,BUENAVISTA,2nd District,SIMBALAN,Public,Partially Urban,DepED Managed,Purely ES
CARAGA,Agusan del Norte,Buenavista IV,131555,Linao-Linao ES,Sitio Bulak,BUENAVISTA,2nd District,SANGAY,Public,Partially Urban,DepED Managed,Purely ES
CARAGA,Agusan del Norte,Buenavista IV,131557,Lower Olave ES,"P-2,Lower Olave, Buenavista, ADN",BUENAVISTA,2nd District,LOWER OLAVE,Public,Partially Urban,DepED Managed,Purely ES
CARAGA,Agusan del Norte,Buenavista IV,131562,Monteverde Elementary School,-p-11 Monteverde,BUENAVISTA,2nd District,SIMBALAN,Public,Partially Urban,DepED Managed,Purely ES
CARAGA,Agusan del Norte,Buenavista IV,131563,New Bohol ES,-,BUENAVISTA,2nd District,SANGAY,Public,Partially Urban,DepED Managed,Purely ES
CARAGA,Agusan del Norte,Buenavista IV,131564,Olave ES,-,BUENAVISTA,2nd District,LOWER OLAVE,Public,Partially Urban,DepED Managed,Purely ES
CARAGA,Agusan del Norte,Buenavista IV,131566,San Roque ES,kipundaw,BUENAVISTA,2nd District,SANGAY,Public,Partially Urban,DepED Managed,Purely ES
CARAGA,Agusan del Norte,Buenavista IV,131567,Sangay ES,Purok 2,BUENAVISTA,2nd District,SANGAY,Public,Partially Urban,DepED Managed,Purely ES
CARAGA,Agusan del Norte,Buenavista IV,131568,Simbalan Central ES,-,BUENAVISTA,2nd District,SIMBALAN,Public,Partially Urban,DepED Managed,Purely ES
CARAGA,Agusan del Norte,Buenavista IV,131571,Tapnigue ES,Tapnigue,BUENAVISTA,2nd District,SANGAY,Public,Partially Urban,DepED Managed,Purely ES
CARAGA,Agusan del Norte,Buenavista IV,211503,Cabayugan ES,Cabayugan,BUENAVISTA,2nd District,SIMBALAN,Public,Partially Urban,DepED Managed,Purely ES
CARAGA,Agusan del Norte,Buenavista IV,211506,Datu Saldong Domino ES,"TAGPANGI, SIMBALAN, AGUSAN DEL NORTE",BUENAVISTA,2nd District,SIMBALAN,Public,Partially Urban,DepED Managed,Purely ES
CARAGA,Agusan del Sur,Bunawan I,131647,Agpan Elementary School,"Sitio, Agpan,Imelda,Bunawan,ADS",BUNAWAN,2nd District,IMELDA,Public,Partially Urban,DepED Managed,Purely ES
CARAGA,Agusan del Sur,Bunawan I,131648,Antioquia Elementary School,"-Antioquia,Libertad,Bunawan ADS",BUNAWAN,2nd District,LIBERTAD,Public,Partially Urban,DepED Managed,Purely ES
CARAGA,Agusan del Sur,Bunawan I,131649,Babadan Elementary School,"P-5, Babadan,Libertad Bunawan Agusan del Sur",BUNAWAN,2nd District,LIBERTAD,Public,Partially Urban,DepED Managed,Purely ES
CARAGA,Agusan del Sur,Bunawan I,131650,Brookside Elementary School,PUROK 1,BUNAWAN,2nd District,BUNAWAN BROOK,Public,Partially Urban,DepED Managed,Purely ES
CARAGA,Agusan del Sur,Bunawan I,131652,East Bunawan CES with SPED Program,"Purok 1,",BUNAWAN,2nd District,SAN TEODORO,Public,Partially Urban,DepED Managed,Purely ES
CARAGA,Agusan del Sur,Bunawan I,131654,Hubang Elementary School,"HUBANG,POBLACION,BUNAWAN,ADS",BUNAWAN,2nd District,POBLACION,Public,Partially Urban,DepED Managed,Purely ES
CARAGA,Agusan del Sur,Bunawan I,131655,Imelda ES,Purok 1,BUNAWAN,2nd District,IMELDA,Public,Partially Urban,DepED Managed,Purely ES
CARAGA,Agusan del Sur,Bunawan I,131657,Libertad ES,"Libertad, Bunawan, Agusan del Sur",BUNAWAN,2nd District,LIBERTAD,Public,Partially Urban,DepED Managed,Purely ES
CARAGA,Agusan del Sur,Bunawan I,131663,Tagbayangbang Elementary School,"TAGBAYANGBANG, BUNAWAN BROOK,ADS",BUNAWAN,2nd District,BUNAWAN BROOK,Public,Partially Urban,DepED Managed,Purely ES
CARAGA,Agusan del Sur,Bunawan I,304709,Bunawan National High School,Bunawan Highway,BUNAWAN,2nd District,SAN TEODORO,Public,Partially Urban,DepED Managed,JHS with SHS
CARAGA,Agusan del Sur,Bunawan I,304718,Libertad NHS,"P3 Libertad, Bunawan, Agusan del Sur",BUNAWAN,2nd District,LIBERTAD,Public,Partially Urban,DepED Managed,JHS with SHS
CARAGA,Agusan del Sur,Bunawan I,405819,"Asian Skills Academy Foundation, Inc.","Purok 5-B, Poblacion, Trento, Agusan del Sur",TRENTO,Lone District,POBLACION,Private,Partially Urban,Sectarian,Purely SHS
CARAGA,Agusan del Sur,Bunawan I,405821,"Computer Research Network, Inc.-Main Campus","Poblacion, Trento, Agusan del Sur",TRENTO,Lone District,POBLACION,Private,Partially Urban,Non-Sectarian,Purely SHS
CARAGA,Agusan del Sur,Bunawan I,405823,"Informatic Computer Institute of Agusan del Sur, Inc","Center Island, San Francisco, Agusan del Sur",SAN FRANCISCO,2nd District,BARANGAY 3 (POB.),Private,Partially Urban,Non-Sectarian,Purely SHS
CARAGA,Agusan del Sur,Bunawan I,407679,"AMA Computer Learning Center of Agusan Del Sur, Inc.",Roxas Street,SAN FRANCISCO,Lone District,BARANGAY 4 (POB.),Private,Partially Urban,Sectarian,Purely SHS
CARAGA,Agusan del Sur,Bunawan I,472003,"Bunawan Agusan del Sur Light and Life Learning Center, Inc.",poblacion,BUNAWAN,Lone District,SAN TEODORO,Private,Partially Urban,Sectarian,Purely ES
CARAGA,Agusan del Sur,Bunawan I,472033,"St. Joseph Learning Center-Bunawan, Inc.",PUROK 4,BUNAWAN,2nd District,POBLACION,Private,Partially Urban,Non-Sectarian,Purely ES
CARAGA,Agusan del Sur,Esperanza I,131666,Agsabo Elementary School,-,ESPERANZA,1st District,AGSABU,Public,Partially Urban,DepED Managed,Purely ES
CARAGA,Agusan del Sur,Esperanza I,131667,Bakingking Elementary School,-,ESPERANZA,1st District,BAKINGKING,Public,Partially Urban,DepED Managed,Purely ES
CARAGA,Agusan del Sur,Esperanza I,131673,ESPERANZA CENTRAL ELEMENTARY SCHOOL,ROMAO ST,ESPERANZA,1st District,POBLACION,Public,Partially Urban,DepED Managed,Purely ES
CARAGA,Agusan del Sur,Esperanza I,131675,Hawilian ES,"Purok 1 Hawilian, Esperanza",ESPERANZA,1st District,HAWILIAN,Public,Partially Urban,DepED Managed,Purely ES
CARAGA,Agusan del Sur,Esperanza I,131676,Imelda ES,-Purok-6,ESPERANZA,1st District,MAHAGCOT,Public,Partially Urban,DepED Managed,Purely ES
CARAGA,Agusan del Sur,Esperanza I,131678,Kinamaybay Elementary School,Purok 1,ESPERANZA,1st District,KINAMAYBAY,Public,Partially Urban,DepED Managed,Purely ES
CARAGA,Agusan del Sur,Esperanza I,131679,Kubo ES,"Cubo, Esperanza, Agusan del Sur",ESPERANZA,1st District,CUBO,Public,Partially Urban,DepED Managed,Purely ES
CARAGA,Agusan del Sur,Esperanza I,131680,Langag ES,Purok 5 Langag,ESPERANZA,1st District,LANGAG,Public,Partially Urban,DepED Managed,Purely ES
CARAGA,Agusan del Sur,Esperanza I,131683,New Gingoog ES,-,ESPERANZA,1st District,NEW GINGOOG,Public,Partially Urban,DepED Managed,Purely ES
CARAGA,Agusan del Sur,Esperanza I,131686,Remedios ES,-,ESPERANZA,1st District,REMEDIOS,Public,Partially Urban,DepED Managed,Purely ES
CARAGA,Agusan del Sur,Esperanza I,131688,San Isidro ES,"Purok 1,San Isidro",ESPERANZA,1st District,SAN ISIDRO,Public,Partially Urban,DepED Managed,Purely ES
CARAGA,Agusan del Sur,Esperanza I,131689,SAN JOSE ELEMENTARY SCHOOL,p-6 SAN JOSE,ESPERANZA,1st District,MAASIN,Public,Partially Urban,DepED Managed,Purely ES
CARAGA,Agusan del Sur,Esperanza I,131692,Skyline Elementary School,Purok 6,ESPERANZA,1st District,TAGABASE,Public,Partially Urban,DepED Managed,Purely ES
CARAGA,Agusan del Sur,Esperanza I,131694,Tag-anahaw Elementary School,-,ESPERANZA,1st District,TAGANAHAW,Public,Partially Urban,DepED Managed,Purely ES
CARAGA,Agusan del Sur,Esperanza I,136995,Salimahan IP School,"P-5 Balobo, Dunaguit, Esperanza, Agusan del Sur",ESPERANZA,1st District,BALUBO,Public,Partially Urban,DepED Managed,Purely ES
CARAGA,Agusan del Sur,Esperanza I,304712,Esperanza National High School,"Poblacion, Esperanza, Agusan del Sur",ESPERANZA,1st District,POBLACION,Public,Partially Urban,DepED Managed,JHS with SHS
CARAGA,Agusan del Sur,Esperanza I,317414,Hawilian National High School,"P-4 Hawilian, Esperanza, Agusan del Sur",ESPERANZA,1st District,HAWILIAN,Public,Partially Urban,DepED Managed,JHS with SHS
CARAGA,Agusan del Sur,Esperanza I,317423,Nato National High School,Purok 6,ESPERANZA,1st District,NATO,Public,Partially Urban,DepED Managed,JHS with SHS
CARAGA,Agusan del Sur,Esperanza I,317425,Oro Nhs,P3,ESPERANZA,1st District,ORO,Public,Partially Urban,DepED Managed,JHS with SHS
CARAGA,Agusan del Sur,Esperanza I,409187,"Esperanza Light and Life Christian Learning Center, Inc.","P-9, Santol St., Poblacion, Esperanza, Agusan del Sur",ESPERANZA,1st District,POBLACION,Private,Partially Urban,Sectarian,Purely ES
CARAGA,Agusan del Sur,Esperanza I,472020,Saint Ignatius Learning Center-Esperanza,"Poblacion, Esperanza Agusan del Sur",ESPERANZA,Lone District,POBLACION,Private,Partially Urban,Sectarian,Purely ES
CARAGA,Agusan del Sur,Esperanza I,501285,Maasin Integrated School,"Brgy. Maasin, Esperanza, Agusan del Sur",ESPERANZA,1st District,MAASIN,Public,Partially Urban,DepED Managed,ES and JHS (K to 10)
CARAGA,Agusan del Sur,Esperanza I,501290,Balobo Integrated School,"Brgy. Balobo, Esperanza, Agusan del Sur",ESPERANZA,1st District,MAASIN,Public,Partially Urban,DepED Managed,ES and JHS (K to 10)
CARAGA,Agusan del Sur,Esperanza I,501291,Bentahon Integrated School,"Brgy. Bentahon, Esperanza, Agusan del Sur",ESPERANZA,1st District,BENTAHON,Public,Partially Urban,DepED Managed,ES and JHS (K to 10)
CARAGA,Agusan del Sur,Esperanza I,501294,Anolingan Integrated School,"Brgy. Anolingan, Esperanza, Agusan del Sur",ESPERANZA,1st District,ANOLINGAN,Public,Partially Urban,DepED Managed,ES and JHS (K to 10)
CARAGA,Agusan del Sur,Esperanza II,131697,Batac Elementary School,"-Batac, San Toribio, Esperanza, Agusan del Sur",ESPERANZA,1st District,SAN TORIBIO,Public,Partially Urban,DepED Managed,Purely ES
CARAGA,Agusan del Sur,Esperanza II,131698,Casanaag Elementary School,-,ESPERANZA,1st District,GUADALUPE,Public,Partially Urban,DepED Managed,Purely ES
CARAGA,Agusan del Sur,Esperanza II,131700,Cebulan Elementary School,P-2,ESPERANZA,1st District,CEBULAN,Public,Partially Urban,DepED Managed,Purely ES
CARAGA,Agusan del Sur,Esperanza II,131701,Concordia Elemenrary School,"Purok 1, Concordia, Esperanza, Agusan del Sur",ESPERANZA,1st District,CONCORDIA,Public,Partially Urban,DepED Managed,Purely ES
CARAGA,Agusan del Sur,Esperanza II,131702,Duangan ES,Purok 1,ESPERANZA,1st District,DUANGAN,Public,Partially Urban,DepED Managed,Purely ES
CARAGA,Agusan del Sur,Esperanza II,131703,Guadalupe CES,"P.2, Guadalupe, Esperanza, Agusan del Sur",ESPERANZA,1st District,GUADALUPE,Public,Partially Urban,DepED Managed,Purely ES
CARAGA,Agusan del Sur,Esperanza II,131704,Labao Elementary School,"P-2, Barangay Labao, Esperanza",ESPERANZA,1st District,LABAO,Public,Partially Urban,DepED Managed,Purely ES
CARAGA,Agusan del Sur,Esperanza II,131705,Maliwanag ES,-Purok 1 Maliwanag Esperanza Agusan del Sur,ESPERANZA,1st District,MALIWANAG,Public,Partially Urban,DepED Managed,Purely ES
CARAGA,Agusan del Sur,Esperanza II,131706,Datu Mankumbate Elementary School,P1 Mac-Arthur Esperanza Agusan del Sur,ESPERANZA,1st District,MAC-ARTHUR,Public,Partially Urban,DepED Managed,Purely ES
CARAGA,Agusan del Sur,Esperanza II,131708,Odiong Elementary School,Purok-1,ESPERANZA,1st District,ODIONG,Public,Partially Urban,DepED Managed,Purely ES
CARAGA,Agusan del Sur,Esperanza II,131709,Oro ES,-Purok 2,ESPERANZA,1st District,ORO,Public,Partially Urban,DepED Managed,Purely ES
CARAGA,Agusan del Sur,Esperanza II,131710,Makalindang PS,"Purok 2,San Jose,Esperanza ADS",ESPERANZA,1st District,SAN JOSE,Public,Partially Urban,DepED Managed,Purely ES
CARAGA,Agusan del Sur,Esperanza II,131711,San Toribio ES,"P- San Toribio, Esperanza, Agusan del SUr",ESPERANZA,1st District,SAN TORIBIO,Public,Partially Urban,DepED Managed,Purely ES
CARAGA,Agusan del Sur,Esperanza II,131712,Segunda ES,-,ESPERANZA,1st District,SEGUNDA,Public,Partially Urban,DepED Managed,Purely ES
CARAGA,Agusan del Sur,Esperanza II,131713,Tahina Elementary School,"P3 Tahina, Esperanza, Agusan del Sur",ESPERANZA,1st District,TAHINA,Public,Partially Urban,DepED Managed,Purely ES
CARAGA,Agusan del Sur,Esperanza II,131714,Tandang Sora Elementary School,Purok IA Tandang Sora,ESPERANZA,1st District,TANDANG SORA,Public,Partially Urban,DepED Managed,Purely ES
CARAGA,Agusan del Sur,Esperanza II,212001,Aguinaldo Elementary School,P-2,ESPERANZA,1st District,AGUINALDO,Public,Partially Urban,DepED Managed,Purely ES
CARAGA,Agusan del Sur,Esperanza II,212007,Valentina Elementary School,-,ESPERANZA,1st District,VALENTINA,Public,Partially Urban,DepED Managed,Purely ES
CARAGA,Agusan del Sur,Esperanza II,212011,Kahusayan ES,P-3,ESPERANZA,1st District,ORO,Public,Partially Urban,DepED Managed,Purely ES
CARAGA,Agusan del Sur,Esperanza II,212072,DOP KIBUKAY IP SCHOOL (IPA),P-13,ESPERANZA,1st District,GUADALUPE,Public,Partially Urban,DepED Managed,Purely ES
CARAGA,Agusan del Sur,Esperanza II,304713,Guadalupe NHS,"Guadalupe, Esperanza, Agusan del Sur",ESPERANZA,1st District,GUADALUPE,Public,Partially Urban,DepED Managed,JHS with SHS
CARAGA,Agusan del Sur,Esperanza II,317415,San Toribio NHS,"-San Toribio, Esperanza, Agusan Sur",ESPERANZA,1st District,SAN TORIBIO,Public,Partially Urban,DepED Managed,JHS with SHS
CARAGA,Agusan del Sur,Esperanza II,317424,Duangan Nhs,"Purok 1, Duangan",ESPERANZA,1st District,DUANGAN,Public,Partially Urban,DepED Managed,JHS with SHS
CARAGA,Agusan del Sur,Esperanza II,317439,Sta. Fe National High School,P-5,ESPERANZA,1st District,SANTA FE,Public,Partially Urban,DepED Managed,JHS with SHS
CARAGA,Agusan del Sur,Loreto North,131717,D.O. Plaza Elementary School,Mambaos,LORETO,2nd District,POBLACION,Public,Partially Urban,DepED Managed,Purely ES
CARAGA,Agusan del Sur,Loreto North,131721,Guitas ES,-Sitio,LORETO,2nd District,WALOE,Public,Partially Urban,DepED Managed,Purely ES
CARAGA,Agusan del Sur,Loreto North,131723,Jandayugong ES,Sitio Jandayugong Poblacion,LORETO,2nd District,POBLACION,Public,Partially Urban,DepED Managed,Purely ES
CARAGA,Agusan del Sur,Loreto North,131725,Kasapa ES,Purok 1,LORETO,2nd District,KASAPA,Public,Partially Urban,DepED Managed,Purely ES
CARAGA,Agusan del Sur,Loreto North,131726,Katipunan ES,BRGY. KATIPUNAN,LORETO,2nd District,KATIPUNAN,Public,Partially Urban,DepED Managed,Purely ES
CARAGA,Agusan del Sur,Loreto North,131728,Kiawan ES,"-Purok 1,Poblacion Kiawan,Loreto Agusan del Sur",LORETO,2nd District,POBLACION,Public,Partially Urban,DepED Managed,Purely ES
CARAGA,Agusan del Sur,Loreto North,131730,Loreto Central Elem School,"Pob. Loreto, Agusan del Sur",LORETO,1st District,POBLACION,Public,Partially Urban,DepED Managed,Purely ES
CARAGA,Agusan del Sur,Loreto North,131732,Magaud ES,"P-3,Magaud,Loreto, Agu. Del Sur",LORETO,2nd District,MAGAUD,Public,Partially Urban,DepED Managed,Purely ES
CARAGA,Agusan del Sur,Loreto North,131733,Manawe ES,-Sitio Manawe,LORETO,2nd District,SANTO TOMAS,Public,Partially Urban,DepED Managed,Purely ES
CARAGA,Agusan del Sur,Loreto North,131735,Moto ES,-Sitio Moto,LORETO,2nd District,POBLACION,Public,Partially Urban,DepED Managed,Purely ES
CARAGA,Agusan del Sur,Loreto North,131737,Nueva Gracia ES,-,LORETO,2nd District,NUEVA GRACIA,Public,Partially Urban,DepED Managed,Purely ES
CARAGA,Agusan del Sur,Loreto North,131738,Paciencia ES,Purok 4,LORETO,2nd District,SAN VICENTE,Public,Partially Urban,DepED Managed,Purely ES
CARAGA,Agusan del Sur,Loreto North,131745,Sto. Tomas Elementary School,"P-1, Sto. Tomas",LORETO,2nd District,SANTO TOMAS,Public,Partially Urban,DepED Managed,Purely ES
CARAGA,Agusan del Sur,Loreto North,131746,Violanta Elementary School,-PUROK 2,LORETO,2nd District,VIOLANTA,Public,Partially Urban,DepED Managed,Purely ES
CARAGA,Agusan del Sur,Loreto North,131747,Waloe Elementary School,-,LORETO,2nd District,WALOE,Public,Partially Urban,DepED Managed,Purely ES
CARAGA,Agusan del Sur,Loreto North,136975,Damayon IP School,"Kasapa II, Loreto, Agusan del Sur",LORETO,2nd District,KASAPA,Public,Partially Urban,DepED Managed,Purely ES
CARAGA,Agusan del Sur,Loreto North,136977,Datu Casal Elementary School,"Bugdangan, Loreto, Agusan del Sur",LORETO,2nd District,BINUCAYAN,Public,Partially Urban,DepED Managed,Purely ES
CARAGA,Agusan del Sur,Loreto North,136981,Don Enesterio S. Otaza Elementary School,"Brgy. Waloe, Loreto, Agusan del Sur",LORETO,2nd District,WALOE,Public,Partially Urban,DepED Managed,Purely ES
CARAGA,Agusan del Sur,Loreto North,136983,Ilo-an Elementary School,"Sitio Ilo-an, Poblacion, Loreto, Agusan del Sur",LORETO,2nd District,POBLACION,Public,Partially Urban,DepED Managed,Purely ES
CARAGA,Agusan del Sur,Loreto North,136985,Kapda IP School,"Kapda, Sabud, Loreto, Agusan del Sur",LORETO,2nd District,SABUD,Public,Partially Urban,DepED Managed,Purely ES
CARAGA,Agusan del Sur,Loreto North,136990,Lumad Elementary School,"Sitio Lumad, San Vicente, Loreto, Agusan del Sur",LORETO,2nd District,SAN VICENTE,Public,Partially Urban,DepED Managed,Purely ES
CARAGA,Agusan del Sur,Loreto North,136993,Pan-ajatan Elementary School,"Sitio Pan-ajatan, Kasapa I, Loreto, Agusan del Sur",LORETO,2nd District,KASAPA,Public,Partially Urban,DepED Managed,Purely ES
CARAGA,Agusan del Sur,Loreto North,136997,Tagbalihaw Elementary School,"Sitio Tagbalihaw, Kasapa I, Loreto, Agusan del Sur",LORETO,2nd District,KASAPA,Public,Partially Urban,DepED Managed,Purely ES
CARAGA,Agusan del Sur,Loreto North,212023,Sikat Mactan ES,"Brgy. KASAPA, LORETO, ADS",LORETO,2nd District,KASAPA,Public,Partially Urban,DepED Managed,Purely ES
CARAGA,Agusan del Sur,Loreto North,212047,SIKAT PANLABUAN PS,panlabuhan,LORETO,2nd District,POBLACION,Public,Partially Urban,DepED Managed,Purely ES
CARAGA,Agusan del Sur,Loreto North,212067,MAXIMO MAGADAN MEMORIAL ES,"KAPDA,SABUD, LORETO, ADS",LORETO,2nd District,KASAPA,Public,Partially Urban,DepED Managed,Purely ES
CARAGA,Agusan del Sur,Loreto North,304708,Binucayan National High School,Purok 1,LORETO,2nd District,BINUCAYAN,Public,Partially Urban,DepED Managed,JHS with SHS
CARAGA,Agusan del Sur,Loreto North,304714,Kasapa National High School,Purok 1,LORETO,2nd District,KASAPA,Public,Partially Urban,DepED Managed,JHS with SHS
CARAGA,Agusan del Sur,Loreto North,304715,Waloe National High School,"Purok 2, Brgy. Waloe",LORETO,2nd District,WALOE,Public,Partially Urban,DepED Managed,JHS with SHS
CARAGA,Agusan del Sur,Loreto North,304719,Loreto NHS,Miel st.,LORETO,2nd District,POBLACION,Public,Partially Urban,DepED Managed,JHS with SHS
CARAGA,Agusan del Sur,Loreto North,304751,STO. TOMAS NATIONAL HIGH SCHOOL,purok 3,LORETO,2nd District,SANTO TOMAS,Public,Partially Urban,DepED Managed,JHS with SHS
CARAGA,Agusan del Sur,Loreto North,317427,Nueva Gracia Nhs,brgy nueva gracia,LORETO,2nd District,NUEVA GRACIA,Public,Partially Urban,DepED Managed,JHS with SHS
CARAGA,Agusan del Sur,Loreto North,317431,Magaud National High School,"Magaud, Loreto,Agusan del Sur",LORETO,2nd District,MAGAUD,Public,Partially Urban,DepED Managed,JHS with SHS
CARAGA,Agusan del Sur,Loreto North,317446,San Vicente National High School,Purok 1 San Vicente Loreto Agusan del Sur,LORETO,2nd District,SAN VICENTE,Public,Partially Urban,DepED Managed,JHS with SHS
CARAGA,Agusan del Sur,Loreto North,317447,KAUSWAGAN National High School,"Purok 5, Kauswagan, Loreto, Agusan del Sur",LORETO,2nd District,KAUSWAGAN,Public,Partially Urban,DepED Managed,JHS with SHS
CARAGA,Agusan del Sur,Loreto North,410241,"Caraga Heart and Mind Foundation, Inc.","Kapda, Sabud, Loreto, Agusan del Sur",LORETO,2nd District,SABUD,Private,Partially Urban,Non-Sectarian,Purely JHS
CARAGA,Agusan del Sur,La Paz I,131750,Comota Elementary School,Purok 2,LA PAZ,2nd District,COMOTA,Public,Partially Urban,DepED Managed,Purely ES
CARAGA,Agusan del Sur,La Paz I,131754,Kimondo ES,"Villapaz, La Paz, Agusan del Sur",LA PAZ,2nd District,VILLA PAZ,Public,Partially Urban,DepED Managed,Purely ES
CARAGA,Agusan del Sur,La Paz I,131756,La Paz CES,"P - 3 Poblacion, La Paz, Agusan del Sur",LA PAZ,2nd District,POBLACION,Public,Partially Urban,DepED Managed,Purely ES
CARAGA,Agusan del Sur,La Paz I,131758,Log Pond 3 PS,"P-14 Poblacion, La Paz, Agusan del Sur",LA PAZ,2nd District,POBLACION,Public,Partially Urban,DepED Managed,Purely ES
CARAGA,Agusan del Sur,La Paz I,131760,Lydia ES,"P-3, Lydia, La Paz, Agusan del Sur",LA PAZ,2nd District,LYDIA,Public,Partially Urban,DepED Managed,Purely ES
CARAGA,Agusan del Sur,La Paz I,131762,Magboya ES,Purok 6,LA PAZ,2nd District,COMOTA,Public,Partially Urban,DepED Managed,Purely ES
CARAGA,Agusan del Sur,La Paz I,131763,Maitom ES,"P-1,Maitom,Villapaz, La Paz, Agusan del Sur",LA PAZ,2nd District,VILLA PAZ,Public,Partially Urban,DepED Managed,Purely ES
CARAGA,Agusan del Sur,La Paz I,131766,Sabang Adgawan Elementary School,-P-3,LA PAZ,2nd District,SABANG ADGAWAN,Public,Partially Urban,DepED Managed,Purely ES
CARAGA,Agusan del Sur,La Paz I,131768,San Patricio ES,"P-1, San Patricio, La Paz, Agusan sur",LA PAZ,2nd District,SAN PATRICIO,Public,Partially Urban,DepED Managed,Purely ES
CARAGA,Agusan del Sur,La Paz I,131769,Taga-Ilog Elementary School,"Osmena, La Paz, Agusan del Sur",LA PAZ,2nd District,"OSMEÃ‘A, SR.",Public,Partially Urban,DepED Managed,Purely ES
CARAGA,Agusan del Sur,La Paz I,131770,Ticgon Elementary School,-,LA PAZ,2nd District,SABANG ADGAWAN,Public,Partially Urban,DepED Managed,Purely ES
CARAGA,Agusan del Sur,La Paz I,136986,Libon Elementary School,"Sitio Libon, Lydia, La Paz, Agusan del Sur",LA PAZ,2nd District,LYDIA,Public,Partially Urban,DepED Managed,Purely ES
CARAGA,Agusan del Sur,La Paz I,136988,Liwangwangan Elementary School,"Sitio Liwangwangan, Lydia, La Paz, Agusan del Sur",LA PAZ,2nd District,LYDIA,Public,Partially Urban,DepED Managed,Purely ES
CARAGA,Agusan del Sur,La Paz I,212018,Munez PS,"Sitio Liyo, Lydia, La Paz Agusan del Sur",LA PAZ,2nd District,LYDIA,Public,Partially Urban,DepED Managed,Purely ES
CARAGA,Agusan del Sur,La Paz I,212024,Mambagongon PS,"P.5B, Poblacion",LA PAZ,2nd District,POBLACION,Public,Partially Urban,DepED Managed,Purely ES
CARAGA,Agusan del Sur,La Paz I,212034,Tagyago Elementary School,"Sitio Tagyago, Osmena, La Paz, Agusan del Sur",LA PAZ,2nd District,"OSMEÃ‘A, SR.",Public,Partially Urban,DepED Managed,Purely ES
CARAGA,Agusan del Sur,La Paz I,212069,DOP MANGUICAO IP SCHOOL (IPA),"MANGUICAO,LYDIA,LA PAZ,AGUSAN DEL SUR",LA PAZ,2nd District,SAGUNTO,Public,Partially Urban,DepED Managed,Purely ES
CARAGA,Agusan del Sur,La Paz I,304716,La Paz NHS,"Poblacion, La Paz, Agusan del Sur",LA PAZ,2nd District,POBLACION,Public,Partially Urban,DepED Managed,JHS with SHS
CARAGA,Agusan del Sur,La Paz I,317401,Panagangan NHS,Purok 3A,LA PAZ,2nd District,PANAGANGAN,Public,Partially Urban,DepED Managed,JHS with SHS
CARAGA,Agusan del Sur,La Paz I,405933,Mindanao Christian Academy,Panagangan,LA PAZ,Lone District,PANAGANGAN,Private,Partially Urban,Non-Sectarian,Purely JHS
CARAGA,Agusan del Sur,La Paz I,409328,"Light and Life Learning Center, Inc.","P-2, Poblacion Lapaz, Agusan del Sur",LA PAZ,Lone District,POBLACION,Private,Partially Urban,Sectarian,Purely ES
CARAGA,Agusan del Sur,Prosperidad I,131775,East Prosperidad Central Elementary School,"Purok 9, Poblacion, Prosperidad, Agusan del Sur",PROSPERIDAD (Capital),1st District,POBLACION (BAHBAH),Public,Partially Urban,DepED Managed,Purely ES
CARAGA,Agusan del Sur,Prosperidad I,131780,Mapaga Elementary School,"P-1,Mapaga ,Prosperidad,Agusan del Sur",PROSPERIDAD (Capital),1st District,MAPAGA,Public,Partially Urban,DepED Managed,Purely ES
CARAGA,Agusan del Sur,Prosperidad I,131790,Awa Elementary School,"-P3, Awa, Prosperidad, Agusan del Sur",PROSPERIDAD (Capital),1st District,AWA,Public,Partially Urban,DepED Managed,Purely ES
CARAGA,Agusan del Sur,Prosperidad I,131791,Azpetia Elementary School,"-P-2.Azpetia ,Prosperidad,ADS",PROSPERIDAD (Capital),1st District,AZPETIA,Public,Partially Urban,DepED Managed,Purely ES
CARAGA,Agusan del Sur,Prosperidad I,131792,Dona Rosario ES,"P-3, San Salvador, Prosperidad, Agusan del Sur",PROSPERIDAD (Capital),1st District,SAN SALVADOR,Public,Partially Urban,DepED Managed,Purely ES
CARAGA,Agusan del Sur,Prosperidad I,131803,New Maug Elementary School,Purok 2,PROSPERIDAD (Capital),1st District,NEW MAUG,Public,Partially Urban,DepED Managed,Purely ES
CARAGA,Agusan del Sur,Prosperidad I,131805,Salimbogaon ES,Purok 2 Salimbogaon,PROSPERIDAD (Capital),1st District,SALIMBOGAON,Public,Partially Urban,DepED Managed,Purely ES
CARAGA,Agusan del Sur,Prosperidad I,212002,La Suerte ES,Purok 2,PROSPERIDAD (Capital),1st District,LA SUERTE,Public,Partially Urban,DepED Managed,Purely ES
CARAGA,Agusan del Sur,Prosperidad I,212019,Puting Buhangin ES,-Purok 20,PROSPERIDAD (Capital),1st District,POBLACION (BAHBAH),Public,Partially Urban,DepED Managed,Purely ES
CARAGA,Agusan del Sur,Prosperidad I,304731,Prosperidad NHS,Purok 22,PROSPERIDAD (Capital),1st District,POBLACION (BAHBAH),Public,Partially Urban,DepED Managed,JHS with SHS
CARAGA,Agusan del Sur,Prosperidad I,317404,San Vicente NHS,Purok 2,PROSPERIDAD (Capital),1st District,SAN VICENTE,Public,Partially Urban,DepED Managed,JHS with SHS
CARAGA,Agusan del Sur,Prosperidad I,317405,Azpetia Natioal High School,"P-1, Azpetia, Prosperidad, Agusan del Sur",PROSPERIDAD (Capital),1st District,AZPETIA,Public,Partially Urban,DepED Managed,JHS with SHS
CARAGA,Agusan del Sur,Prosperidad I,405934,"Father Urios High School - Prosperidad - ADS, Inc. (Prosperidad)","Poblacion, Prosperidad, Agusan del Sur",PROSPERIDAD (Capital),Lone District,POBLACION (BAHBAH),Private,Partially Urban,Sectarian,Purely JHS
CARAGA,Agusan del Sur,Prosperidad I,405942,Saint Paul Academy,Purok 21,PROSPERIDAD (Capital),Lone District,POBLACION (BAHBAH),Private,Partially Urban,Sectarian,Purely ES
CARAGA,Agusan del Sur,Prosperidad I,407682,EVAN CHRISTIAN LEARNING CENTER OF PROSPERIDAD AGUSAN DEL SUR INC,PUROK 12 POBLACION,PROSPERIDAD (Capital),2nd District,POBLACION (BAHBAH),Private,Partially Urban,Non-Sectarian,Purely ES
CARAGA,Agusan del Sur,Prosperidad I,409712,"Archangel Michael Education Center, Inc.","P-14, Poblacion, Prosperidad, Agusan del Sur",PROSPERIDAD (Capital),1st District,POBLACION (BAHBAH),Private,Partially Urban,Sectarian,Purely ES
CARAGA,Agusan del Sur,Prosperidad I,472004,Light and Life Learning Center,P-13,PROSPERIDAD (Capital),2nd District,POBLACION (BAHBAH),Private,Partially Urban,Sectarian,Purely ES
CARAGA,Agusan del Sur,Prosperidad I,472006,Prosperidad Adventist Learning Center,purok 10,PROSPERIDAD (Capital),Lone District,POBLACION (BAHBAH),Private,Partially Urban,Sectarian,Purely ES
CARAGA,Agusan del Sur,Prosperidad I,472036,Southway College of Technology,Poblacion San Francisco,PROSPERIDAD (Capital),1st District,POBLACION (BAHBAH),Private,Partially Urban,Non-Sectarian,JHS with SHS
CARAGA,Agusan del Sur,Prosperidad I,600105,PHILIPPINE NORMAL UNIVERSITY,"Poblacion, Prosperidad, Agusan del Sur",PROSPERIDAD (Capital),1st District,POBLACION (BAHBAH),SUCs/LUCs,Partially Urban,SUC Managed,Purely ES
CARAGA,Agusan del Sur,Prosperidad II,131771,Asuncion Elementary School,"-Purok-1, La Perian, Prosperidad, Ag. Sur",PROSPERIDAD (Capital),1st District,LA PERIAN,Public,Partially Urban,DepED Managed,Purely ES
CARAGA,Agusan del Sur,Prosperidad II,131782,Pakwan ES,P-1 San Joaquin Prosperidad Agusan Del Sur,PROSPERIDAD (Capital),1st District,SAN JOAQUIN,Public,Partially Urban,DepED Managed,Purely ES
CARAGA,Agusan del Sur,Prosperidad II,131784,San Jose ES,"Purok 2, San Jose",PROSPERIDAD (Capital),1st District,SAN JOSE,Public,Partially Urban,DepED Managed,Purely ES
CARAGA,Agusan del Sur,Prosperidad II,131796,La Purisima Elementary Schhol,"-Purok 1, La Purisima,Prosperidad,Ag. Sur",PROSPERIDAD (Capital),1st District,LA PURISIMA,Public,Partially Urban,DepED Managed,Purely ES
CARAGA,Agusan del Sur,Prosperidad II,131801,Mikit ES,Purok 4 Mikit San Martin Pros.Agusan Del Sur,PROSPERIDAD (Capital),1st District,SAN MARTIN,Public,Partially Urban,DepED Managed,Purely ES
CARAGA,Agusan del Sur,Prosperidad II,131802,New Maasin ES,New Maasin,PROSPERIDAD (Capital),1st District,SAN MARTIN,Public,Partially Urban,DepED Managed,Purely ES
CARAGA,Agusan del Sur,Prosperidad II,131808,San Martin ES,"P-1,San Martin,Prosperidad,Agusan del Sur",PROSPERIDAD (Capital),1st District,SAN MARTIN,Public,Partially Urban,DepED Managed,Purely ES
CARAGA,Agusan del Sur,Prosperidad II,131809,Sta Irene Central ES,Purok 12,PROSPERIDAD (Capital),1st District,SANTA IRENE,Public,Partially Urban,DepED Managed,Purely ES
CARAGA,Agusan del Sur,Prosperidad II,131810,Sta. Maria Elementary School,"-Purok 5, Sta. Maria, Prosperidad, Agusan del Sur",PROSPERIDAD (Capital),1st District,SANTA MARIA,Public,Partially Urban,DepED Managed,Purely ES
CARAGA,Agusan del Sur,Prosperidad II,304721,Mabuhay National High School,Purok 2,PROSPERIDAD (Capital),1st District,MABUHAY,Public,Partially Urban,DepED Managed,JHS with SHS
CARAGA,Agusan del Sur,Prosperidad II,304749,Sta. Irene National High School,purok 7,PROSPERIDAD (Capital),1st District,SANTA IRENE,Public,Partially Urban,DepED Managed,JHS with SHS
CARAGA,Agusan del Sur,Prosperidad II,305480,SAN MARTIN NATIONAL HIGH SCHOOL,"San Martin, Prosperidad, Agusan del Sur",PROSPERIDAD (Capital),1st District,SAN MARTIN,Public,Partially Urban,DepED Managed,JHS with SHS
CARAGA,Agusan del Sur,Prosperidad II,317430,San Jose NHS,"P-2, San Jose",PROSPERIDAD (Capital),1st District,SAN JOSE,Public,Partially Urban,DepED Managed,JHS with SHS
CARAGA,Agusan del Sur,Rosario I,130696,Libuac Elementary School,"Brgy. Libuac, Rosario, Agusan del Sur",ROSARIO,2nd District,LIBUAC,Public,Partially Urban,DepED Managed,Purely ES
CARAGA,Agusan del Sur,Rosario I,131815,Brodecs Elementary School,"Purok 4, Cabugan",ROSARIO,2nd District,MARFIL,Public,Partially Urban,DepED Managed,Purely ES
CARAGA,Agusan del Sur,Rosario I,131816,Cabantao Elementary School,-,ROSARIO,2nd District,CABANTAO,Public,Partially Urban,DepED Managed,Purely ES
CARAGA,Agusan del Sur,Rosario I,131818,Dulag PS,"Purok 6, Latay",ROSARIO,2nd District,MARFIL,Public,Partially Urban,DepED Managed,Purely ES
CARAGA,Agusan del Sur,Rosario I,131819,Garsuta ES,Sto. Niño,ROSARIO,2nd District,SANTA CRUZ,Public,Partially Urban,DepED Managed,Purely ES
CARAGA,Agusan del Sur,Rosario I,131820,Gomburza ES,"Tagbayagan, Rosario, Agusan del Sur",ROSARIO,2nd District,TAGBAYAGAN,Public,Partially Urban,DepED Managed,Purely ES
CARAGA,Agusan del Sur,Rosario I,131821,Jugo Chua Sr. ES,"Purok 7, Poblacion",ROSARIO,2nd District,POBLACION,Public,Partially Urban,DepED Managed,Purely ES
CARAGA,Agusan del Sur,Rosario I,131823,Marfil ES,"Marfil, Rosario, Agusan del Sur",ROSARIO,2nd District,MARFIL,Public,Partially Urban,DepED Managed,Purely ES
CARAGA,Agusan del Sur,Rosario I,131827,Rosario CES,Purok 1,ROSARIO,2nd District,POBLACION,Public,Partially Urban,DepED Managed,Purely ES
CARAGA,Agusan del Sur,Rosario I,131829,Sta. Cruz Elementary School,purok 1,ROSARIO,2nd District,SANTA CRUZ,Public,Partially Urban,DepED Managed,Purely ES
CARAGA,Agusan del Sur,Rosario I,212014,J.A. Morales ES,"FPPI Division 4 Housing,P4, Tagbayagan, Rosario, Agusan del Sur",ROSARIO,2nd District,TAGBAYAGAN,Public,Partially Urban,DepED Managed,Purely ES
CARAGA,Agusan del Sur,Rosario I,212015,P.F. Trillana PS,"Purok 7, Ugoban",ROSARIO,2nd District,MARFIL,Public,Partially Urban,DepED Managed,Purely ES
CARAGA,Agusan del Sur,Rosario I,212051,"Jose T. Cuyos, Sr. I PS","Purok Loring, Sta.Cruz,",ROSARIO,1st District,SANTA CRUZ,Public,Partially Urban,DepED Managed,Purely ES
CARAGA,Agusan del Sur,Rosario I,304744,Sta. Cruz National High School,purok Santan,ROSARIO,2nd District,SANTA CRUZ,Public,Partially Urban,DepED Managed,JHS with SHS
CARAGA,Agusan del Sur,Rosario I,304747,Datu Lipus Makapandong National High School,D.O. Plaza Avenue,ROSARIO,2nd District,POBLACION,Public,Partially Urban,DepED Managed,JHS with SHS
CARAGA,Agusan del Sur,Rosario I,304748,Marfil NHS,Purok 1A,ROSARIO,2nd District,MARFIL,Public,Partially Urban,DepED Managed,JHS with SHS
CARAGA,Agusan del Sur,Rosario I,317429,Novele National High School,"-Purok 2, Novele",ROSARIO,2nd District,NOVELE,Public,Partially Urban,DepED Managed,JHS with SHS
CARAGA,Agusan del Sur,Rosario I,405938,"Mount Carmel High School -Rosario-ADS, Inc.",Poblacion,ROSARIO,Lone District,POBLACION,Private,Partially Urban,Sectarian,ES and JHS (K to 10)
CARAGA,Agusan del Sur,Rosario I,405939,"Philsaga High School Foundation, Inc.",Purok 1A,ROSARIO,Lone District,BAYUGAN 3,Private,Partially Urban,Non-Sectarian,JHS with SHS
CARAGA,Agusan del Sur,Rosario I,408624,"Josiah Ken Christian School, Inc.","P-4, Bible Baptist Church, Poblacion, Rosario, Agusan del Sur",ROSARIO,2nd District,POBLACION,Private,Partially Urban,Sectarian,Purely ES
CARAGA,Agusan del Sur,Rosario I,472037,"Divine Mercy Interactive School, Inc -Rosario",P.1,ROSARIO,2nd District,POBLACION,Private,Partially Urban,Non-Sectarian,Purely ES
CARAGA,Agusan del Sur,Rosario I,501126,Maligaya Integrated School,"Brgy. Maligaya, Rosario, Agusan del Sur",ROSARIO,2nd District,MALIGAYA,Public,Partially Urban,DepED Managed,ES and JHS (K to 10)
CARAGA,Agusan del Sur,Rosario I,501681,Wasian Integrated School,"Wasian, Rosario, Agusan del Sur",ROSARIO,2nd District,WASI-AN,Public,Partially Urban,DepED Managed,ES and JHS (K to 10)
CARAGA,Agusan del Sur,Rosario I,501726,Sta. Rosa Integrated School,"Bayugan III, Rosario, Agusan del Sur",ROSARIO,2nd District,BAYUGAN 3,Public,Partially Urban,DepED Managed,ES and JHS (K to 10)
CARAGA,Agusan del Sur,Rosario I,501727,Jose T. Cuyos Sr. II Integrated School,"Bayugan 3, Rosario, Agusan del Sur",ROSARIO,2nd District,BAYUGAN 3,Public,Partially Urban,DepED Managed,ES and JHS (K to 10)
CARAGA,Agusan del Sur,San Francisco I,131844,San Francisco Pilot CES,Quirino St.,SAN FRANCISCO,2nd District,BARANGAY 4 (POB.),Public,Partially Urban,DepED Managed,Purely ES
CARAGA,Agusan del Sur,San Francisco I,304703,Agusan del Sur National High School,"Barangay 5, San Francisco, Agusan del Sur",SAN FRANCISCO,2nd District,BARANGAY 5 (POB.),Public,Partially Urban,DepED Managed,JHS with SHS
CARAGA,Agusan del Sur,San Francisco I,304717,Lapinigan National High School,"Purok 2, Lapinigan, San Francisco, ADS",SAN FRANCISCO,2nd District,LAPINIGAN,Public,Partially Urban,DepED Managed,JHS with SHS
CARAGA,Agusan del Sur,San Francisco I,305616,Das-Agan National High School,"Brgy. Das-Agan, San Francisco, Agusan del Sur",SAN FRANCISCO,2nd District,DAS-AGAN,Public,Partially Urban,DepED Managed,Purely JHS
CARAGA,Agusan del Sur,San Francisco I,305764,Alegria National High School,"Brgy. Alegria, San Francisco, Agusan del Sur",SAN FRANCISCO,2nd District,ALEGRIA,Public,Partially Urban,DepED Managed,Purely JHS
CARAGA,Agusan del Sur,San Francisco I,317403,Lapinigan NHS - New Visayas Ext.,Purok 2,SAN FRANCISCO,2nd District,NEW VISAYAS,Public,Partially Urban,DepED Managed,JHS with SHS
CARAGA,Agusan del Sur,San Francisco I,405936,Light & Life Christian Learning Center-San Francisco,"Purok 4, Brgy 5",SAN FRANCISCO,Lone District,BARANGAY 5 (POB.),Private,Partially Urban,Sectarian,Purely ES
CARAGA,Agusan del Sur,San Francisco I,407683,"JESUS SAVES BAPTIST CHRISTIAN ACADEMY ADS, INC","National Highway Brgy. 3, San Francisco, Agusan del Sur",SAN FRANCISCO,2nd District,BARANGAY 3 (POB.),Private,Partially Urban,Non-Sectarian,ES and JHS (K to 10)
CARAGA,Agusan del Sur,San Francisco I,408625,"Good Shepherd Christian Academy of San Francisco Agusan del Sur, Inc.","Quirino Street P-2, Brgy. 4, San Francisco, Agusan del Sur",SAN FRANCISCO,2nd District,BARANGAY 4 (POB.),Private,Partially Urban,Sectarian,Purely ES
CARAGA,Agusan del Sur,San Francisco I,408832,"Philippine Baptist Christian College of Mindanao, Inc.","P-7, Brgy. 2, San Francisco, Agusan del Sur",SAN FRANCISCO,2nd District,BARANGAY 2 (POB.),Private,Partially Urban,Sectarian,Purely ES
CARAGA,Agusan del Sur,San Francisco I,409188,"Saint Clement Academy, Inc.","P1-A, Brgy. 5, San Francisco, Agusan del Sur",SAN FRANCISCO,2nd District,BARANGAY 5 (POB.),Private,Partially Urban,Non-Sectarian,Purely ES
CARAGA,Agusan del Sur,San Francisco I,409843,ERG Technical Training Center Inc.,"Purok 4A, Barangay 5, San Francisco, Agusan del Sur",SAN FRANCISCO,2nd District,BARANGAY 5 (POB.),Private,Partially Urban,Non-Sectarian,Purely SHS
CARAGA,Agusan del Sur,San Francisco I,472001,St. Therese of Lisieux Montessori School,poblacion,SAN FRANCISCO,Lone District,BARANGAY 5 (POB.),Private,Partially Urban,Sectarian,Purely ES
CARAGA,Agusan del Sur,San Francisco I,472016,"Divine Mercy Interactive School, Inc.",Brgy3,SAN FRANCISCO,Lone District,BARANGAY 3 (POB.),Private,Partially Urban,Sectarian,Purely ES
CARAGA,Agusan del Sur,San Francisco I,472017,"San France Fundamental Baptist Christian School, Inc.",Toog St P7 Brgy 2,SAN FRANCISCO,Lone District,BARANGAY 2 (POB.),Private,Partially Urban,Non-Sectarian,Purely ES
CARAGA,Agusan del Sur,San Francisco II,131795,Jose U. Cortes ES,Sitio Cantagan,SAN FRANCISCO,2nd District,LUCAC,Public,Partially Urban,DepED Managed,Purely ES
CARAGA,Agusan del Sur,San Francisco II,131847,Apogan Elementary School,"Purok 8,Lapinigan",SAN FRANCISCO,2nd District,LAPINIGAN,Public,Partially Urban,DepED Managed,Purely ES
CARAGA,Agusan del Sur,San Francisco II,131849,Buena Suerte Elementary School,Purok 3A,SAN FRANCISCO,2nd District,BUENASUERTE,Public,Partially Urban,DepED Managed,Purely ES
CARAGA,Agusan del Sur,San Francisco II,131852,Ebro ES,Purok 2,SAN FRANCISCO,2nd District,EBRO,Public,Partially Urban,DepED Managed,Purely ES
CARAGA,Agusan del Sur,San Francisco II,131853,Lapinigan CES,-Purok 2,SAN FRANCISCO,2nd District,LAPINIGAN,Public,Partially Urban,DepED Managed,Purely ES
CARAGA,Agusan del Sur,San Francisco II,131854,Manangahon ES,Manangahon,SAN FRANCISCO,2nd District,MATE,Public,Partially Urban,DepED Managed,Purely ES
CARAGA,Agusan del Sur,San Francisco II,131855,Mate ES,"P7,Mate,San Francisco,Agusan del Sur",SAN FRANCISCO,2nd District,MATE,Public,Partially Urban,DepED Managed,Purely ES
CARAGA,Agusan del Sur,San Francisco II,131856,New Visayas ES,"-P-2 New Visayas,San Francisco,Agusan del Sur",SAN FRANCISCO,2nd District,NEW VISAYAS,Public,Partially Urban,DepED Managed,Purely ES
CARAGA,Agusan del Sur,San Francisco II,131857,Ormaca ES,Purok 2,SAN FRANCISCO,2nd District,ORMACA,Public,Partially Urban,DepED Managed,Purely ES
CARAGA,Agusan del Sur,San Francisco II,131858,Pasta ES,Purok 4,SAN FRANCISCO,2nd District,PASTA,Public,Partially Urban,DepED Managed,Purely ES
CARAGA,Agusan del Sur,San Francisco II,317402,Bayugan II National High School,purok 2,SAN FRANCISCO,2nd District,BAYUGAN 2,Public,Partially Urban,DepED Managed,JHS with SHS
CARAGA,Agusan del Sur,San Francisco II,317426,Buenasuerte National High School,-Purok 2,SAN FRANCISCO,2nd District,BUENASUERTE,Public,Partially Urban,DepED Managed,JHS with SHS
CARAGA,Agusan del Sur,San Francisco II,407684,"LITTLE ANGELS ENRICHMENT CENTER OF AGUSAN DEL SUR, INC","P 2-A, Barangay 1, San Francisco, Agusan del Sur",SAN FRANCISCO,2nd District,BARANGAY 1 (POB.),Private,Partially Urban,Non-Sectarian,ES and JHS (K to 10)
CARAGA,Agusan del Sur,San Francisco II,472007,"Kiddies Twinkle Star Prep School, Inc.",Quezon St,SAN FRANCISCO,Lone District,BARANGAY 2 (POB.),Private,Partially Urban,Sectarian,Purely ES
CARAGA,Agusan del Sur,San Francisco II,501288,Caimpugan Integrated School,"Brgy. Caimpugan, San Francisco, Agusan del Sur",SAN FRANCISCO,2nd District,CAIMPUGAN,Public,Partially Urban,DepED Managed,ES and JHS (K to 10)
CARAGA,Agusan del Sur,Sibagat I,131865,Causwagan Elementary School,Purok 1,SIBAGAT,1st District,KAUSWAGAN,Public,Partially Urban,DepED Managed,Purely ES
CARAGA,Agusan del Sur,Sibagat I,131870,Ilihan ES,-,SIBAGAT,1st District,ILIHAN,Public,Partially Urban,DepED Managed,Purely ES
CARAGA,Agusan del Sur,Sibagat I,131871,Keoya ES,"PUROK-1,KIOYA SIBAGAT",SIBAGAT,1st District,KIOYA,Public,Partially Urban,DepED Managed,Purely ES
CARAGA,Agusan del Sur,Sibagat I,131875,Magsaysay ES,P-2,SIBAGAT,1st District,MAGSAYSAY,Public,Partially Urban,DepED Managed,Purely ES
CARAGA,Agusan del Sur,Sibagat I,131876,Mahayahay ES,-,SIBAGAT,1st District,MAHAYAHAY,Public,Partially Urban,DepED Managed,Purely ES
CARAGA,Agusan del Sur,Sibagat I,131878,New Tubigon ES,"Purok 2, New Tubigon",SIBAGAT,1st District,NEW TUBIGON,Public,Partially Urban,DepED Managed,Purely ES
CARAGA,Agusan del Sur,Sibagat I,131882,San Isidro I ES,San Isidro,SIBAGAT,1st District,SAN ISIDRO,Public,Partially Urban,DepED Managed,Purely ES
CARAGA,Agusan del Sur,Sibagat I,131884,San Roque ES,San Roque,SIBAGAT,1st District,MAGSAYSAY,Public,Partially Urban,DepED Managed,Purely ES
CARAGA,Agusan del Sur,Sibagat I,131885,San Vicente ES,"San Vicente, Sibagat,Agusan del Sur",SIBAGAT,1st District,SAN VICENTE,Public,Partially Urban,DepED Managed,Purely ES
CARAGA,Agusan del Sur,Sibagat I,131886,Senai ES,"Sinai,Sibagat,Agusan del Sur",SIBAGAT,1st District,SINAI,Public,Partially Urban,DepED Managed,Purely ES
CARAGA,Agusan del Sur,Sibagat I,131887,Sibagat CES,-,SIBAGAT,1st District,POBLACION,Public,Partially Urban,DepED Managed,Purely ES
CARAGA,Agusan del Sur,Sibagat I,131891,Tag-oyango Elementary School,"P-1, Tag-oyango, Sibagat, Agusan del Sur",SIBAGAT,1st District,TAG-UYANGO,Public,Partially Urban,DepED Managed,Purely ES
CARAGA,Agusan del Sur,Sibagat I,131892,Villangit Elementary School,Purok 2,SIBAGAT,1st District,VILLANGIT,Public,Partially Urban,DepED Managed,Purely ES
CARAGA,Agusan del Sur,Sibagat I,136973,Bagumbayan IP Elementary School,"Sitio Bagumbayan, Sta. Cruz, Sibagat, Agusan del Sur",SIBAGAT,1st District,SANTA CRUZ,Public,Partially Urban,DepED Managed,Purely ES
CARAGA,Agusan del Sur,Sibagat I,136974,Bayabas Elementary School,"Sitio Bayabas, Padiay, Sibagat, Agusan del Sur",SIBAGAT,1st District,PADIAY,Public,Partially Urban,DepED Managed,Purely ES
CARAGA,Agusan del Sur,Sibagat I,136994,Pañas Elementary School,"Sitio Pañas, Padiay, Sibagat, Agusan del Sur",SIBAGAT,1st District,PADIAY,Public,Partially Urban,DepED Managed,Purely ES
CARAGA,Agusan del Sur,Sibagat I,304726,New Tubigon High School of Home Industries,Purok 2,SIBAGAT,1st District,NEW TUBIGON,Public,Partially Urban,DepED Managed,JHS with SHS
CARAGA,Agusan del Sur,Sibagat I,304740,SIBAGAT NATIONAL HIGH SCHOOL OF HOME INDUSTRIES,-poblacion,SIBAGAT,1st District,POBLACION,Public,Partially Urban,DepED Managed,JHS with SHS
CARAGA,Agusan del Sur,Sibagat I,304741,Magsaysay Nhs,"Purok 3, Magsaysay, Sibagat, Agusan del Sur",SIBAGAT,2nd District,MAGSAYSAY,Public,Partially Urban,DepED Managed,JHS with SHS
CARAGA,Agusan del Sur,Sibagat I,304743,Padiay NHSHI,Purok 2,SIBAGAT,2nd District,PADIAY,Public,Partially Urban,DepED Managed,JHS with SHS
CARAGA,Agusan del Sur,Sibagat I,405953,Father Urios HS (Sibagat),Poblacion,SIBAGAT,Lone District,POBLACION,Private,Partially Urban,Sectarian,ES and JHS (K to 10)
CARAGA,Agusan del Sur,Sibagat I,407577,"Father Saturnino Urios College of Sibagat, Inc.","Poblacion, Sibagat, Agusan del Sur",SIBAGAT,Lone District,POBLACION,Private,Partially Urban,Sectarian,Purely SHS
CARAGA,Agusan del Sur,Sibagat I,409067,"Bible Baptist Church Children's Learning Center of Sibagat, Inc.","P1, Poblacion, Sibagat, Agusan del Sur",SIBAGAT,1st District,POBLACION,Private,Partially Urban,Sectarian,Purely ES
CARAGA,Agusan del Sur,Veruela I,131893,Alma Elementary School,Purok 5,VERUELA,2nd District,MASAYAN,Public,Partially Urban,DepED Managed,Purely ES
CARAGA,Agusan del Sur,Veruela I,131896,Bacay Elementary School,Purok 4,VERUELA,2nd District,BACAY II,Public,Partially Urban,DepED Managed,Purely ES
CARAGA,Agusan del Sur,Veruela I,131897,Basilica Elementary School,P-7 La Fortuna,VERUELA,2nd District,LA FORTUNA,Public,Partially Urban,DepED Managed,Purely ES
CARAGA,Agusan del Sur,Veruela I,131898,Baubo Elementary School,Purok 8,VERUELA,2nd District,LA FORTUNA,Public,Partially Urban,DepED Managed,Purely ES
CARAGA,Agusan del Sur,Veruela I,131899,Binongan Elementary School,Rosemary,VERUELA,2nd District,BINONGAN,Public,Partially Urban,DepED Managed,Purely ES
CARAGA,Agusan del Sur,Veruela I,131900,Caigangan Elementary School,"Caigangan Veruela,",VERUELA,2nd District,CAIGANGAN,Public,Partially Urban,DepED Managed,Purely ES
CARAGA,Agusan del Sur,Veruela I,131903,Don Mateo ES,"Purok1, Don Mateo, Veruela, Agusan del Sur",VERUELA,2nd District,DON MATEO,Public,Partially Urban,DepED Managed,Purely ES
CARAGA,Agusan del Sur,Veruela I,131910,Logum ES,Purok 1,VERUELA,2nd District,LA FORTUNA,Public,Partially Urban,DepED Managed,Purely ES
CARAGA,Agusan del Sur,Veruela I,131911,Magsaysay ES,Purok 1,VERUELA,2nd District,MAGSAYSAY,Public,Partially Urban,DepED Managed,Purely ES
CARAGA,Agusan del Sur,Veruela I,131913,Nueva Era ES,Nueva Era,VERUELA,2nd District,SAN GABRIEL,Public,Partially Urban,DepED Managed,Purely ES
CARAGA,Agusan del Sur,Veruela I,131915,San Gabriel ES,"SAN GABRIEL,VERUELA,AGUSAN SUR",VERUELA,2nd District,SAN GABRIEL,Public,Partially Urban,DepED Managed,Purely ES
CARAGA,Agusan del Sur,Veruela I,131916,San Vicente ES,"-SAN VICENTE ,POBLACION",VERUELA,2nd District,POBLACION,Public,Partially Urban,DepED Managed,Purely ES
CARAGA,Agusan del Sur,Veruela I,131922,Veruela Central Elementary School,"-Purok 1, Poblacion, Veruela, Agusan del Sur",VERUELA,2nd District,POBLACION,Public,Partially Urban,DepED Managed,Purely ES
CARAGA,Agusan del Sur,Veruela I,304733,Sampaguita National High Schools,"Purok 1, Sampaguita, Veruela, Agusan del Sur",VERUELA,2nd District,SAMPAGUITA,Public,Partially Urban,DepED Managed,JHS with SHS
CARAGA,Agusan del Sur,Veruela I,304754,Veruela National High School,La Purisima St.,VERUELA,2nd District,POBLACION,Public,Partially Urban,DepED Managed,JHS with SHS
CARAGA,Agusan del Sur,Veruela I,317406,La Fortuna NHS,Purok 1,VERUELA,2nd District,LA FORTUNA,Public,Partially Urban,DepED Managed,JHS with SHS
CARAGA,Agusan del Sur,Veruela I,472032,"Veruela General Baptist Basic Learning School, Inc.","Poblacion, Veruela, Agusan del Sur",VERUELA,2nd District,POBLACION,Private,Partially Urban,Non-Sectarian,Purely ES
CARAGA,Agusan del Sur,Sta. Josefa,131924,Aurora Elementary School,"P-2 Aurora, Sta. Josefa, Agusan del Sur",SANTA JOSEFA,2nd District,AURORA,Public,Partially Urban,DepED Managed,Purely ES
CARAGA,Agusan del Sur,Sta. Josefa,131925,Malipayon ES,-Malipayon,SANTA JOSEFA,2nd District,PAG-ASA,Public,Partially Urban,DepED Managed,Purely ES
CARAGA,Agusan del Sur,Sta. Josefa,131926,Pag-asa ES,-Kaangayan II,SANTA JOSEFA,2nd District,AURORA,Public,Partially Urban,DepED Managed,Purely ES
CARAGA,Agusan del Sur,Sta. Josefa,131928,San Jose ES,"San Jose, Sta. Josefa, Agusan del Sur",SANTA JOSEFA,2nd District,SAN JOSE,Public,Partially Urban,DepED Managed,Purely ES
CARAGA,Agusan del Sur,Sta. Josefa,131930,San Vicente ES,Purok 1,SANTA JOSEFA,2nd District,PAG-ASA,Public,Partially Urban,DepED Managed,Purely ES
CARAGA,Agusan del Sur,Sta. Josefa,131931,Sayon Elementary School,Sayon,SANTA JOSEFA,2nd District,SAYON,Public,Partially Urban,DepED Managed,Purely ES
CARAGA,Agusan del Sur,Sta. Josefa,131932,Simeon S. Castor Elementary School,concepcion,SANTA JOSEFA,2nd District,CONCEPCION,Public,Partially Urban,DepED Managed,Purely ES
CARAGA,Agusan del Sur,Sta. Josefa,131933,Sta. Isabel Elementary School,Purok 6,SANTA JOSEFA,2nd District,SANTA ISABEL,Public,Partially Urban,DepED Managed,Purely ES
CARAGA,Agusan del Sur,Sta. Josefa,131934,Sta. Josefa Central Elementary School with SPED Program,Pioneer Street,SANTA JOSEFA,2nd District,POBLACION,Public,Partially Urban,DepED Managed,Purely ES
CARAGA,Agusan del Sur,Sta. Josefa,136987,Lilo Elementary School,"Sitio Lilo, Patrocinio, Sta. Josefa, Agusan del Sur",SANTA JOSEFA,2nd District,PATROCINIO,Public,Partially Urban,DepED Managed,Purely ES
CARAGA,Agusan del Sur,Sta. Josefa,212016,Kaangayan PS,Kaangayan,SANTA JOSEFA,2nd District,AURORA,Public,Partially Urban,DepED Managed,Purely ES
CARAGA,Agusan del Sur,Sta. Josefa,212032,Dao Elementary School,"Dao, Angas,Sta. Josefa, Agusan del Sur",SANTA JOSEFA,2nd District,ANGAS,Public,Partially Urban,DepED Managed,Purely ES
CARAGA,Agusan del Sur,Sta. Josefa,212057,Datu Madagnas Elementary School,sitio tagbayog Awao sta. josefa,SANTA JOSEFA,2nd District,TAPAZ,Public,Partially Urban,DepED Managed,Purely ES
CARAGA,Agusan del Sur,Sta. Josefa,304750,Sta. Josefa National High School,#6 Pioneer St.,SANTA JOSEFA,2nd District,POBLACION,Public,Partially Urban,DepED Managed,JHS with SHS
CARAGA,Agusan del Sur,Sta. Josefa,317413,Aurora National High School-Sta. Josefa,Purok 2,SANTA JOSEFA,2nd District,AURORA,Public,Partially Urban,DepED Managed,JHS with SHS
CARAGA,Agusan del Sur,Sta. Josefa,317419,Sayon Nhs,Purok 5,SANTA JOSEFA,2nd District,SAYON,Public,Partially Urban,DepED Managed,JHS with SHS
CARAGA,Agusan del Sur,Sta. Josefa,408867,"Genesis Christian Learning Center of Sta. Josefa, Inc.","P-4, Poblacion Sta. Josefa, Agusan del Sur",SANTA JOSEFA,2nd District,POBLACION,Private,Partially Urban,Sectarian,Purely ES
CARAGA,Agusan del Sur,Sta. Josefa,409750,"Christian Baptist Learning Center of Sta. Josefa, Inc.","P-2 Sta. Josefa, Agusan del Sur",SANTA JOSEFA,2nd District,POBLACION,Private,Partially Urban,Non-Sectarian,Purely ES
CARAGA,Agusan del Sur,Sta. Josefa,500418,Tapaz ES,Purok 9-A,SANTA JOSEFA,2nd District,TAPAZ,Public,Partially Urban,DepED Managed,ES and JHS (K to 10)
CARAGA,Agusan del Sur,Sta. Josefa,500419,Angas ES,PUROK 3,SANTA JOSEFA,2nd District,ANGAS,Public,Partially Urban,DepED Managed,ES and JHS (K to 10)
CARAGA,Agusan del Sur,Sta. Josefa,500798,Patrocinio Integrated School,"Brgy. Patrocinio, Sta. Josefa, Agusan del Sur",SANTA JOSEFA,2nd District,PATROCINIO,Public,Partially Urban,DepED Managed,ES and JHS (K to 10)
CARAGA,Agusan del Sur,Sta. Josefa,500951,San Pascual Integrated School,"Awao, Sta. Josefa, Agusan del Sur",SANTA JOSEFA,2nd District,AWAO,Public,Partially Urban,DepED Managed,ES and JHS (K to 10)
CARAGA,Agusan del Sur,San Luis I,131936,Anislagan Elementary School,"P-8, Anislagan, San Luis, ADS",SAN LUIS,1st District,ANISLAGAN,Public,Partially Urban,DepED Managed,Purely ES
CARAGA,Agusan del Sur,San Luis I,131940,Cecilia Elementary School,-Purok - 4,SAN LUIS,1st District,CECILIA,Public,Partially Urban,DepED Managed,Purely ES
CARAGA,Agusan del Sur,San Luis I,131942,Culi Elementary School,purok 3,SAN LUIS,1st District,CULI,Public,Partially Urban,DepED Managed,Purely ES
CARAGA,Agusan del Sur,San Luis I,131945,Dimasalang Elementary School,"P-1, Dimasalang, San Luis Agusan del sur",SAN LUIS,1st District,DIMASALANG,Public,Partially Urban,DepED Managed,Purely ES
CARAGA,Agusan del Sur,San Luis I,131946,Don Pedro PS,-Purok 1,SAN LUIS,1st District,DON PEDRO,Public,Partially Urban,DepED Managed,Purely ES
CARAGA,Agusan del Sur,San Luis I,131947,Dona Maxima ES,"-Dona Maxima, San Luis, Agusan del sur",SAN LUIS,1st District,DOÑA MAXIMA,Public,Partially Urban,DepED Managed,Purely ES
CARAGA,Agusan del Sur,San Luis I,131955,Mahapag ES,P-1 Mahapag San Luis,SAN LUIS,1st District,MAHAPAG,Public,Partially Urban,DepED Managed,Purely ES
CARAGA,Agusan del Sur,San Luis I,131957,Muritula ES,-,SAN LUIS,1st District,MURITULA,Public,Partially Urban,DepED Managed,Purely ES
CARAGA,Agusan del Sur,San Luis I,131962,San Luis CES,"Purok 2, Poblacion, San Luis, Agusan del Sur",SAN LUIS,1st District,POBLACION,Public,Partially Urban,DepED Managed,Purely ES
CARAGA,Agusan del Sur,San Luis I,131963,San Mariano ES,Purok 4,SAN LUIS,1st District,SAN ISIDRO,Public,Partially Urban,DepED Managed,Purely ES
CARAGA,Agusan del Sur,San Luis I,131965,Santiago ES,Purok-2,SAN LUIS,1st District,SANTIAGO,Public,Partially Urban,DepED Managed,Purely ES
CARAGA,Agusan del Sur,San Luis I,131966,Sta. Ines Elementary School,-Sta. Ines San Luis Agusan Del Sur,SAN LUIS,1st District,SANTA INES,Public,Partially Urban,DepED Managed,Purely ES
CARAGA,Agusan del Sur,San Luis I,131969,Wegguam Elementary School,-Wegguam,SAN LUIS,1st District,WEGGUAM,Public,Partially Urban,DepED Managed,Purely ES
CARAGA,Agusan del Sur,San Luis I,136978,Datu Dapunutan Elementary School,"Purok 10, Anislagan, San Luis, Agusan del Sur",SAN LUIS,1st District,ANISLAGAN,Public,Partially Urban,DepED Managed,Purely ES
CARAGA,Agusan del Sur,San Luis I,136979,Datu Talakasan Elementary School,"Sitio Tabon-Tabon, Mahagsay, San Luis, Agusan del Sur",SAN LUIS,1st District,MAHAGSAY,Public,Partially Urban,DepED Managed,Purely ES
CARAGA,Agusan del Sur,San Luis I,136980,Diego Gaud Elementary School,"San Diego, Nuevo Trabajo, San Luis, Agusan del Sur",SAN LUIS,1st District,NUEVO TRABAJO,Public,Partially Urban,DepED Managed,Purely ES
CARAGA,Agusan del Sur,San Luis I,136982,Gisaw-an Elementary School,"Sitio Gisaw-an, Binicalan, San Luis, Agusan del Sur",SAN LUIS,1st District,BINICALAN,Public,Partially Urban,DepED Managed,Purely ES
CARAGA,Agusan del Sur,San Luis I,136984,Inabucayan Elementary School,"Sitio Inabucayan, Culi, San Luis, Agusan del Sur",SAN LUIS,1st District,CULI,Public,Partially Urban,DepED Managed,Purely ES
CARAGA,Agusan del Sur,San Luis I,136989,Lugin-asan Elementary School,"Mahagsay, San Luis, Agusan del Sur",SAN LUIS,1st District,MAHAGSAY,Public,Partially Urban,DepED Managed,Purely ES
CARAGA,Agusan del Sur,San Luis I,136991,Malatado Elementary School,"Brgy. Binicalan, San Luis, Agusan del Sur",SAN LUIS,1st District,BINICALAN,Public,Partially Urban,DepED Managed,Purely ES
CARAGA,Agusan del Sur,San Luis I,136992,New Paradise Elementary School,"New Paradise, Nuevo Trabajo, San Luis, Agusan del Sur",SAN LUIS,1st District,NUEVO TRABAJO,Public,Partially Urban,DepED Managed,Purely ES
CARAGA,Agusan del Sur,San Luis I,136998,Tagpangi Elementary School,"Brgy. Binicalan, San Luis, Agusan del Sur",SAN LUIS,1st District,BINICALAN,Public,Partially Urban,DepED Managed,Purely ES
CARAGA,Agusan del Sur,San Luis I,212074,DOP BINATUNAN IP SCHOOL (IPA),"P4, Culi, San luis, Agusan del Sur",SAN LUIS,1st District,BINICALAN,Public,Partially Urban,DepED Managed,Purely ES
CARAGA,Agusan del Sur,San Luis I,304736,San Luis NHS,Purok 3,SAN LUIS,1st District,DOÑA MAXIMA,Public,Partially Urban,DepED Managed,JHS with SHS
CARAGA,Agusan del Sur,San Luis I,304737,Anislagan National High School,"Purok 1, Anislagan, San Luis, Agusan del sur",SAN LUIS,1st District,ANISLAGAN,Public,Partially Urban,DepED Managed,JHS with SHS
CARAGA,Agusan del Sur,San Luis I,304738,Cecilia National High School,"Purok - 5, Cecilia, San Luis, Agusan del Sur",SAN LUIS,1st District,CECILIA,Public,Partially Urban,DepED Managed,JHS with SHS
CARAGA,Agusan del Sur,San Luis I,304739,Laminga NHS,Purok 3,SAN LUIS,1st District,DON ALEJANDRO,Public,Partially Urban,DepED Managed,JHS with SHS
CARAGA,Agusan del Sur,San Luis I,305634,Ulanguan National High School,Purok,SAN LUIS,1st District,BINICALAN,Public,Partially Urban,DepED Managed,Purely JHS
CARAGA,Agusan del Sur,San Luis I,405947,San Luis Lumad Community High School,Poblacion,SAN LUIS,Lone District,POBLACION,Private,Partially Urban,Sectarian,Purely JHS
CARAGA,Agusan del Sur,San Luis I,501728,Mahayahay Integrated School,"Brgy. Mahayahay, San Luis, Agusan del Sur",SAN LUIS,1st District,MAHAYAHAY,Public,Partially Urban,DepED Managed,ES and JHS (K to 10)
CARAGA,Agusan del Sur,Talacogon East,131971,Causwagan Elementary School,"P-1 Causwagan,Talacogon Agusan del sur",TALACOGON,1st District,CAUSWAGAN,Public,Partially Urban,DepED Managed,Purely ES
CARAGA,Agusan del Sur,Talacogon East,131972,Cebuna Elementary School,"-Cebuna,Del Monte",TALACOGON,1st District,DEL MONTE,Public,Partially Urban,DepED Managed,Purely ES
CARAGA,Agusan del Sur,Talacogon East,131973,Concillo Elementary School,SITIO NORECA,TALACOGON,1st District,DEL MONTE,Public,Partially Urban,DepED Managed,Purely ES
CARAGA,Agusan del Sur,Talacogon East,131974,Corpuz Elementary School,"-P3.Sta. Cruz, Del Monte",TALACOGON,1st District,DEL MONTE,Public,Partially Urban,DepED Managed,Purely ES
CARAGA,Agusan del Sur,Talacogon East,131975,Cortes Elementary School,San Miguel,TALACOGON,1st District,DEL MONTE,Public,Partially Urban,DepED Managed,Purely ES
CARAGA,Agusan del Sur,Talacogon East,131977,Del Monte Central Elementary School,"P-5, Del Monte, Talacogon, Agusan del Sur",TALACOGON,1st District,DEL MONTE,Public,Partially Urban,DepED Managed,Purely ES
CARAGA,Agusan del Sur,Talacogon East,131979,Don Flaviano Elementary School,Sitio Villahermosa,TALACOGON,1st District,CAUSWAGAN,Public,Partially Urban,DepED Managed,Purely ES
CARAGA,Agusan del Sur,Talacogon East,131980,F.E. Lopez ES,Purok 4,TALACOGON,1st District,BATUCAN,Public,Partially Urban,DepED Managed,Purely ES
CARAGA,Agusan del Sur,Talacogon East,131985,Mabini ES,-Sitio Mabini,TALACOGON,1st District,DEL MONTE,Public,Partially Urban,DepED Managed,Purely ES
CARAGA,Agusan del Sur,Talacogon East,131988,New Davao ES,New Davao,TALACOGON,1st District,ZAMORA,Public,Partially Urban,DepED Managed,Purely ES
CARAGA,Agusan del Sur,Talacogon East,131992,Tuburan Elementary School,-,TALACOGON,1st District,DEL MONTE,Public,Partially Urban,DepED Managed,Purely ES
CARAGA,Agusan del Sur,Talacogon East,131993,Unsayawon Elementary School,"Purok 6, Unsayawon, Labnig, TADS",TALACOGON,1st District,LABNIG,Public,Partially Urban,DepED Managed,Purely ES
CARAGA,Agusan del Sur,Talacogon East,136996,Sindungan Elementary School,"Sitio Tigbao, Zillovia, Talacogon, Agusan del Sur",TALACOGON,1st District,ZILLOVIA,Public,Partially Urban,DepED Managed,Purely ES
CARAGA,Agusan del Sur,Talacogon East,136999,Talaandig IP Elementary School,"Sitio Insibay, Zillovia, Talacogon, Agusan del Sur",TALACOGON,1st District,ZILLOVIA,Public,Partially Urban,DepED Managed,Purely ES
CARAGA,Agusan del Sur,Talacogon East,212059,San Isidro Elementary School,"San Isidro,Causwagan,Talacogon,Agusan del Sur",TALACOGON,1st District,CAUSWAGAN,Public,Partially Urban,DepED Managed,Purely ES
CARAGA,Agusan del Sur,Talacogon East,212060,San Roque Elementary School,"San Roque,Causwagan, Talacogon, Agusan del Sur",TALACOGON,1st District,CAUSWAGAN,Public,Partially Urban,DepED Managed,Purely ES
CARAGA,Agusan del Sur,Talacogon East,304710,Del Monte National High School,Purok 8,TALACOGON,1st District,DEL MONTE,Public,Partially Urban,DepED Managed,JHS with SHS
CARAGA,Agusan del Sur,Talacogon East,317422,Corpuz National High School,"P3, Sta. Cruz, Del Monte",TALACOGON,1st District,DEL MONTE,Public,Partially Urban,DepED Managed,JHS with SHS
CARAGA,Agusan del Sur,Talacogon East,317432,Labnig NHS,Purok 2,TALACOGON,1st District,LABNIG,Public,Partially Urban,DepED Managed,JHS with SHS
CARAGA,Agusan del Sur,Talacogon East,317433,Buena Gracia National High School,"Purok-8, Buena Gracia",TALACOGON,1st District,BUENAGRACIA,Public,Partially Urban,DepED Managed,JHS with SHS
CARAGA,Agusan del Sur,Trento I,131998,Cebolin Elementary School,"Cebolin, Trento, Agusan del Sur",TRENTO,2nd District,CEBOLIN,Public,Partially Urban,DepED Managed,Purely ES
CARAGA,Agusan del Sur,Trento I,131999,Cuevas Elementary School,Purok 4,TRENTO,2nd District,CUEVAS,Public,Partially Urban,DepED Managed,Purely ES
CARAGA,Agusan del Sur,Trento I,132007,Pangyan Elementary School,Pangyan,TRENTO,2nd District,PANGYAN,Public,Partially Urban,DepED Managed,Purely ES
CARAGA,Agusan del Sur,Trento I,132010,Salvacion ES,PUROK 3,TRENTO,2nd District,SALVACION,Public,Partially Urban,DepED Managed,Purely ES
CARAGA,Agusan del Sur,Trento I,132011,San Ignacio ES,Purok 1 Brgy. San Ignacio,TRENTO,2nd District,SAN IGNACIO,Public,Partially Urban,DepED Managed,Purely ES
CARAGA,Agusan del Sur,Trento I,132012,San Isidro ES,"San Isidro, Trento, Agusan del Sur",TRENTO,2nd District,SAN ISIDRO,Public,Partially Urban,DepED Managed,Purely ES
CARAGA,Agusan del Sur,Trento I,132014,San Marcos ES,"-P4, Salvacion, Trento, Agusan del Sur",TRENTO,2nd District,SALVACION,Public,Partially Urban,DepED Managed,Purely ES
CARAGA,Agusan del Sur,Trento I,132015,San Miguel ES,Sitio Maymayan,TRENTO,2nd District,SANTA MARIA,Public,Partially Urban,DepED Managed,Purely ES
CARAGA,Agusan del Sur,Trento I,132016,San Roque ES,-,TRENTO,2nd District,SAN ROQUE,Public,Partially Urban,DepED Managed,Purely ES
CARAGA,Agusan del Sur,Trento I,132017,Sta Maria Elementary School,"P-America, Sta. Maria, Trento, Agusan del Sur",TRENTO,2nd District,SANTA MARIA,Public,Partially Urban,DepED Managed,Purely ES
CARAGA,Agusan del Sur,Trento I,132018,Trento Central Elementary School,"P-2, Pob. Trento, Agusan del Sur",TRENTO,2nd District,POBLACION,Public,Partially Urban,DepED Managed,Purely ES
CARAGA,Agusan del Sur,Trento I,212008,New Israel ES,-,TRENTO,2nd District,SANTA MARIA,Public,Partially Urban,DepED Managed,Purely ES
CARAGA,Agusan del Sur,Trento I,212030,Cogonon Elementary School,Purok 5,TRENTO,2nd District,SALVACION,Public,Partially Urban,DepED Managed,Purely ES
CARAGA,Agusan del Sur,Trento I,212035,Bagong Silang Elementary School,Bagong Silang,TRENTO,2nd District,SANTA MARIA,Public,Partially Urban,DepED Managed,Purely ES
CARAGA,Agusan del Sur,Trento I,304705,Sta. Maria National High School,National Highway,TRENTO,2nd District,SANTA MARIA,Public,Partially Urban,DepED Managed,JHS with SHS
CARAGA,Agusan del Sur,Trento I,304753,Trento National High School,-poblacion,TRENTO,2nd District,POBLACION,Public,Partially Urban,DepED Managed,JHS with SHS
CARAGA,Agusan del Sur,Trento I,317407,Manat NHS,Purok 3,TRENTO,2nd District,MANAT,Public,Partially Urban,DepED Managed,JHS with SHS
CARAGA,Agusan del Sur,Trento I,317437,Salvacion Nhs,Purok 3,TRENTO,2nd District,SALVACION,Public,Partially Urban,DepED Managed,JHS with SHS
CARAGA,Agusan del Sur,Trento I,317448,Cebolin National High School,Brgy Cebolin,TRENTO,2nd District,CEBOLIN,Public,Partially Urban,DepED Managed,Purely JHS
CARAGA,Agusan del Sur,Trento I,405951,"Father Saturnino Urios College of Trento,Inc.",Purok 5A,TRENTO,Lone District,POBLACION,Private,Partially Urban,Sectarian,All Offering (K to 12)
CARAGA,Agusan del Sur,Trento I,472035,"Trento Heritage Baptist Learning Academy, Inc.",Poblacion purok 2,TRENTO,2nd District,POBLACION,Private,Partially Urban,Non-Sectarian,Purely ES
CARAGA,Agusan del Sur,Trento I,500952,Singapore Integrated School,"Singapore, Sta. Maria, Trento, Agusan del Sur",TRENTO,2nd District,SANTA MARIA,Public,Partially Urban,DepED Managed,ES and JHS (K to 10)
CARAGA,Agusan del Sur,Loreto South,131715,Binucayan Central Elementary School,"Binucayan, Loreto, Agusan del Sur",LORETO,2nd District,BINUCAYAN,Public,Partially Urban,DepED Managed,Purely ES
CARAGA,Agusan del Sur,Loreto South,131716,Cabuga Elementary School,-,LORETO,2nd District,SANTA TERESA,Public,Partially Urban,DepED Managed,Purely ES
CARAGA,Agusan del Sur,Loreto South,131719,Datu Subla Elementary School,"P-1 , Sabud",LORETO,2nd District,SABUD,Public,Partially Urban,DepED Managed,Purely ES
CARAGA,Agusan del Sur,Loreto South,131720,Don Flaviano I ES,"union, binucayan, loreto, agusan del sur",LORETO,2nd District,BINUCAYAN,Public,Partially Urban,DepED Managed,Purely ES
CARAGA,Agusan del Sur,Loreto South,131722,Ilang-Ilang ES,ILANG-ILANG,LORETO,2nd District,SAN MARIANO,Public,Partially Urban,DepED Managed,Purely ES
CARAGA,Agusan del Sur,Loreto South,131724,Johnson ES,-,LORETO,2nd District,JOHNSON,Public,Partially Urban,DepED Managed,Purely ES
CARAGA,Agusan del Sur,Loreto South,131727,Kauswagan ES,Purok-2,LORETO,2nd District,KAUSWAGAN,Public,Partially Urban,DepED Managed,Purely ES
CARAGA,Agusan del Sur,Loreto South,131729,Linatawan PS,-,LORETO,2nd District,SANTA TERESA,Public,Partially Urban,DepED Managed,Purely ES
CARAGA,Agusan del Sur,Loreto South,131731,Mabuhay ES,-,LORETO,2nd District,KAUSWAGAN,Public,Partially Urban,DepED Managed,Purely ES
CARAGA,Agusan del Sur,Loreto South,131734,Mansungad PS,-Sitio Mansungad,LORETO,2nd District,SAN MARIANO,Public,Partially Urban,DepED Managed,Purely ES
CARAGA,Agusan del Sur,Loreto South,131736,Natividad Elementary School,Sitio Natividad,LORETO,2nd District,BINUCAYAN,Public,Partially Urban,DepED Managed,Purely ES
CARAGA,Agusan del Sur,Loreto South,131739,San Carlos I PS,Sitio Boom,LORETO,2nd District,BINUCAYAN,Public,Partially Urban,DepED Managed,Purely ES
CARAGA,Agusan del Sur,Loreto South,131740,San Isidro ES,"Prk. 2, San Isidro",LORETO,2nd District,SAN ISIDRO,Public,Partially Urban,DepED Managed,Purely ES
CARAGA,Agusan del Sur,Loreto South,131741,San Mariano ES,"P-1,SAN MARIANO, LORETO, ADS",LORETO,2nd District,SAN MARIANO,Public,Partially Urban,DepED Managed,Purely ES
CARAGA,Agusan del Sur,Loreto South,131742,San Miguel ES,-San Miguel e.s,LORETO,2nd District,BINUCAYAN,Public,Partially Urban,DepED Managed,Purely ES
CARAGA,Agusan del Sur,Loreto South,131743,Sta Teresa Elementary School,"P3, Sta. Teresa",LORETO,2nd District,BINUCAYAN,Public,Partially Urban,DepED Managed,Purely ES
CARAGA,Agusan del Sur,Loreto South,131744,Sto Nino Elementary School,-,LORETO,2nd District,SANTO NINO,Public,Partially Urban,DepED Managed,Purely ES
CARAGA,Agusan del Sur,Loreto South,212005,Datu Hilad Elementary School,-,LORETO,2nd District,SAN MARIANO,Public,Partially Urban,DepED Managed,Purely ES
CARAGA,Agusan del Sur,Loreto South,212006,Ferdinand-Sabud ES,Ferdinand,LORETO,2nd District,KAUSWAGAN,Public,Partially Urban,DepED Managed,Purely ES
CARAGA,Agusan del Sur,Loreto South,212017,Dona Crucita PS,Mandanao,LORETO,2nd District,BINUCAYAN,Public,Partially Urban,DepED Managed,Purely ES
CARAGA,Agusan del Sur,Loreto South,212033,Mole PS,"*Sitio Moli, Johnson, Elementary School",LORETO,2nd District,JOHNSON,Public,Partially Urban,DepED Managed,Purely ES
CARAGA,Agusan del Sur,Loreto South,304734,San Isidro NHS,purok 2,LORETO,2nd District,SAN ISIDRO,Public,Partially Urban,DepED Managed,JHS with SHS
CARAGA,Agusan del Sur,Loreto South,317421,Johnson Nhs,"Johnson, Loreto, Agusan del Sur",LORETO,2nd District,JOHNSON,Public,Partially Urban,DepED Managed,JHS with SHS
CARAGA,Agusan del Sur,Prosperidad III,131776,La Caridad ES,-,PROSPERIDAD (Capital),1st District,LA CARIDAD,Public,Partially Urban,DepED Managed,Purely ES
CARAGA,Agusan del Sur,Prosperidad III,131797,Libertad ES,"Purok 1 , Libertad, Prosperidad, Agusan del Sur",PROSPERIDAD (Capital),1st District,LIBERTAD,Public,Partially Urban,DepED Managed,Purely ES
CARAGA,Agusan del Sur,Prosperidad III,131798,Los Arcos ES,"P-2, Los Arcos,Prosperidad, Agusan del Sur",PROSPERIDAD (Capital),1st District,LOS ARCOS,Public,Partially Urban,DepED Managed,Purely ES
CARAGA,Agusan del Sur,Prosperidad III,131799,Mabuhay ES,"Purok 2, Mabuhay, Prosperidad, Agusan del Sur",PROSPERIDAD (Capital),1st District,MABUHAY,Public,Partially Urban,DepED Managed,Purely ES
CARAGA,Agusan del Sur,Prosperidad III,131800,Magsaysay ES,Purok 1,PROSPERIDAD (Capital),1st District,MAGSAYSAY,Public,Partially Urban,DepED Managed,Purely ES
CARAGA,Agusan del Sur,Prosperidad III,131804,Patin-ay CES,Purok-3,PROSPERIDAD (Capital),1st District,PATIN-AY,Public,Partially Urban,DepED Managed,Purely ES
CARAGA,Agusan del Sur,Prosperidad III,131806,Salvacion ES,"P-8 Salvacion, Prosperidad, ADS",PROSPERIDAD (Capital),1st District,SALVACION,Public,Partially Urban,DepED Managed,Purely ES
CARAGA,Agusan del Sur,Prosperidad III,131807,San Lorenzo ES,-Purok-1,PROSPERIDAD (Capital),1st District,SAN LORENZO,Public,Partially Urban,DepED Managed,Purely ES
CARAGA,Agusan del Sur,Prosperidad III,131811,Taonaga Elementary School,"Purok 4, Magsaysay, Posperidad, Agusan Del Sur",PROSPERIDAD (Capital),1st District,MAGSAYSAY,Public,Partially Urban,DepED Managed,Purely ES
CARAGA,Agusan del Sur,Prosperidad III,304704,Agusan del Sur National Science High School,"Government Center, Patin-ay, Prosperidad, Agusan del Sur",PROSPERIDAD (Capital),1st District,PATIN-AY,Public,Partially Urban,DepED Managed,JHS with SHS
CARAGA,Agusan del Sur,Prosperidad III,304720,Los Arcos NHS,Purok 3,PROSPERIDAD (Capital),1st District,LOS ARCOS,Public,Partially Urban,DepED Managed,JHS with SHS
CARAGA,Agusan del Sur,Prosperidad III,304730,Patin-ay National High School,"Gov. D.O.Plaza Government Center,",PROSPERIDAD (Capital),1st District,PATIN-AY,Public,Partially Urban,DepED Managed,JHS with SHS
CARAGA,Agusan del Sur,Prosperidad III,472009,"Patin-ay Light & Life Learning Center, Inc.",Purok 1,PROSPERIDAD (Capital),Lone District,PATIN-AY,Private,Partially Urban,Sectarian,Purely ES
CARAGA,Agusan del Sur,Sibagat II,131861,Afga Central Elementary School,Purok 1,SIBAGAT,1st District,AFGA,Public,Partially Urban,DepED Managed,Purely ES
CARAGA,Agusan del Sur,Sibagat II,131862,Anahawan Elementary School,"Purok 4, Anahawan",SIBAGAT,1st District,ANAHAWAN,Public,Partially Urban,DepED Managed,Purely ES
CARAGA,Agusan del Sur,Sibagat II,131864,Banag-banag Elementary School,Purok 3,SIBAGAT,1st District,BANAGBANAG,Public,Partially Urban,DepED Managed,Purely ES
CARAGA,Agusan del Sur,Sibagat II,131866,Dandanon Elementary School,Sitio Dadanon,SIBAGAT,1st District,KOLAMBUGAN,Public,Partially Urban,DepED Managed,Purely ES
CARAGA,Agusan del Sur,Sibagat II,131867,Del Rosario Elementary School,P-1A,SIBAGAT,1st District,DEL ROSARIO,Public,Partially Urban,DepED Managed,Purely ES
CARAGA,Agusan del Sur,Sibagat II,131868,El Rio ES,Purok 4,SIBAGAT,1st District,EL RIO,Public,Partially Urban,DepED Managed,Purely ES
CARAGA,Agusan del Sur,Sibagat II,131872,Kolambugan ES,"-P2 Kolambugan, Sibagat, Agusan del Sur",SIBAGAT,1st District,KOLAMBUGAN,Public,Partially Urban,DepED Managed,Purely ES
CARAGA,Agusan del Sur,Sibagat II,131874,Magkalape ES,P-1 MAGKALAPE SADS,SIBAGAT,1st District,MAGKALAPE,Public,Partially Urban,DepED Managed,Purely ES
CARAGA,Agusan del Sur,Sibagat II,131879,Padiay ES,Purok 1 Padiay Sibagat Agusan del Sur,SIBAGAT,1st District,PADIAY,Public,Partially Urban,DepED Managed,Purely ES
CARAGA,Agusan del Sur,Sibagat II,131881,Perez ES,Purok 1,SIBAGAT,1st District,PEREZ,Public,Partially Urban,DepED Managed,Purely ES
CARAGA,Agusan del Sur,Sibagat II,131883,San Isidro II ES,San Isidro II Elementary School,SIBAGAT,1st District,AFGA,Public,Partially Urban,DepED Managed,Purely ES
CARAGA,Agusan del Sur,Sibagat II,131888,Sta. Cruz Elementary School,"P-1,Sta.cruz,Sibagat,Agusan del sur",SIBAGAT,1st District,SANTA CRUZ,Public,Partially Urban,DepED Managed,Purely ES
CARAGA,Agusan del Sur,Sibagat II,131889,Sta. Maria Elementary School,P-2,SIBAGAT,1st District,SANTA MARIA,Public,Partially Urban,DepED Managed,Purely ES
CARAGA,Agusan del Sur,Sibagat II,131890,Tabontabon Elementary School,Purok 1,SIBAGAT,1st District,TABON-TABON,Public,Partially Urban,DepED Managed,Purely ES
CARAGA,Agusan del Sur,Sibagat II,212020,Bantolinao Elementary School,Purok 8,SIBAGAT,1st District,PADIAY,Public,Partially Urban,DepED Managed,Purely ES
CARAGA,Agusan del Sur,Sibagat II,212026,Balonbon Elementary School,"Km 29, Balonbon, padiay Sibagat Agusan del Sur",SIBAGAT,1st District,PADIAY,Public,Partially Urban,DepED Managed,Purely ES
CARAGA,Agusan del Sur,Sibagat II,305479,Kolambugan National High School,"Purok 5, Kolambugan, Sibagat, Agusan del Sur",SIBAGAT,2nd District,KOLAMBUGAN,Public,Partially Urban,DepED Managed,JHS with SHS
CARAGA,Agusan del Sur,Sibagat II,317442,Afga National High School,"P11, Afga, Agusan del Sur",SIBAGAT,1st District,AFGA,Public,Partially Urban,DepED Managed,JHS with SHS
CARAGA,Agusan del Sur,San Luis II,131937,DOP BALIT IP School (IPA),P-1,SAN LUIS,1st District,BALIT,Public,Partially Urban,DepED Managed,Purely ES
CARAGA,Agusan del Sur,San Luis II,131939,Baylo Elementary School,"P2 , Baylo , San Luis , Agusan del Sur",SAN LUIS,1st District,BAYLO,Public,Partially Urban,DepED Managed,Purely ES
CARAGA,Agusan del Sur,San Luis II,131943,Datu Bandahan Elementary School,"Purok 7, Datu Bandahan",SAN LUIS,1st District,DON ALEJANDRO,Public,Partially Urban,DepED Managed,Purely ES
CARAGA,Agusan del Sur,San Luis II,131944,Datu Sandigan Elementary School,"Km. 18, Purok 6",SAN LUIS,1st District,DON ALEJANDRO,Public,Partially Urban,DepED Managed,Purely ES
CARAGA,Agusan del Sur,San Luis II,131951,Kalilid ES,Purok 1,SAN LUIS,1st District,DOÑA FLAVIA,Public,Partially Urban,DepED Managed,Purely ES
CARAGA,Agusan del Sur,San Luis II,131953,Laminga Central Elementary School,Purok 2,SAN LUIS,1st District,DON ALEJANDRO,Public,Partially Urban,DepED Managed,Purely ES
CARAGA,Agusan del Sur,San Luis II,131954,Mahagsay ES,Mahagsay,SAN LUIS,1st District,MAHAGSAY,Public,Partially Urban,DepED Managed,Purely ES
CARAGA,Agusan del Sur,San Luis II,131956,Mahayahay ES,Km. 33,SAN LUIS,1st District,MAHAYAHAY,Public,Partially Urban,DepED Managed,Purely ES
CARAGA,Agusan del Sur,San Luis II,131958,Nuevo Trabajo ES,"Purok 2, Nuevo Trabajo, San Luis, Agusan del sur",SAN LUIS,1st District,NUEVO TRABAJO,Public,Partially Urban,DepED Managed,Purely ES
CARAGA,Agusan del Sur,San Luis II,131959,Olangoan ES,"P-1 Binicalan, San Luis, Agusan del Sur",SAN LUIS,1st District,BINICALAN,Public,Partially Urban,DepED Managed,Purely ES
CARAGA,Agusan del Sur,San Luis II,131960,Policarpo ES,"P-2 Policarpo, San Luis, Agusan del Sur",SAN LUIS,1st District,POLICARPO,Public,Partially Urban,DepED Managed,Purely ES
CARAGA,Agusan del Sur,San Luis II,131961,San Jose ES,Purok 5,SAN LUIS,1st District,DON ALEJANDRO,Public,Partially Urban,DepED Managed,Purely ES
CARAGA,Agusan del Sur,San Luis II,131964,San Pedro ES,"Purok 2, San Pedro",SAN LUIS,1st District,SAN PEDRO,Public,Partially Urban,DepED Managed,Purely ES
CARAGA,Agusan del Sur,San Luis II,131968,Tambo Elementary School,-Km.44,SAN LUIS,1st District,BINICALAN,Public,Partially Urban,DepED Managed,Purely ES
CARAGA,Agusan del Sur,San Luis II,212068,DOP Sta. Rita IP School (IPA),"Sta. Rita, San Luis, Agusan del Sur",SAN LUIS,1st District,SANTA RITA,Public,Partially Urban,DepED Managed,Purely ES
CARAGA,Agusan del Sur,San Luis II,212073,DOP SAN ANDRES IP School (IPA),"San Andres , Nuevo Trabajo",SAN LUIS,1st District,NUEVO TRABAJO,Public,Partially Urban,DepED Managed,Purely ES
CARAGA,Agusan del Sur,San Luis II,317418,San Luis National High School - Balit Annex,purok 1,SAN LUIS,1st District,BALIT,Public,Partially Urban,DepED Managed,JHS with SHS
CARAGA,Agusan del Sur,San Luis II,501286,San Pedro Integrated School,"Brgy. San Pedro, San Luis, Agusan del Sur",SAN LUIS,1st District,SAN PEDRO,Public,Partially Urban,DepED Managed,ES and JHS (K to 10)
CARAGA,Agusan del Sur,San Luis II,501289,Coalicion Integrated School,"Brgy. Coalicion, San Luis, Agusan del Sur",SAN LUIS,1st District,COALICION,Public,Partially Urban,DepED Managed,ES and JHS (K to 10)
CARAGA,Agusan del Sur,Talacogon West,131970,Buena Gracia Elementary School,"Purok 1Buena Gracia, Talacogon Agusan del Sur",TALACOGON,1st District,BUENAGRACIA,Public,Partially Urban,DepED Managed,Purely ES
CARAGA,Agusan del Sur,Talacogon West,131976,Culi-Ram Elementary School,-,TALACOGON,1st District,CULI,Public,Partially Urban,DepED Managed,Purely ES
CARAGA,Agusan del Sur,Talacogon West,131978,Desamparados Elementary School,"Purok 2, Desamparados, Talacogon, Agusan del Sur",TALACOGON,1st District,DESAMPARADOS,Public,Partially Urban,DepED Managed,Purely ES
CARAGA,Agusan del Sur,Talacogon West,131981,Kabakahan ES,Pukok 7,TALACOGON,1st District,ZILLOVIA,Public,Partially Urban,DepED Managed,Purely ES
CARAGA,Agusan del Sur,Talacogon West,131982,Kasilayan Elementary School,"Purok 8, Zillovia, Talacogon, Agusan del Sur",TALACOGON,1st District,ZILLOVIA,Public,Partially Urban,DepED Managed,Purely ES
CARAGA,Agusan del Sur,Talacogon West,131983,La Flora Elementary School,"Purok 2, La Flora",TALACOGON,1st District,LA FLORA,Public,Partially Urban,DepED Managed,Purely ES
CARAGA,Agusan del Sur,Talacogon West,131984,Labnig ES,-P2,TALACOGON,1st District,LABNIG,Public,Partially Urban,DepED Managed,Purely ES
CARAGA,Agusan del Sur,Talacogon West,131987,Marbon ES,"-Purok 5, Marbon, Talacogon, Agusan del Sur",TALACOGON,1st District,MARBON,Public,Partially Urban,DepED Managed,Purely ES
CARAGA,Agusan del Sur,Talacogon West,131989,Sabang Gibong ES,"Purok 1, Sabang Gibong",TALACOGON,1st District,SABANG GIBUNG,Public,Partially Urban,DepED Managed,Purely ES
CARAGA,Agusan del Sur,Talacogon West,131991,Talacogon Central Elementary School SPED Center,"Purok Santol, San Isidro, Talacogon, Agusan del Sur",TALACOGON,1st District,SAN ISIDRO (POB.),Public,Partially Urban,DepED Managed,Purely ES
CARAGA,Agusan del Sur,Talacogon West,131994,Zamora Elementary School,Zamora Talacogon Agusan del Sur,TALACOGON,1st District,ZAMORA,Public,Partially Urban,DepED Managed,Purely ES
CARAGA,Agusan del Sur,Talacogon West,131995,Zillovia Elementary School,"Purok 2, Zillovia, Talacogon, Agusan del Sur",TALACOGON,1st District,ZILLOVIA,Public,Partially Urban,DepED Managed,Purely ES
CARAGA,Agusan del Sur,Talacogon West,212062,Tumalog Elementary School,"Purok 9, Tumalog, Zillovia, Talacogon",TALACOGON,1st District,ZILLOVIA,Public,Partially Urban,DepED Managed,Purely ES
CARAGA,Agusan del Sur,Talacogon West,304752,Talacogon National High School,PUROK 3,TALACOGON,1st District,SAN NICOLAS (POB.),Public,Partially Urban,DepED Managed,JHS with SHS
CARAGA,Agusan del Sur,Talacogon West,304755,Zillovia National High School,Zillovia,TALACOGON,1st District,ZILLOVIA,Public,Partially Urban,DepED Managed,JHS with SHS
CARAGA,Agusan del Sur,Talacogon West,317411,Desamparados National High School,Purok 2,TALACOGON,1st District,DESAMPARADOS,Public,Partially Urban,DepED Managed,JHS with SHS
CARAGA,Agusan del Sur,Talacogon West,317416,Causwagan National High School,Purok I,TALACOGON,1st District,CAUSWAGAN,Public,Partially Urban,DepED Managed,JHS with SHS
CARAGA,Agusan del Sur,Talacogon West,317434,Marbon Nhs,Purok 5,TALACOGON,1st District,MARBON,Public,Partially Urban,DepED Managed,JHS with SHS
CARAGA,Agusan del Sur,Talacogon West,317435,Maharlika High School,Purok 2,TALACOGON,1st District,MAHARLIKA,Public,Partially Urban,DepED Managed,JHS with SHS
CARAGA,Agusan del Sur,Talacogon West,317449,TUMALOG NATIONAL HIGH SCHOOL,"P-9,Tumalog, Zillovia, Agusan del Sur",TALACOGON,1st District,ZILLOVIA,Public,Partially Urban,DepED Managed,Purely JHS
CARAGA,Agusan del Sur,Talacogon West,405949,Delton View Academy,Purok 6,TALACOGON,Lone District,ZILLOVIA,Private,Partially Urban,Non-Sectarian,All Offering (K to 12)
CARAGA,Agusan del Sur,Talacogon West,472010,TALACOGON LIGHT AND LIFE LEARNING CENTER INC.,"Purok Santan, San Agustin, Talacogon, Agusan del Sur",TALACOGON,Lone District,SAN AGUSTIN (POB.),Private,Partially Urban,Sectarian,Purely ES
CARAGA,Agusan del Sur,Talacogon West,500315,Maharlika ES,"P2Maharlika, Talacogon, Agusan del Sur",TALACOGON,1st District,MAHARLIKA,Public,Partially Urban,DepED Managed,All Offering (K to 12)
CARAGA,Agusan del Sur,Trento II,131996,Basa Elementary School,"BASA,TRENTO,AGUSAN DEL SUR",TRENTO,2nd District,BASA,Public,Partially Urban,DepED Managed,Purely ES
CARAGA,Agusan del Sur,Trento II,131997,Cahian Elementary School,"P-3, Cahian",TRENTO,2nd District,KAPATUNGAN,Public,Partially Urban,DepED Managed,Purely ES
CARAGA,Agusan del Sur,Trento II,132000,Gasa ES,-Gasa,TRENTO,2nd District,POBLACION,Public,Partially Urban,DepED Managed,Purely ES
CARAGA,Agusan del Sur,Trento II,132001,Isdaon Elementary School,Purok 13,TRENTO,2nd District,POBLACION,Public,Partially Urban,DepED Managed,Purely ES
CARAGA,Agusan del Sur,Trento II,132002,Kapatungan Elementary School,purok 2,TRENTO,2nd District,KAPATUNGAN,Public,Partially Urban,DepED Managed,Purely ES
CARAGA,Agusan del Sur,Trento II,132003,Langkila-an ES,Purok 1,TRENTO,2nd District,LANGKILA-AN,Public,Partially Urban,DepED Managed,Purely ES
CARAGA,Agusan del Sur,Trento II,132004,Maica ES,Maica,TRENTO,2nd District,KAPATUNGAN,Public,Partially Urban,DepED Managed,Purely ES
CARAGA,Agusan del Sur,Trento II,132005,Manat ES,"P-3, Manat, Trento, Agusan del Sur",TRENTO,2nd District,MANAT,Public,Partially Urban,DepED Managed,Purely ES
CARAGA,Agusan del Sur,Trento II,132006,Melfreda ES,Purok 3,TRENTO,2nd District,NEW VISAYAS,Public,Partially Urban,DepED Managed,Purely ES
CARAGA,Agusan del Sur,Trento II,132008,Pulanglupa ES,-,TRENTO,2nd District,PULANG-LUPA,Public,Partially Urban,DepED Managed,Purely ES
CARAGA,Agusan del Sur,Trento II,132009,Quimayong ES,Purok 1,TRENTO,2nd District,SAN ISIDRO,Public,Partially Urban,DepED Managed,Purely ES
CARAGA,Agusan del Sur,Trento II,132013,San Juan ES,"-Damsite, Tudela, TADS",TRENTO,2nd District,TUDELA,Public,Partially Urban,DepED Managed,Purely ES
CARAGA,Agusan del Sur,Trento II,132019,Trento West Central Elementary SPED Center,P-6,TRENTO,2nd District,POBLACION,Public,Partially Urban,DepED Managed,Purely ES
CARAGA,Agusan del Sur,Trento II,132020,Tudela Elementary School,-,TRENTO,2nd District,TUDELA,Public,Partially Urban,DepED Managed,Purely ES
CARAGA,Agusan del Sur,Trento II,132021,Upper Manat Elementary School,Purok 5,TRENTO,2nd District,MANAT,Public,Partially Urban,DepED Managed,Purely ES
CARAGA,Agusan del Sur,Trento II,132022,Upper New Visayas Elementary School,Purok 5,TRENTO,2nd District,NEW VISAYAS,Public,Partially Urban,DepED Managed,Purely ES
CARAGA,Agusan del Sur,Trento II,317409,Kapatungan National High School,-Purok 3,TRENTO,2nd District,KAPATUNGAN,Public,Partially Urban,DepED Managed,JHS with SHS
CARAGA,Agusan del Sur,Trento II,317412,Pulang Lupa NHS,-Purok-4,TRENTO,2nd District,PULANG-LUPA,Public,Partially Urban,DepED Managed,JHS with SHS
CARAGA,Agusan del Sur,Trento II,317438,SAN ROQUE NATIONAL HIGH SCHOOL,"-San Roque, Trento, Agusan del Sur",TRENTO,2nd District,SAN ROQUE,Public,Partially Urban,DepED Managed,JHS with SHS
CARAGA,Agusan del Sur,Trento II,317443,San Isidro National High School,"Purok 7, San Isidro, Trento, Agusan del Sur",TRENTO,2nd District,SAN ISIDRO,Public,Partially Urban,DepED Managed,JHS with SHS
CARAGA,Agusan del Sur,Bunawan II,131651,Consuelo Elementary School,"P-5 consuelo, bunawan agusan del sur",BUNAWAN,2nd District,CONSUELO,Public,Partially Urban,DepED Managed,Purely ES
CARAGA,Agusan del Sur,Bunawan II,131653,Hagnaya ES,"P-5, Hagnaya",BUNAWAN,2nd District,MAMBALILI,Public,Partially Urban,DepED Managed,Purely ES
CARAGA,Agusan del Sur,Bunawan II,131656,Kalingayan ES,Kalingayan,BUNAWAN,2nd District,CONSUELO,Public,Partially Urban,DepED Managed,Purely ES
CARAGA,Agusan del Sur,Bunawan II,131658,Mambalili ES,Purok 2,BUNAWAN,2nd District,MAMBALILI,Public,Partially Urban,DepED Managed,Purely ES
CARAGA,Agusan del Sur,Bunawan II,131659,Nueva Era ES,Campo 4,BUNAWAN,2nd District,NUEVA ERA,Public,Partially Urban,DepED Managed,Purely ES
CARAGA,Agusan del Sur,Bunawan II,131660,San Andres ES,Purok 2A San Andres,BUNAWAN,2nd District,SAN ANDRES,Public,Partially Urban,DepED Managed,Purely ES
CARAGA,Agusan del Sur,Bunawan II,131661,San Marcos ES,Purok-2,BUNAWAN,2nd District,SAN MARCOS,Public,Partially Urban,DepED Managed,Purely ES
CARAGA,Agusan del Sur,Bunawan II,131662,Sta. Monica Elementary School,P-13,BUNAWAN,2nd District,BUNAWAN BROOK,Public,Partially Urban,DepED Managed,Purely ES
CARAGA,Agusan del Sur,Bunawan II,131664,Upper Consuelo I Elementary School,"P-9, Upper Co-o,",BUNAWAN,2nd District,CONSUELO,Public,Partially Urban,DepED Managed,Purely ES
CARAGA,Agusan del Sur,Bunawan II,131665,West Bunawan Central Elementary School,"P-5, Poblacion",BUNAWAN,2nd District,POBLACION,Public,Partially Urban,DepED Managed,Purely ES
CARAGA,Agusan del Sur,Bunawan II,212013,Singanan Elementary School,Purok 7,BUNAWAN,2nd District,SAN ANDRES,Public,Partially Urban,DepED Managed,Purely ES
CARAGA,Agusan del Sur,Bunawan II,212022,Upper Consuelo II Elementary School,Purok Nangka,BUNAWAN,2nd District,CONSUELO,Public,Partially Urban,DepED Managed,Purely ES
CARAGA,Agusan del Sur,Bunawan II,472018,PASSAK Inc. (Saturnino Urios University),Dinagat San Marcos,BUNAWAN,Lone District,SAN MARCOS,Private,Partially Urban,Sectarian,Purely ES
CARAGA,Agusan del Sur,Bunawan II,472021,"Divine Word Manobo Cultural Development Academy Foundation, Inc.","Saenganan, Consuelo, Bunawan, Agusan del Sur",BUNAWAN,Lone District,CONSUELO,Private,Partially Urban,Sectarian,JHS with SHS
CARAGA,Agusan del Sur,Esperanza III,131670,Bunaguit Elementary School,-Purok 3,ESPERANZA,1st District,BUNAGUIT,Public,Partially Urban,DepED Managed,Purely ES
CARAGA,Agusan del Sur,Esperanza III,131671,Calabuan Elementary School,"Purok 1, Bgy. Kalabuan",ESPERANZA,1st District,POBLACION,Public,Partially Urban,DepED Managed,Purely ES
CARAGA,Agusan del Sur,Esperanza III,131672,Dakutan Central Elementary School,"PRK. 2, DAKUTAN,ESPERANZA,AGUSAN DEL SUR",ESPERANZA,1st District,DAKUTAN,Public,Partially Urban,DepED Managed,Purely ES
CARAGA,Agusan del Sur,Esperanza III,131674,Guibonon Elementary School,"P-1 Guibonon, Esperanza ADS",ESPERANZA,1st District,GUIBONON,Public,Partially Urban,DepED Managed,Purely ES
CARAGA,Agusan del Sur,Esperanza III,131677,Juan Luna ES,"Prk. 1, Crossing Luna, Esp. AdS.",ESPERANZA,1st District,CROSSING LUNA,Public,Partially Urban,DepED Managed,Purely ES
CARAGA,Agusan del Sur,Esperanza III,131682,Milagros ES,"Purok 2 Milagros,Esperanza,Agusan del Sur",ESPERANZA,1st District,MILAGROS,Public,Partially Urban,DepED Managed,Purely ES
CARAGA,Agusan del Sur,Esperanza III,131685,Jose Calo Agudo ES,"P-1, Piglawigan, Esperanza,Agusan del Sur",ESPERANZA,1st District,PIGLAWIGAN,Public,Partially Urban,DepED Managed,Purely ES
CARAGA,Agusan del Sur,Esperanza III,131687,Salug ES,"p-1, salug,,esperanza,agusan sur",ESPERANZA,1st District,SALUG,Public,Partially Urban,DepED Managed,Purely ES
CARAGA,Agusan del Sur,Esperanza III,131690,San Vicente PS,"Balagnan, San Vicente EADS",ESPERANZA,1st District,SAN VICENTE,Public,Partially Urban,DepED Managed,Purely ES
CARAGA,Agusan del Sur,Esperanza III,131691,Sinakungan Elementary School,Purok 1,ESPERANZA,1st District,SINAKUNGAN,Public,Partially Urban,DepED Managed,Purely ES
CARAGA,Agusan del Sur,Esperanza III,131693,Sta Fe Elementary School,-Puok 1,ESPERANZA,1st District,SANTA FE,Public,Partially Urban,DepED Managed,Purely ES
CARAGA,Agusan del Sur,Esperanza III,131695,Tagbalili Elementary School,"-P3, Tagbalili, Esperanza, Agsan del Sur",ESPERANZA,1st District,TAGBALILI,Public,Partially Urban,DepED Managed,Purely ES
CARAGA,Agusan del Sur,Esperanza III,131699,Catmonon Elementary School,"-Purok 3, Catmonon,Esperanza,Agusan del Sur",ESPERANZA,1st District,CATMONON,Public,Partially Urban,DepED Managed,Purely ES
CARAGA,Agusan del Sur,Esperanza III,131707,Nato ES,Purok 1,ESPERANZA,1st District,NATO,Public,Partially Urban,DepED Managed,Purely ES
CARAGA,Agusan del Sur,Esperanza III,212071,DOP SINAKUNGAN IP SCHOOL (IPA),SINAKUNGAN,ESPERANZA,1st District,SINAKUNGAN,Public,Partially Urban,DepED Managed,Purely ES
CARAGA,Agusan del Sur,Esperanza III,317440,Catmonon National High School,Purok 1,ESPERANZA,1st District,CATMONON,Public,Partially Urban,DepED Managed,JHS with SHS
CARAGA,Agusan del Sur,Esperanza III,317441,Salug Nhs,"SAlug,Esperanza,Agusan del SUr",ESPERANZA,1st District,SALUG,Public,Partially Urban,DepED Managed,JHS with SHS
CARAGA,Agusan del Sur,Esperanza III,410258,"Maranatha Christian Academy of San Francisco Agusan del Sur, Inc.","P-3b, Brgy. Karaos, San Francisco, Agusan del Sur",SAN FRANCISCO,2nd District,KARAUS,Private,Partially Urban,Non-Sectarian,Purely ES
CARAGA,Agusan del Sur,La Paz II,131748,Angeles Elementary School,Purok 1,LA PAZ,2nd District,ANGELES,Public,Partially Urban,DepED Managed,Purely ES
CARAGA,Agusan del Sur,La Paz II,131749,Bataan Elementary School,"P1 Bataan, La Paz, Agusan del Sur",LA PAZ,2nd District,BATAAN,Public,Partially Urban,DepED Managed,Purely ES
CARAGA,Agusan del Sur,La Paz II,131751,Dona Adela CES,"P-5, Panagangan, La Paz, Agusan del Sur",LA PAZ,2nd District,PANAGANGAN,Public,Partially Urban,DepED Managed,Purely ES
CARAGA,Agusan del Sur,La Paz II,131752,Halapitan Elementary School,P-3,LA PAZ,2nd District,HALAPITAN,Public,Partially Urban,DepED Managed,Purely ES
CARAGA,Agusan del Sur,La Paz II,131753,Kasapa II Elementary School,Purok 2,LA PAZ,2nd District,KASAPA II,Public,Partially Urban,DepED Managed,Purely ES
CARAGA,Agusan del Sur,La Paz II,131755,KM 41 PS,km41,LA PAZ,2nd District,VALENTINA,Public,Partially Urban,DepED Managed,Purely ES
CARAGA,Agusan del Sur,La Paz II,131757,Langasian ES,P-1,LA PAZ,2nd District,LANGASIAN,Public,Partially Urban,DepED Managed,Purely ES
CARAGA,Agusan del Sur,La Paz II,131759,Lope Cortes ES,-,LA PAZ,2nd District,VALENTINA,Public,Partially Urban,DepED Managed,Purely ES
CARAGA,Agusan del Sur,La Paz II,131764,Min-angkig Elementary School,Min-angkig,LA PAZ,2nd District,ANGELES,Public,Partially Urban,DepED Managed,Purely ES
CARAGA,Agusan del Sur,La Paz II,131765,Pinamoyanan elementary School,Purok 5,LA PAZ,2nd District,BATAAN,Public,Partially Urban,DepED Managed,Purely ES
CARAGA,Agusan del Sur,La Paz II,131767,Sagunto ES,-,LA PAZ,2nd District,SAGUNTO,Public,Partially Urban,DepED Managed,Purely ES
CARAGA,Agusan del Sur,La Paz II,212025,Kalampayan ES,"Kalampayan, Kasapa II, La Paz, ADS",LA PAZ,2nd District,KASAPA II,Public,Partially Urban,DepED Managed,Purely ES
CARAGA,Agusan del Sur,La Paz II,212031,Landing ES,PUROK 8,LA PAZ,2nd District,PANAGANGAN,Public,Partially Urban,DepED Managed,Purely ES
CARAGA,Agusan del Sur,Veruela II,131894,Anilao Elementary School,-,VERUELA,2nd District,SAMPAGUITA,Public,Partially Urban,DepED Managed,Purely ES
CARAGA,Agusan del Sur,Veruela II,131895,Anitap Elementary School,-,VERUELA,2nd District,ANITAP,Public,Partially Urban,DepED Managed,Purely ES
CARAGA,Agusan del Sur,Veruela II,131901,Candiis Elementary School,Purok 1,VERUELA,2nd District,CANDIIS,Public,Partially Urban,DepED Managed,Purely ES
CARAGA,Agusan del Sur,Veruela II,131902,Del Monte Elementary School,Purok Sunkist,VERUELA,2nd District,DEL MONTE,Public,Partially Urban,DepED Managed,Purely ES
CARAGA,Agusan del Sur,Veruela II,131905,Jusayan ES,JUSAYAN,VERUELA,2nd District,KATIPUNAN,Public,Partially Urban,DepED Managed,Purely ES
CARAGA,Agusan del Sur,Veruela II,131906,Katipunan ES,"Katipunan,Veruela,Agusan del Sur",VERUELA,2nd District,KATIPUNAN,Public,Partially Urban,DepED Managed,Purely ES
CARAGA,Agusan del Sur,Veruela II,131907,Kedijay ES,Kedijay,VERUELA,2nd District,LIMOT,Public,Partially Urban,DepED Managed,Purely ES
CARAGA,Agusan del Sur,Veruela II,131909,Limot ES,"Purok 1, Limot, Veruela, Agusan del sur",VERUELA,2nd District,LIMOT,Public,Partially Urban,DepED Managed,Purely ES
CARAGA,Agusan del Sur,Veruela II,131912,Mahayahay ES,"Purok 8,mahayahayay",VERUELA,2nd District,SAMPAGUITA,Public,Partially Urban,DepED Managed,Purely ES
CARAGA,Agusan del Sur,Veruela II,131914,Sampaguita CES,-,VERUELA,2nd District,SAMPAGUITA,Public,Partially Urban,DepED Managed,Purely ES
CARAGA,Agusan del Sur,Veruela II,131917,Sawagan ES,-Purok 1,VERUELA,2nd District,SAWAGAN,Public,Partially Urban,DepED Managed,Purely ES
CARAGA,Agusan del Sur,Veruela II,131918,Sinobong Central Elementary School,P-IC,VERUELA,2nd District,SINOBONG,Public,Partially Urban,DepED Managed,Purely ES
CARAGA,Agusan del Sur,Veruela II,131919,Sisimon Elementary School,-Purok 2,VERUELA,2nd District,SISIMON,Public,Partially Urban,DepED Managed,Purely ES
CARAGA,Agusan del Sur,Veruela II,131920,Sta. Cruz Elementary School,-Purok 2,VERUELA,2nd District,SANTA CRUZ,Public,Partially Urban,DepED Managed,Purely ES
CARAGA,Agusan del Sur,Veruela II,131921,Sta. Emelia Elementary School,-,VERUELA,2nd District,SANTA EMELIA,Public,Partially Urban,DepED Managed,Purely ES
CARAGA,Agusan del Sur,Veruela II,305478,Katipunan National High School,"Brgy. Katipunan Veruela, Agusan del Sur",VERUELA,2nd District,KATIPUNAN,Public,Partially Urban,DepED Managed,JHS with SHS
CARAGA,Agusan del Sur,Veruela II,317408,Sinobong National High School,Purok 1c,VERUELA,2nd District,SINOBONG,Public,Partially Urban,DepED Managed,JHS with SHS
CARAGA,Agusan del Sur,Veruela II,317445,Nueva Era High School,nueva era,VERUELA,2nd District,SAN GABRIEL,Public,Partially Urban,DepED Managed,JHS with SHS
CARAGA,Agusan del Sur,Veruela II,408623,"UCCP La Fortuna Christian Learning Center, Inc.","La Fortuna, Veruela, Agusan del Sur",VERUELA,2nd District,LA FORTUNA,Private,Partially Urban,Sectarian,Purely ES
CARAGA,Agusan del Sur,Rosario II,131813,Blocking Elementary School,Blocking,ROSARIO,2nd District,WASI-AN,Public,Partially Urban,DepED Managed,Purely ES
CARAGA,Agusan del Sur,Rosario II,131814,Bonifacio Central Elementary School,-Purok 3,ROSARIO,2nd District,BAYUGAN 3,Public,Partially Urban,DepED Managed,Purely ES
CARAGA,Agusan del Sur,Rosario II,131817,Cabawan Elementary School,-Cabawan Rosario Agusan del Sur,ROSARIO,2nd District,CABAWAN,Public,Partially Urban,DepED Managed,Purely ES
CARAGA,Agusan del Sur,Rosario II,131824,Masabong PS,Masabong,ROSARIO,2nd District,BAYUGAN 3,Public,Partially Urban,DepED Managed,Purely ES
CARAGA,Agusan del Sur,Rosario II,131825,Novele ES,"P.2,Novele",ROSARIO,2nd District,NOVELE,Public,Partially Urban,DepED Managed,Purely ES
CARAGA,Agusan del Sur,Rosario II,131830,Sta. Rosa Elementary School,"-P-8,Bayugan 3, Rosario Agusan del Sur",ROSARIO,2nd District,BAYUGAN 3,Public,Partially Urban,DepED Managed,Purely ES
CARAGA,Agusan del Sur,Rosario II,131831,Valentina Elementary School,-PALIBO,ROSARIO,2nd District,NOVELE,Public,Partially Urban,DepED Managed,Purely ES
CARAGA,Agusan del Sur,Rosario II,131832,Wasian Elementary School,Purok 5,ROSARIO,2nd District,WASI-AN,Public,Partially Urban,DepED Managed,Purely ES
CARAGA,Agusan del Sur,Rosario II,212054,"Jose T. Cuyos, Sr.II ES (II)",Purok 11,ROSARIO,2nd District,BAYUGAN 3,Public,Partially Urban,DepED Managed,Purely ES
CARAGA,Agusan del Sur,Rosario II,304745,Bayugan III National High School,Purok 3,ROSARIO,2nd District,BAYUGAN 3,Public,Partially Urban,DepED Managed,JHS with SHS
CARAGA,Agusan del Sur,Rosario II,408628,"Philippine Baptist Christian College of Mindanao, Inc","Purok Kawayan, Sta. Cruz, Rosario, Agusan del Sur",ROSARIO,2nd District,SANTA CRUZ,Private,Partially Urban,Sectarian,Purely ES
CARAGA,Agusan del Sur,Rosario II,409812,General Baptist Education Ministry Inc.,"Bayugan 3, Rosario, Agusan del Sur",ROSARIO,2nd District,BAYUGAN 3,Private,Partially Urban,Non-Sectarian,Purely ES
CARAGA,Agusan del Sur,San Francisco III,131835,Borbon Elementary School,"P2, BORBON SAN FRANCISCO AGUSAN DEL SUR",SAN FRANCISCO,2nd District,BORBON,Public,Partially Urban,DepED Managed,Purely ES
CARAGA,Agusan del Sur,San Francisco III,131837,Teodoro B. Ong Yiu Memorial School,Purok 3 Hubang,SAN FRANCISCO,2nd District,HUBANG,Public,Partially Urban,DepED Managed,Purely ES
CARAGA,Agusan del Sur,San Francisco III,131840,Lucac ES,"Lucac, San Francisco, Agusan del Sur",SAN FRANCISCO,2nd District,LUCAC,Public,Partially Urban,DepED Managed,Purely ES
CARAGA,Agusan del Sur,San Francisco III,131841,Pisaan ES,"Purok 2, Barangay Pisaan",SAN FRANCISCO,2nd District,PISA-AN,Public,Partially Urban,DepED Managed,Purely ES
CARAGA,Agusan del Sur,San Francisco III,131842,Pudlosan ES,"PUROK 4, SITIO PUDLOSAN, BORBON, SFADS",SAN FRANCISCO,2nd District,BORBON,Public,Partially Urban,DepED Managed,Purely ES
CARAGA,Agusan del Sur,San Francisco III,131843,Rizal ES,"PUROK 5, RIZAL SAN FRANCISCO, ADS",SAN FRANCISCO,2nd District,RIZAL,Public,Partially Urban,DepED Managed,Purely ES
CARAGA,Agusan del Sur,San Francisco III,131846,Tagapua Elementary School,"P-3A, Tagapua,SanFrancisco",SAN FRANCISCO,2nd District,TAGAPUA,Public,Partially Urban,DepED Managed,Purely ES
CARAGA,Agusan del Sur,San Francisco III,131859,San Francisco West Central Elementary School,"Bande Street, Barangay 3",SAN FRANCISCO,2nd District,BARANGAY 3 (POB.),Public,Partially Urban,DepED Managed,Purely ES
CARAGA,Agusan del Sur,San Francisco III,136966,DUMATRISFA Elementary School,"Brgy. Lucac, San Francisco, Agusan Del Sur",SAN FRANCISCO,2nd District,LUCAC,Public,Partially Urban,DepED Managed,Purely ES
CARAGA,Agusan del Sur,San Francisco III,212028,Manuel J. Labindao Elementary School,"P-6, Damilag",SAN FRANCISCO,2nd District,PISA-AN,Public,Partially Urban,DepED Managed,Purely ES
CARAGA,Agusan del Sur,San Francisco III,304711,Democrito O. Plaza MHS,"Brgy. Borbon, San Francisco, Agusan del Sur",SAN FRANCISCO,2nd District,BORBON,Public,Partially Urban,DepED Managed,JHS with SHS
CARAGA,Agusan del Sur,San Francisco III,404047,St. Francis Xavier College,"Brgy. 5, San Francisco, Agusan del Sur",SAN FRANCISCO,2nd District,BARANGAY 3 (POB.),Private,Partially Urban,Sectarian,Purely JHS
CARAGA,Agusan del Sur,San Francisco III,405940,"Mt. Carmel College of San Francisco, Inc.",Barangay 3,SAN FRANCISCO,Lone District,BARANGAY 3 (POB.),Private,Partially Urban,Sectarian,All Offering (K to 12)
CARAGA,Agusan del Sur,San Francisco III,405943,"San Francisco Christian Academy, Inc.",Purok 1,SAN FRANCISCO,Lone District,BARANGAY 5 (POB.),Private,Partially Urban,Sectarian,Purely ES
CARAGA,Agusan del Sur,San Francisco III,405944,San Francisco Colleges,Dado,SAN FRANCISCO,Lone District,BARANGAY 3 (POB.),Private,Partially Urban,Sectarian,JHS with SHS
CARAGA,Agusan del Sur,San Francisco III,405945,"San Francisco Adventist Elementary School, Inc.",Brgy 4,SAN FRANCISCO,Lone District,BARANGAY 4 (POB.),Private,Partially Urban,Non-Sectarian,Purely ES
CARAGA,Agusan del Sur,Prosperidad IV,131772,Aurora Elementary School,Purok-2,PROSPERIDAD (Capital),1st District,AURORA,Public,Partially Urban,DepED Managed,Purely ES
CARAGA,Agusan del Sur,Prosperidad IV,131773,Bagnan Elementary School,"-Purok 1, La Union, Prosperidad",PROSPERIDAD (Capital),1st District,LA UNION,Public,Partially Urban,DepED Managed,Purely ES
CARAGA,Agusan del Sur,Prosperidad IV,131774,Cordova Elementary School,none,PROSPERIDAD (Capital),1st District,NAPO,Public,Partially Urban,DepED Managed,Purely ES
CARAGA,Agusan del Sur,Prosperidad IV,131777,La Fortuna Eementary School,-Purok 9,PROSPERIDAD (Capital),1st District,AURORA,Public,Partially Urban,DepED Managed,Purely ES
CARAGA,Agusan del Sur,Prosperidad IV,131778,Las Navas ES,"P-5, Opao, Las Navas, PADS",PROSPERIDAD (Capital),1st District,LAS NAVAS,Public,Partially Urban,DepED Managed,Purely ES
CARAGA,Agusan del Sur,Prosperidad IV,131779,Lucena ES,"Purok 1,Lucena,Prosperidad,Agusan del Sur",PROSPERIDAD (Capital),1st District,LUCENA,Public,Partially Urban,DepED Managed,Purely ES
CARAGA,Agusan del Sur,Prosperidad IV,131781,New Visayas ES,"-New Visayas, La Union, Prosperidad, Agusan del Sur",PROSPERIDAD (Capital),1st District,LA UNION,Public,Partially Urban,DepED Managed,Purely ES
CARAGA,Agusan del Sur,Prosperidad IV,131783,San Agustin ES,"San Agustin, San Vicente, Prosperidad",PROSPERIDAD (Capital),1st District,SAN VICENTE,Public,Partially Urban,DepED Managed,Purely ES
CARAGA,Agusan del Sur,Prosperidad IV,131786,SAN RAFAEL ES,"-P-2,SAN RAFAEL,PROSPERIDAD,AGUSAN DEL SUR",PROSPERIDAD (Capital),1st District,SAN RAFAEL,Public,Partially Urban,DepED Managed,Purely ES
CARAGA,Agusan del Sur,Prosperidad IV,131787,San Roque ES,"Purok 1,San Roque",PROSPERIDAD (Capital),1st District,SAN ROQUE,Public,Partially Urban,DepED Managed,Purely ES
CARAGA,Agusan del Sur,Prosperidad IV,131788,San Vicente ES,"Purok 2, San Vicente",PROSPERIDAD (Capital),1st District,SAN VICENTE,Public,Partially Urban,DepED Managed,Purely ES
CARAGA,Agusan del Sur,Prosperidad IV,131789,West Prosperidad Central Elementary School,Purok 1A,PROSPERIDAD (Capital),1st District,LAS NAVAS,Public,Partially Urban,DepED Managed,Purely ES
CARAGA,Agusan del Sur,Prosperidad IV,304722,Lucena NHS,Purok 1,PROSPERIDAD (Capital),1st District,LUCENA,Public,Partially Urban,DepED Managed,JHS with SHS
CARAGA,Agusan del Sur,Prosperidad IV,317428,West Prosperidad National High School,Purok 2,PROSPERIDAD (Capital),1st District,LAS NAVAS,Public,Partially Urban,DepED Managed,JHS with SHS
CARAGA,Agusan del Sur,Prosperidad IV,317444,Aurora National High School,"Purok 2, Aurora",PROSPERIDAD (Capital),1st District,AURORA,Public,Partially Urban,DepED Managed,JHS with SHS
CARAGA,Agusan del Sur,San Francisco IV,131833,Alegria Elementary School,"-Brgy. 1, San Francisco, Agusan del Sur",SAN FRANCISCO,2nd District,ALEGRIA,Public,Partially Urban,DepED Managed,Purely ES
CARAGA,Agusan del Sur,San Francisco IV,131834,Bitan-agan Elementary School,-BITAN -AGAN,SAN FRANCISCO,2nd District,BITAN-AGAN,Public,Partially Urban,DepED Managed,Purely ES
CARAGA,Agusan del Sur,San Francisco IV,131836,Das-agan Elementary School,n/a,SAN FRANCISCO,2nd District,DAS-AGAN,Public,Partially Urban,DepED Managed,Purely ES
CARAGA,Agusan del Sur,San Francisco IV,131838,Karaos ES,"P3A, Karaos, San Francisco, Agusan Sur",SAN FRANCISCO,2nd District,KARAUS,Public,Partially Urban,DepED Managed,Purely ES
CARAGA,Agusan del Sur,San Francisco IV,131839,Ladgadan ES,baranggay Ladgadan,SAN FRANCISCO,2nd District,LADGADAN,Public,Partially Urban,DepED Managed,Purely ES
CARAGA,Agusan del Sur,San Francisco IV,131845,Sta. Ana Elementary School,"PUROK 1,STA ANA,SFADS",SAN FRANCISCO,2nd District,SANTA ANA,Public,Partially Urban,DepED Managed,Purely ES
CARAGA,Agusan del Sur,San Francisco IV,131848,Bayugan II Elementary School,Purok 2,SAN FRANCISCO,2nd District,BAYUGAN 2,Public,Partially Urban,DepED Managed,Purely ES
CARAGA,Agusan del Sur,San Francisco IV,131850,BY Tumulak Elementary School,Purok 9,SAN FRANCISCO,2nd District,BAYUGAN 2,Public,Partially Urban,DepED Managed,Purely ES
CARAGA,Agusan del Sur,San Francisco IV,131860,San Isidro ES,Purok 3,SAN FRANCISCO,2nd District,SAN ISIDRO,Public,Partially Urban,DepED Managed,Purely ES
CARAGA,Agusan del Sur,San Francisco IV,472022,"Enfant Cheri Study Centre, SFADS Branch, Inc.","Purok 6, Alegria",SAN FRANCISCO,Lone District,ALEGRIA,Private,Partially Urban,Non-Sectarian,ES and JHS (K to 10)
CARAGA,Agusan del Sur,Curriculum Implementation,405935,Monato Institute of Technology,Purok13,PROSPERIDAD (Capital),Lone District,POBLACION (BAHBAH),Private,Partially Urban,Sectarian,JHS with SHS
CARAGA,Butuan City,Central Butuan District I,132023,Butuan Central Elementary School,A.D. Curato Street,BUTUAN CITY (Capital),1st District,DIEGO SILANG POB. (BGY. 6),Public,Partially Urban,DepED Managed,Purely ES
CARAGA,Butuan City,Central Butuan District I,212502,Butuan City Special Education Center,A.D. Curato Street,BUTUAN CITY (Capital),1st District,DIEGO SILANG POB. (BGY. 6),Public,Partially Urban,DepED Managed,Purely ES
CARAGA,Butuan City,Central Butuan District I,304756,Agusan National High School,A.D. Curato St.,BUTUAN CITY (Capital),1st District,DIEGO SILANG POB. (BGY. 6),Public,Partially Urban,DepED Managed,JHS with SHS
CARAGA,Butuan City,Central Butuan District I,404051,"ACLC College of Butuan City, Inc.","999 J. C. Aquino Avenue, Butuan City",BUTUAN CITY (Capital),1st District,BAYANIHAN POB. (BGY. 27),Private,Partially Urban,Sectarian,Purely SHS
CARAGA,Butuan City,Central Butuan District I,404075,Asian College Foundation,"Km. 3, J.C. Aquino Avenue, Butuan City, Agusan Del Norte",BUTUAN CITY (Capital),1st District,BAYANIHAN POB. (BGY. 27),Private,Partially Urban,Sectarian,Purely SHS
CARAGA,Butuan City,Central Butuan District I,404077,Butuan Doctors' College,"J. C. Aquino Avenue, Bayanihan, Butuan City",BUTUAN CITY (Capital),1st District,BAYANIHAN POB. (BGY. 27),Private,Partially Urban,Non-Sectarian,Purely SHS
CARAGA,Butuan City,Central Butuan District I,405954,"Academia de Mercedes Business College, Inc.",711 Orchid Street Capitol Drive,BUTUAN CITY (Capital),1st District,DAGOHOY POB. (BGY. 7),Private,Partially Urban,Non-Sectarian,JHS with SHS
CARAGA,Butuan City,Central Butuan District I,405955,"Agusan Colleges, Inc.","San Jose Street,Butuan City",BUTUAN CITY (Capital),1st District,URDUJA POB. (BGY. 9),Private,Partially Urban,Non-Sectarian,All Offering (K to 12)
CARAGA,Butuan City,Central Butuan District I,405958,"Angelicum Montessori School, Inc.",South Drive Montilla Blvd.,BUTUAN CITY (Capital),1st District,LAPU-LAPU POB. (BGY. 8),Private,Partially Urban,Non-Sectarian,All Offering (K to 12)
CARAGA,Butuan City,Central Butuan District I,405959,Balite Institute of Technology,"181 R. Calo Street, Butuan City",BUTUAN CITY (Capital),1st District,SAN IGNACIO POB. (BGY. 15),Private,Partially Urban,Non-Sectarian,JHS with SHS
CARAGA,Butuan City,Central Butuan District I,405960,Butuan Brilliant Star Christian Academy Inc.,"Phase 2, Block 5, Lot 10-12, Emenville Subdivision,",BUTUAN CITY (Capital),1st District,AMBAGO,Private,Partially Urban,Non-Sectarian,Purely ES
CARAGA,Butuan City,Central Butuan District I,405962,Butuan Christian Community School,E.R. Ochoa Avenue,BUTUAN CITY (Capital),1st District,LIMAHA POB. (BGY. 14),Private,Partially Urban,Non-Sectarian,ES and JHS (K to 10)
CARAGA,Butuan City,Central Butuan District I,405963,Butuan City Colleges,Montilla Blvd.,BUTUAN CITY (Capital),1st District,TANDANG SORA POB. (BGY. 12),Private,Partially Urban,Non-Sectarian,JHS with SHS
CARAGA,Butuan City,Central Butuan District I,405964,Butuan City Mission Academy,8th St. Guingona Subdivision,BUTUAN CITY (Capital),1st District,JOSE RIZAL POB. (BGY. 25),Private,Partially Urban,Sectarian,Purely ES
CARAGA,Butuan City,Central Butuan District I,405966,"Butuan Faith Christian School, Inc.","T. Guingona Avenue, Butuan City",BUTUAN CITY (Capital),1st District,DAGOHOY POB. (BGY. 7),Private,Partially Urban,Non-Sectarian,Purely ES
CARAGA,Butuan City,Central Butuan District I,405968,"Butuan United Christian School,Inc.",850 R. Calo Street,BUTUAN CITY (Capital),1st District,HUMABON POB. (BGY. 11),Private,Partially Urban,Non-Sectarian,Purely ES
CARAGA,Butuan City,Central Butuan District I,405969,Cornerstone Christian Progressive School,P-3 Libertad,BUTUAN CITY (Capital),1st District,LIBERTAD,Private,Partially Urban,Non-Sectarian,Purely ES
CARAGA,Butuan City,Central Butuan District I,405970,Enfant Cheri Study Center Inc.,"P-1A, Upper Doongan, Butuan City",BUTUAN CITY (Capital),1st District,DOONGAN,Private,Partially Urban,Non-Sectarian,ES and JHS (K to 10)
CARAGA,Butuan City,Central Butuan District I,405971,"Father Urios Institute of Technology of Ampayon, Inc.","Ampayon, Butuan City",BUTUAN CITY (Capital),1st District,AMPAYON,Private,Partially Urban,Sectarian,JHS with SHS
CARAGA,Butuan City,Central Butuan District I,405972,Good Shepherd Christian Academy of Butuan City Inc.,"#340 4th St., Guingona Subd.,",BUTUAN CITY (Capital),1st District,JOSE RIZAL POB. (BGY. 25),Private,Partially Urban,Non-Sectarian,ES and JHS (K to 10)
CARAGA,Butuan City,Central Butuan District I,405973,Holy Child Colleges of Butuan,"2nd Street Guingona Subd., Butuan City",BUTUAN CITY (Capital),1st District,JOSE RIZAL POB. (BGY. 25),Private,Partially Urban,Non-Sectarian,All Offering (K to 12)
CARAGA,Butuan City,Central Butuan District I,405975,Light and Life Learning Center,"Tindalo St. Guingona Subd.,",BUTUAN CITY (Capital),1st District,JOSE RIZAL POB. (BGY. 25),Private,Partially Urban,Non-Sectarian,ES and JHS (K to 10)
CARAGA,Butuan City,Central Butuan District I,405976,Colegio Del Sto. Niño De Caraga,"Tugas St. Ochoa Avenue, Butuan City",BUTUAN CITY (Capital),1st District,LIMAHA POB. (BGY. 14),Private,Partially Urban,Sectarian,Purely JHS
CARAGA,Butuan City,Central Butuan District I,405977,Northeastern Mindanao Academy,P-10 NEMA,BUTUAN CITY (Capital),1st District,LOS ANGELES,Private,Partially Urban,Non-Sectarian,JHS with SHS
CARAGA,Butuan City,Central Butuan District I,405978,"Sacred Heart School of Butuan, Inc.","J.C Aquino Avenue, Butuan City",BUTUAN CITY (Capital),1st District,DIEGO SILANG POB. (BGY. 6),Private,Partially Urban,Sectarian,ES and JHS (K to 10)
CARAGA,Butuan City,Central Butuan District I,405981,St. Joseph Institute of Technology,"T. Calo St., Brgy. Leon Kilat",BUTUAN CITY (Capital),1st District,LEON KILAT POB. (BGY. 13),Private,Partially Urban,Non-Sectarian,All Offering (K to 12)
CARAGA,Butuan City,Central Butuan District I,405982,St. Therese of Lisiuex Montessori School,block 38 Lot 24 Phase 2,BUTUAN CITY (Capital),1st District,AMBAGO,Private,Partially Urban,Non-Sectarian,Purely ES
CARAGA,Butuan City,Central Butuan District I,405985,Timber City Academy,"604 Montilla Blvd, Butuan City",BUTUAN CITY (Capital),1st District,DIEGO SILANG POB. (BGY. 6),Private,Partially Urban,Non-Sectarian,All Offering (K to 12)
CARAGA,Butuan City,Central Butuan District I,405986,Father Saturnino Urios University Archbishop Morelos Campus (Basic Ed),"San Francisco St., Butuan City",BUTUAN CITY (Capital),1st District,LIBERTAD,Private,Partially Urban,Sectarian,All Offering (K to 12)
CARAGA,Butuan City,Central Butuan District I,407089,Philippine Electronics and Communications Institute of Technology,"Capitol-Bonbon Road, Imadejas Subd., Butuan City",BUTUAN CITY (Capital),1st District,BONBON,Private,Partially Urban,Sectarian,JHS with SHS
CARAGA,Butuan City,Central Butuan District I,407428,Center for Healthcare Professions Butuan,"264 3rd Floor S & V Bldg., R. Calo St., Butuan City",BUTUAN CITY (Capital),1st District,TANDANG SORA POB. (BGY. 12),Private,Partially Urban,Sectarian,Purely SHS
CARAGA,Butuan City,Central Butuan District I,407578,Father Saturnino Urios University - BP Pueblos Senior High,"San Francisco Street, Butuan City, Agusan del Norte",BUTUAN CITY (Capital),1st District,TANDANG SORA POB. (BGY. 12),Private,Partially Urban,Sectarian,Purely SHS
CARAGA,Butuan City,Central Butuan District I,408198,Saint Joseph Institute of Technology - Annex Campus,"T. Calo St., Butuan City",BUTUAN CITY (Capital),1st District,DAGOHOY POB. (BGY. 7),Private,Partially Urban,Non-Sectarian,Purely SHS
CARAGA,Butuan City,Central Butuan District I,409716,"Merchant Marine Academy of Caraga, Inc.","North Montilla Boulevard, Brgy. Ong Yiu, Butuan City",BUTUAN CITY (Capital),1st District,ONG YIU POB. (BGY. 16),Private,Partially Urban,Non-Sectarian,Purely SHS
CARAGA,Butuan City,Central Butuan District I,472502,"Eurasia Mission Academy, Inc.","Ambago Road, Ambago, Butuan City",BUTUAN CITY (Capital),1st District,LIBERTAD,Private,Partially Urban,Sectarian,Purely ES
CARAGA,Butuan City,Central Butuan District I,472503,"Rainbow of Angels Learning Center, Inc.","218 Montilla Boulevard, Butuan City",BUTUAN CITY (Capital),1st District,JOSE RIZAL POB. (BGY. 25),Private,Partially Urban,Non-Sectarian,Purely ES
CARAGA,Butuan City,Central Butuan District I,472505,Couples For Christ School of the Morning Star,"Brgy. Villa Kananga, Butuan City",BUTUAN CITY (Capital),1st District,VILLA KANANGA,Private,Partially Urban,Sectarian,All Offering (K to 12)
CARAGA,Butuan City,Central Butuan District I,472507,Divino Amore Preparatory School,"Purok 1 , Ampayon",BUTUAN CITY (Capital),1st District,AMPAYON,Private,Partially Urban,Sectarian,Purely ES
CARAGA,Butuan City,Central Butuan District I,472508,Faith Baptist Christian Academy,"Km.3 Hidalgo Village, Libertad, Butuan City",BUTUAN CITY (Capital),1st District,LIBERTAD,Private,Partially Urban,Non-Sectarian,ES and JHS (K to 10)
CARAGA,Butuan City,Central Butuan District I,472513,Libertad Light & Life Learning Center,"PUROK 3 LIBERTAD, BUTUAN CITY",BUTUAN CITY (Capital),1st District,LIBERTAD,Private,Partially Urban,Non-Sectarian,Purely ES
CARAGA,Butuan City,Central Butuan District I,472514,Philippine Electronics and Communication Institute of Technology,"PECBC Compound, Imadejas Subd., Butuan City",BUTUAN CITY (Capital),1st District,IMADEJAS POB. (BGY. 24),Private,Partially Urban,Non-Sectarian,Purely ES
CARAGA,Butuan City,Central Butuan District I,472515,"Solid Rock Shilo Mission Academy, Inc.","Villanueva Extension Street, Butuan City",BUTUAN CITY (Capital),1st District,TANDANG SORA POB. (BGY. 12),Private,Partially Urban,Non-Sectarian,Purely ES
CARAGA,Butuan City,Central Butuan District I,472517,"Caraga Children Academy Foundation, Inc.","purok 6 ambago, butuan city",BUTUAN CITY (Capital),1st District,AMBAGO,Private,Partially Urban,Non-Sectarian,Purely ES
CARAGA,Butuan City,Central Butuan District I,472523,Starland International School,34 Villanueva Ext. Tandang Sora,BUTUAN CITY (Capital),1st District,TANDANG SORA POB. (BGY. 12),Private,Partially Urban,Non-Sectarian,ES and JHS (K to 10)
CARAGA,Butuan City,Central Butuan District I,472524,"Rainbows Speechworld Learning Center, Inc. (New Town Village)",New Town Village,BUTUAN CITY (Capital),1st District,AMPAYON,Private,Partially Urban,Non-Sectarian,Purely ES
CARAGA,Butuan City,Central Butuan District I,472525,"Rainbows Speechworld Learning Center, Inc. (Aquino Avenue)","T. Guingona St. Corner Pizzaro St., Butuan City",BUTUAN CITY (Capital),1st District,LIBERTAD,Private,Partially Urban,Non-Sectarian,Purely ES
CARAGA,Butuan City,Central Butuan District I,472528,"Butuan Child Academy, Inc.",Purok 7 National Highway Ampayon,BUTUAN CITY (Capital),1st District,AMPAYON,Private,Partially Urban,Non-Sectarian,Purely ES
CARAGA,Butuan City,Central Butuan District I,472529,Northeastern Mindanao SDA Elem. School,P-10,BUTUAN CITY (Capital),1st District,LOS ANGELES,Private,Partially Urban,Sectarian,Purely ES
CARAGA,Butuan City,Central Butuan District I,501550,Tagkiling Tribal Integrated School,"Tagkiling, Butuan City",BUTUAN CITY (Capital),1st District,ANTICALA,Public,Partially Urban,DepED Managed,All Offering (K to 12)
CARAGA,Butuan City,Central Butuan District I,501551,Mahay Integrated School,"P-14 Mahay, Butuan City",BUTUAN CITY (Capital),1st District,MAHAY,Public,Partially Urban,DepED Managed,All Offering (K to 12)
CARAGA,Butuan City,Central Butuan District I,600222,Caraga State University - Main Campus,"Brgy. Ampayon, Butuan City, Agusan del Norte",BUTUAN CITY (Capital),1st District,AMPAYON,SUCs/LUCs,Partially Urban,SUC Managed,JHS with SHS
CARAGA,Butuan City,Central Butuan District II,132024,Bading ES,Brgy. Bading,BUTUAN CITY (Capital),1st District,BADING POB. (BGY. 22),Public,Partially Urban,DepED Managed,Purely ES
CARAGA,Butuan City,Central Butuan District II,132025,Obrero ES,Salvador Calo Street,BUTUAN CITY (Capital),1st District,OBRERO POB. (BGY. 18),Public,Partially Urban,DepED Managed,Purely ES
CARAGA,Butuan City,Central Butuan District II,132026,Ong Yiu CES,"P-8 Ong Yiu, Butuan City",BUTUAN CITY (Capital),1st District,ONG YIU POB. (BGY. 16),Public,Partially Urban,DepED Managed,Purely ES
CARAGA,Butuan City,Central Butuan District II,304762,Butuan City School of Arts and Trades,J. Rosales Avenue,BUTUAN CITY (Capital),1st District,TANDANG SORA POB. (BGY. 12),Public,Partially Urban,DepED Managed,JHS with SHS
CARAGA,Butuan City,Central Butuan District II,472532,Good Shepherd Learning Center of Butuan Inc.,P-7 Brgy. 18 Obrero,BUTUAN CITY (Capital),1st District,OBRERO POB. (BGY. 18),Private,Partially Urban,Non-Sectarian,Purely ES
CARAGA,Butuan City,Central Butuan District II,472541,"Light and Life Learning Center Andaya, Inc.","Andaya Subd., Brgy. Port Poyohon, Butuan City",BUTUAN CITY (Capital),1st District,PORT POYOHON POB. (BGY. 17 - NEW ASIA),Private,Partially Urban,Non-Sectarian,Purely ES
CARAGA,Butuan City,East Butuan District I,132027,Ampayon CES,"P2, Ampayon, Butuan City",BUTUAN CITY (Capital),1st District,AMPAYON,Public,Partially Urban,DepED Managed,Purely ES
CARAGA,Butuan City,East Butuan District I,132029,Antongalon ES,"P-2, Antongalon, Butuan City",BUTUAN CITY (Capital),1st District,ANTONGALON,Public,Partially Urban,DepED Managed,Purely ES
CARAGA,Butuan City,East Butuan District I,132031,Daan Taligaman Elementary School,Sitio Daan,BUTUAN CITY (Capital),1st District,BUGSUKAN,Public,Partially Urban,DepED Managed,Purely ES
CARAGA,Butuan City,East Butuan District I,132032,De Oro Elementay School,P-5,BUTUAN CITY (Capital),1st District,DE ORO,Public,Partially Urban,DepED Managed,Purely ES
CARAGA,Butuan City,East Butuan District I,132034,Imelda ES,"Imelda, Antongalon,",BUTUAN CITY (Capital),1st District,ANTONGALON,Public,Partially Urban,DepED Managed,Purely ES
CARAGA,Butuan City,East Butuan District I,132036,Pianing ES,-,BUTUAN CITY (Capital),1st District,PIANING,Public,Partially Urban,DepED Managed,Purely ES
CARAGA,Butuan City,East Butuan District I,132039,Taguibo Elementary School,"P-1 Taguibo, Butuan City",BUTUAN CITY (Capital),1st District,TAGUIBO,Public,Partially Urban,DepED Managed,Purely ES
CARAGA,Butuan City,East Butuan District I,132040,Taligaman ES,"P-3, Taligaman, Butuan City",BUTUAN CITY (Capital),1st District,TALIGAMAN,Public,Partially Urban,DepED Managed,Purely ES
CARAGA,Butuan City,East Butuan District I,132062,Basag ES,-P-Humay Basag,BUTUAN CITY (Capital),1st District,BASAG,Public,Partially Urban,DepED Managed,Purely ES
CARAGA,Butuan City,East Butuan District I,132067,Camayahan ES,Purok 3,BUTUAN CITY (Capital),1st District,CAMAYAHAN,Public,Partially Urban,DepED Managed,Purely ES
CARAGA,Butuan City,East Butuan District I,304771,Taligaman National High School,"Taligaman, Butuan City",BUTUAN CITY (Capital),1st District,TALIGAMAN,Public,Partially Urban,DepED Managed,JHS with SHS
CARAGA,Butuan City,East Butuan District I,317511,Ampayon National High School,P-3,BUTUAN CITY (Capital),1st District,AMPAYON,Public,Partially Urban,DepED Managed,JHS with SHS
CARAGA,Butuan City,East Butuan District I,340337,Butuan City Senior High School Stand Alone,"P9 Brgy. Taguibo, Butuan City",BUTUAN CITY (Capital),1st District,TAGUIBO,Public,Partially Urban,DepED Managed,Purely SHS
CARAGA,Butuan City,East Butuan District I,408367,Faith Baptist Children's Learning Center of Ampayon Incorporated,"Purok 3, Ampayon, Butuan City",BUTUAN CITY (Capital),1st District,AMPAYON,Private,Partially Urban,Non-Sectarian,Purely ES
CARAGA,Butuan City,East Butuan District I,408547,"Happy Kids Multiple Intelligence Preschool, Inc.","436 Purok 3, Libertad, Butuan City",BUTUAN CITY (Capital),1st District,LIBERTAD,Private,Partially Urban,Non-Sectarian,Purely ES
CARAGA,Butuan City,East Butuan District I,409068,"Bonbon Word of Life Kiddies Learning Center, Inc.","P-4, Bonbon, Butuan City",BUTUAN CITY (Capital),1st District,BONBON,Private,Partially Urban,Non-Sectarian,Purely ES
CARAGA,Butuan City,East Butuan District I,409244,"Agusan Pequeño Christian Academy, Inc.","Purok Kaugmaon,Agusan Pequeño, Butuan City",BUTUAN CITY (Capital),1st District,AGUSAN PEQUEÃ‘O,Private,Partially Urban,Sectarian,Purely ES
CARAGA,Butuan City,East Butuan District I,409803,"UCCP Obod-Obod Christian Learning Center, Inc.","Alviola Village, Km. 3 Baan, Butuan City",BUTUAN CITY (Capital),1st District,BAAN KM 3,Private,Partially Urban,Sectarian,Purely ES
CARAGA,Butuan City,East Butuan District I,472534,"Kingdom Message Ministry School, Inc.",Purok 1 Ampayon,BUTUAN CITY (Capital),1st District,AMPAYON,Private,Partially Urban,Non-Sectarian,ES and JHS (K to 10)
CARAGA,Butuan City,East Butuan District I,472535,"Blessed Pope John Paul II Learning Center, Inc.",National Highway,BUTUAN CITY (Capital),1st District,AMPAYON,Private,Partially Urban,Sectarian,Purely ES
CARAGA,Butuan City,East Butuan District I,472542,Baptist Heritage Learning Center of Ampayon Inc.,"P3A Ampayon, Butuan City",BUTUAN CITY (Capital),2nd District,AMPAYON,Private,Partially Urban,Non-Sectarian,Purely ES
CARAGA,Butuan City,East Butuan District I,501554,Bugsukan Integrated School,Purok 7,BUTUAN CITY (Capital),1st District,BUGSUKAN,Public,Partially Urban,DepED Managed,All Offering (K to 12)
CARAGA,Butuan City,North Butuan District,132042,Banza ES,"P-3 Banza, Butuan City",BUTUAN CITY (Capital),1st District,BANZA,Public,Partially Urban,DepED Managed,Purely ES
CARAGA,Butuan City,North Butuan District,132044,Bobon ES,P-2,BUTUAN CITY (Capital),1st District,BOBON,Public,Partially Urban,DepED Managed,Purely ES
CARAGA,Butuan City,North Butuan District,132047,MAUG ELEMENTARY SCHOOL,-P-5 Maug Butuan City,BUTUAN CITY (Capital),1st District,MAUG,Public,Partially Urban,DepED Managed,Purely ES
CARAGA,Butuan City,North Butuan District,132050,Silad-Mahogany Elem. School,-P-5 Silad-Mahogany,BUTUAN CITY (Capital),1st District,MAHOGANY POB. (BGY. 21),Public,Partially Urban,DepED Managed,Purely ES
CARAGA,Butuan City,North Butuan District,132052,Pedro D. Duncano ES (Tiniwisan ES),"P1, Tiniwisan",BUTUAN CITY (Capital),1st District,TINIWISAN,Public,Partially Urban,DepED Managed,Purely ES
CARAGA,Butuan City,North Butuan District,137050,Cabcabon Elementary School,P-1,BUTUAN CITY (Capital),1st District,CABCABON,Public,Partially Urban,DepED Managed,Purely ES
CARAGA,Butuan City,North Butuan District,304759,Banza National High School,Purok 3,BUTUAN CITY (Capital),1st District,BANZA,Public,Partially Urban,DepED Managed,JHS with SHS
CARAGA,Butuan City,North Butuan District,305835,Cabcabon National High School,"P-1, Cabcabon, Butuan City",BUTUAN CITY (Capital),1st District,CABCABON,Public,Partially Urban,DepED Managed,JHS with SHS
CARAGA,Butuan City,North Butuan District,317520,Pedro D. Duncano National HS,Tiniwisan,BUTUAN CITY (Capital),1st District,TINIWISAN,Public,Partially Urban,DepED Managed,JHS with SHS
CARAGA,Butuan City,North Butuan District,500318,Riverside Integrated School,"P-6 Baan Riverside, Butuan City",BUTUAN CITY (Capital),1st District,BAAN RIVERSIDE POB. (BGY. 20),Public,Partially Urban,DepED Managed,ES and JHS (K to 10)
CARAGA,Butuan City,Northwest Butuan District,132053,Agusan Pequeno ES,P-Madasigon,BUTUAN CITY (Capital),1st District,AGUSAN PEQUEÃ‘O,Public,Partially Urban,DepED Managed,Purely ES
CARAGA,Butuan City,Northwest Butuan District,132057,"Jose T. Domingo, Sr. CES","Ochoa Ave., Butuan City",BUTUAN CITY (Capital),1st District,LIMAHA POB. (BGY. 14),Public,Partially Urban,DepED Managed,Purely ES
CARAGA,Butuan City,Northwest Butuan District,132059,Pedro-Victorina Calo Elementary School,P-Sampaguita,BUTUAN CITY (Capital),1st District,PAGATPATAN,Public,Partially Urban,DepED Managed,Purely ES
CARAGA,Butuan City,Northwest Butuan District,304757,Agusan Pequeno NHS,Purok Mauswagon,BUTUAN CITY (Capital),1st District,AGUSAN PEQUEÃ‘O,Public,Partially Urban,DepED Managed,JHS with SHS
CARAGA,Butuan City,Northwest Butuan District,407918,"Crest Angels Academy of Butuan, Inc.","Corner T. Calo St., Langihan Road, Butuan City",BUTUAN CITY (Capital),1st District,LIMAHA POB. (BGY. 14),Private,Partially Urban,Non-Sectarian,Purely ES
CARAGA,Butuan City,Northwest Butuan District,408208,living Word Learning Center of Butuan,"P-2 Upper Doongan,Butuan City",BUTUAN CITY (Capital),2nd District,DOONGAN,Private,Partially Urban,Sectarian,Purely ES
CARAGA,Butuan City,Northwest Butuan District,501570,Doongan Integrated School,P 2 Doongan,BUTUAN CITY (Capital),1st District,DOONGAN,Public,Partially Urban,DepED Managed,ES and JHS (K to 10)
CARAGA,Butuan City,Southeast I Butuan District132068,132068,Datu Ecleo Elementary School,P-7 Lower Limatoc,BUTUAN CITY (Capital),1st District,MAIBU,Public,Partially Urban,DepED Managed,Purely ES
CARAGA,Butuan City,Southeast I Butuan District132069,132069,Don Francisco Elementary School,"Purok 4, Brgy. Don Francisco",BUTUAN CITY (Capital),1st District,DON FRANCISCO,Public,Partially Urban,DepED Managed,Purely ES
CARAGA,Butuan City,Southeast I Butuan District132071,132071,Dona Josefa Elementary School,"P-5, Salvacion",BUTUAN CITY (Capital),1st District,SALVACION,Public,Partially Urban,DepED Managed,Purely ES
CARAGA,Butuan City,Southeast I Butuan District132072,132072,Doña Teodora ES,"Purok -1,Sumile",BUTUAN CITY (Capital),1st District,SUMILE,Public,Partially Urban,DepED Managed,Purely ES
CARAGA,Butuan City,Southeast I Butuan District132075,132075,Lemon ES,Lemon,BUTUAN CITY (Capital),1st District,LEMON,Public,Partially Urban,DepED Managed,Purely ES
CARAGA,Butuan City,Southeast I Butuan District132077,132077,Maibu ES,Purok 2,BUTUAN CITY (Capital),1st District,MAIBU,Public,Partially Urban,DepED Managed,Purely ES
CARAGA,Butuan City,Southeast I Butuan District132079,132079,Pigdaulan ES,Pigdaulan,BUTUAN CITY (Capital),1st District,PIGDAULAN,Public,Partially Urban,DepED Managed,Purely ES
CARAGA,Butuan City,Southeast I Butuan District212505,212505,Datu Man-Oloy Tribal ES,Sumile,BUTUAN CITY (Capital),1st District,SUMILE,Public,Partially Urban,DepED Managed,Purely ES
CARAGA,Butuan City,Southeast I Butuan District304770,304770,Sumile National High School,Purok I-A,BUTUAN CITY (Capital),1st District,SUMILE,Public,Partially Urban,DepED Managed,JHS with SHS
CARAGA,Butuan City,Southeast I Butuan District305490,305490,Philippine Science High School - Caraga Region Campus,"Tiniwisan, Butuan City",BUTUAN CITY (Capital),1st District,TINIWISAN,Public,Partially Urban,DOST Managed,JHS with SHS
CARAGA,Butuan City,Southeast I Butuan District317505,317505,Maibu National High School,"P-2, MAIBU, BUTUAN CITY",BUTUAN CITY (Capital),1st District,MAIBU,Public,Partially Urban,DepED Managed,JHS with SHS
CARAGA,Butuan City,Southeast I Butuan District317521,317521,Pigdaulan National High School,Purok 3-B,BUTUAN CITY (Capital),1st District,PIGDAULAN,Public,Partially Urban,DepED Managed,JHS with SHS
CARAGA,Butuan City,Southeast I Butuan District501553,501553,Alviola Integrated School,"Alviola Village, Butuan City",BUTUAN CITY (Capital),1st District,BAAN KM 3,Public,Partially Urban,DepED Managed,All Offering (K to 12)
CARAGA,Butuan City,Southeast I Butuan District501573,501573,Tagabaca Integrated School,Upper Tagabaca,BUTUAN CITY (Capital),1st District,TAGABACA,Public,Partially Urban,DepED Managed,ES and JHS (K to 10)
CARAGA,Butuan City,Southeast I Butuan District501796,501796,Salvacion Integrated School,"P.1,Salvacion, Butuan City",BUTUAN CITY (Capital),1st District,SALVACION,Public,Partially Urban,DepED Managed,ES and JHS (K to 10)
CARAGA,Butuan City,South Butuan District I,132064,Bugabus Elementary School,Purok - 1,BUTUAN CITY (Capital),1st District,BUGABUS,Public,Partially Urban,DepED Managed,Purely ES
CARAGA,Butuan City,South Butuan District I,132082,Tagpulangi ES,-Tagpulangi,BUTUAN CITY (Capital),1st District,DULAG,Public,Partially Urban,DepED Managed,Purely ES
CARAGA,Butuan City,South Butuan District I,132083,Amparo CES,Purok 1,BUTUAN CITY (Capital),1st District,AMPARO,Public,Partially Urban,DepED Managed,Purely ES
CARAGA,Butuan City,South Butuan District I,132085,Bitan-agan Elementary School,"P-2, brgy. bitan-agan butuan city",BUTUAN CITY (Capital),1st District,BITAN-AGAN,Public,Partially Urban,DepED Managed,Purely ES
CARAGA,Butuan City,South Butuan District I,132086,Calaitan ES,Calaitan,BUTUAN CITY (Capital),1st District,MANILA DE BUGABUS,Public,Partially Urban,DepED Managed,Purely ES
CARAGA,Butuan City,South Butuan District I,132089,Dulag ES,p-6,BUTUAN CITY (Capital),1st District,DULAG,Public,Partially Urban,DepED Managed,Purely ES
CARAGA,Butuan City,South Butuan District I,132091,Imelda Mar ES,"-Manila de Bugabus, B.C",BUTUAN CITY (Capital),1st District,MANILA DE BUGABUS,Public,Partially Urban,DepED Managed,Purely ES
CARAGA,Butuan City,South Butuan District I,132095,Mabuhay ES,"-Mabuhay, Manila de Bugabus, Butuan City",BUTUAN CITY (Capital),1st District,MANILA DE BUGABUS,Public,Partially Urban,DepED Managed,Purely ES
CARAGA,Butuan City,South Butuan District I,132101,Sta Cruz Elementary School,-N/A,BUTUAN CITY (Capital),1st District,MANILA DE BUGABUS,Public,Partially Urban,DepED Managed,Purely ES
CARAGA,Butuan City,South Butuan District I,137051,La Soledad Elementary School,"P-2, NONGNONG",BUTUAN CITY (Capital),1st District,BASAG,Public,Partially Urban,DepED Managed,Purely ES
CARAGA,Butuan City,South Butuan District I,137052,Manila de Bugabus Elementary School,"P-2, MANILA DE BUGABUS BUTUAN CITY",BUTUAN CITY (Capital),1st District,MANILA DE BUGABUS,Public,Partially Urban,DepED Managed,Purely ES
CARAGA,Butuan City,South Butuan District I,281539,Salvacion Indigenous Community Elementary School,"P-16, Sitio Salvacion",BUTUAN CITY (Capital),1st District,MANILA DE BUGABUS,Public,Partially Urban,DepED Managed,Purely ES
CARAGA,Butuan City,South Butuan District I,304758,Amparo National High School,Purok - 1,BUTUAN CITY (Capital),1st District,AMPARO,Public,Partially Urban,DepED Managed,JHS with SHS
CARAGA,Butuan City,South Butuan District I,304761,Butuan City Comprehensive HS,"Purok 7, Dulag",BUTUAN CITY (Capital),1st District,DULAG,Public,Partially Urban,DepED Managed,JHS with SHS
CARAGA,Butuan City,South Butuan District I,305836,La Soledad National High School,Purok 2,BUTUAN CITY (Capital),1st District,BASAG,Public,Partially Urban,DepED Managed,JHS with SHS
CARAGA,Butuan City,South Butuan District I,305837,Manila de Bugabus National High School,"P-2, MANILA DE BUGABUS",BUTUAN CITY (Capital),1st District,MANILA DE BUGABUS,Public,Partially Urban,DepED Managed,JHS with SHS
CARAGA,Butuan City,South Butuan District I,408548,"UCCP-Los Angeles Christian Learning Center, Inc.","Los Angeles, Butuan City",BUTUAN CITY (Capital),1st District,LOS ANGELES,Private,Partially Urban,Sectarian,Purely ES
CARAGA,Butuan City,Southwest Butuan District,132105,Bit-os ES,"P-1 Bit-os, Butuan City",BUTUAN CITY (Capital),1st District,BIT-OS,Public,Partially Urban,DepED Managed,Purely ES
CARAGA,Butuan City,Southwest Butuan District,132106,Mandacpan ES,Purok 16-A,BUTUAN CITY (Capital),1st District,SAN VICENTE,Public,Partially Urban,DepED Managed,Purely ES
CARAGA,Butuan City,Southwest Butuan District,132108,San Roque ES,Purok 12 Sitio San Roque,BUTUAN CITY (Capital),1st District,BIT-OS,Public,Partially Urban,DepED Managed,Purely ES
CARAGA,Butuan City,Southwest Butuan District,132109,San Vicente ES,Purok 9,BUTUAN CITY (Capital),1st District,SAN VICENTE,Public,Partially Urban,DepED Managed,Purely ES
CARAGA,Butuan City,Southwest Butuan District,304769,San Vicente National High School,"Papaya St., San Vicente",BUTUAN CITY (Capital),1st District,SAN VICENTE,Public,Partially Urban,DepED Managed,JHS with SHS
CARAGA,Butuan City,Southwest Butuan District,407686,The Minister Butuan Grace Baptist and Tribal Ministries Inc.,"P.-14 Upper Mandacpan, Bgry. San Vicente",BUTUAN CITY (Capital),2nd District,SAN VICENTE,Private,Partially Urban,Non-Sectarian,Purely ES
CARAGA,Butuan City,Southwest Butuan District,408160,"BUTUAN FREE METHODIST EDUCATIONAL CENTER,INC.",SOUTH MONTILLA BOULEVARD,BUTUAN CITY (Capital),1st District,JOSE RIZAL POB. (BGY. 25),Private,Partially Urban,Non-Sectarian,Purely ES
CARAGA,Butuan City,Southwest Butuan District,472533,"Immaculate Conception Developmental Pathways, Inc.",157 Montalban Sr. St. St.Joseph Subd.,BUTUAN CITY (Capital),1st District,VILLA KANANGA,Private,Partially Urban,Non-Sectarian,ES and JHS (K to 10)
CARAGA,Butuan City,Southwest Butuan District,472539,Ampayon Free Methodist Learning Center Inc.,P3 Villa Paraiso Ampayon Butuan City,BUTUAN CITY (Capital),1st District,VILLA KANANGA,Private,Partially Urban,Non-Sectarian,Purely ES
CARAGA,Butuan City,Southwest Butuan District,472543,New Generations Academy,"P.6 New Generations Center, Malaybalay Road, Brgy. Villakanangga",BUTUAN CITY (Capital),1st District,VILLA KANANGA,Private,Partially Urban,Non-Sectarian,ES and JHS (K to 10)
CARAGA,Butuan City,Southwest Butuan District,501521,West Integrated School,R. Palma St,BUTUAN CITY (Capital),1st District,DAGOHOY POB. (BGY. 7),Public,Partially Urban,DepED Managed,ES and JHS (K to 10)
CARAGA,Butuan City,Southwest Butuan District,501571,Maon Integrated School,San Vicente Street,BUTUAN CITY (Capital),1st District,MAON POB. (BGY. 1),Public,Partially Urban,DepED Managed,ES and JHS (K to 10)
CARAGA,Butuan City,Southwest Butuan District,501784,Villa Kanangga Integrated School,Villa Kananga,BUTUAN CITY (Capital),1st District,VILLA KANANGA,Public,Partially Urban,DepED Managed,ES and JHS (K to 10)
CARAGA,Butuan City,West Butuan District I,132112,BLISS ES,"P6 B, Bliss, Libertad",BUTUAN CITY (Capital),1st District,LIBERTAD,Public,Partially Urban,DepED Managed,Purely ES
CARAGA,Butuan City,West Butuan District I,132113,Consuelo ES,Purok 7,BUTUAN CITY (Capital),1st District,DUMALAGAN,Public,Partially Urban,DepED Managed,Purely ES
CARAGA,Butuan City,West Butuan District I,132115,Gabriel ES,Purok 12-A,BUTUAN CITY (Capital),1st District,LIBERTAD,Public,Partially Urban,DepED Managed,Purely ES
CARAGA,Butuan City,West Butuan District I,132116,Kinamlutan ES,-P-2,BUTUAN CITY (Capital),1st District,KINAMLUTAN,Public,Partially Urban,DepED Managed,Purely ES
CARAGA,Butuan City,West Butuan District I,132118,Libertad CES,Purok 1,BUTUAN CITY (Capital),1st District,LIBERTAD,Public,Partially Urban,DepED Managed,Purely ES
CARAGA,Butuan City,West Butuan District I,132119,Mahayag ES,Purok 10,BUTUAN CITY (Capital),1st District,DUMALAGAN,Public,Partially Urban,DepED Managed,Purely ES
CARAGA,Butuan City,West Butuan District I,132121,Matin-ao ES,"P-6, Matin-ao, Bonbon, Butuan City",BUTUAN CITY (Capital),1st District,BONBON,Public,Partially Urban,DepED Managed,Purely ES
CARAGA,Butuan City,West Butuan District I,212503,Francisco T. Magno ES,Purok 9,BUTUAN CITY (Capital),1st District,BANCASI,Public,Partially Urban,DepED Managed,Purely ES
CARAGA,Butuan City,West Butuan District I,304763,Libertad National High School,"Balanghai Road, Purok 6, Libertad, Butuan City",BUTUAN CITY (Capital),1st District,LIBERTAD,Public,Partially Urban,DepED Managed,JHS with SHS
CARAGA,Butuan City,West Butuan District I,305839,Basag National High School,"Basag, Butuan City",BUTUAN CITY (Capital),1st District,BASAG,Public,Partially Urban,DepED Managed,JHS with SHS
CARAGA,Butuan City,West Butuan District I,317507,Consuelo National High School,Purok 7,BUTUAN CITY (Capital),1st District,DUMALAGAN,Public,Partially Urban,DepED Managed,JHS with SHS
CARAGA,Butuan City,West Butuan District I,408866,"4th Watch Maranatha Christian Academy of Butuan City, Inc.","Purok 2, Upper Doongan, Butuan City",BUTUAN CITY (Capital),1st District,DOONGAN,Private,Partially Urban,Sectarian,Purely ES
CARAGA,Butuan City,West Butuan District I,501201,La Trinidad Integrated School,"BONBON, BUTUAN CITY",BUTUAN CITY (Capital),1st District,BONBON,Public,Partially Urban,DepED Managed,All Offering (K to 12)
CARAGA,Butuan City,West Butuan District I,501572,Bancasi Integrated School,Purok 7,BUTUAN CITY (Capital),1st District,BANCASI,Public,Partially Urban,DepED Managed,ES and JHS (K to 10)
CARAGA,Butuan City,East Butuan District II,132028,Anticala ES,Purok -2 Anticala,BUTUAN CITY (Capital),1st District,ANTICALA,Public,Partially Urban,DepED Managed,Purely ES
CARAGA,Butuan City,East Butuan District II,132033,Dugyaman ES,Purok 5,BUTUAN CITY (Capital),1st District,ANTICALA,Public,Partially Urban,DepED Managed,Purely ES
CARAGA,Butuan City,East Butuan District II,132035,Mahayahay ES,"-Purok-2 Mahayahay, Anticala, Butuan City",BUTUAN CITY (Capital),1st District,ANTICALA,Public,Partially Urban,DepED Managed,Purely ES
CARAGA,Butuan City,East Butuan District II,132037,Sumilihon CES,SUMILIHON,BUTUAN CITY (Capital),1st District,SUMILIHON,Public,Partially Urban,DepED Managed,Purely ES
CARAGA,Butuan City,East Butuan District II,132041,A.J. Mejia ES,P-5 Baobaoan,BUTUAN CITY (Capital),1st District,BAOBAOAN,Public,Partially Urban,DepED Managed,Purely ES
CARAGA,Butuan City,East Butuan District II,132046,Los Angeles ES,"Purok 2, Los Angeles",BUTUAN CITY (Capital),1st District,LOS ANGELES,Public,Partially Urban,DepED Managed,Purely ES
CARAGA,Butuan City,East Butuan District II,132049,Jose R. Magno Elementary School,Purok 6,BUTUAN CITY (Capital),1st District,SANTO NINO,Public,Partially Urban,DepED Managed,Purely ES
CARAGA,Butuan City,East Butuan District II,132051,Sto Nino ES.,Purok 2,BUTUAN CITY (Capital),1st District,SANTO NINO,Public,Partially Urban,DepED Managed,Purely ES
CARAGA,Butuan City,East Butuan District II,137019,Sinaka IPED Elementary School,"Sitio Sinaka, Brgy. Anticala, Butuan City",BUTUAN CITY (Capital),1st District,ANTICALA,Public,Partially Urban,DepED Managed,Purely ES
CARAGA,Butuan City,East Butuan District II,304764,Los Angeles National High School,Purok 2,BUTUAN CITY (Capital),1st District,LOS ANGELES,Public,Partially Urban,DepED Managed,JHS with SHS
CARAGA,Butuan City,East Butuan District II,304765,Anticala National High School,Anticala,BUTUAN CITY (Capital),1st District,ANTICALA,Public,Partially Urban,DepED Managed,JHS with SHS
CARAGA,Butuan City,East Butuan District II,501522,Baobaoan Integrated School,P-1 BAOBAOAN,BUTUAN CITY (Capital),1st District,BAOBAOAN,Public,Partially Urban,DepED Managed,ES and JHS (K to 10)
CARAGA,Butuan City,South Butuan District II,132084,Bagong Silang ES,"P13-SAN MATEO, BUTUAN CITY",BUTUAN CITY (Capital),1st District,SAN MATEO,Public,Partially Urban,DepED Managed,Purely ES
CARAGA,Butuan City,South Butuan District II,132087,Danapa ES,"P 22 Danapa, Tungao, B.C.",BUTUAN CITY (Capital),1st District,TUNGAO,Public,Partially Urban,DepED Managed,Purely ES
CARAGA,Butuan City,South Butuan District II,132088,Dankias Elementary School,Purok 6,BUTUAN CITY (Capital),1st District,DANKIAS,Public,Partially Urban,DepED Managed,Purely ES
CARAGA,Butuan City,South Butuan District II,132090,M. L. Pineda MES (Florida ES),"Purok 9 Florida, Butuan City",BUTUAN CITY (Capital),1st District,FLORIDA,Public,Partially Urban,DepED Managed,Purely ES
CARAGA,Butuan City,South Butuan District II,132092,Kauswagan ES,P-14 KAUSWAGAN,BUTUAN CITY (Capital),1st District,SAN MATEO,Public,Partially Urban,DepED Managed,Purely ES
CARAGA,Butuan City,South Butuan District II,132094,Lamosig E/S,"Purok 23, Lamosig, Tungao Butuan City",BUTUAN CITY (Capital),1st District,TUNGAO,Public,Partially Urban,DepED Managed,Purely ES
CARAGA,Butuan City,South Butuan District II,132096,Mandamo Elementary School,"Mandamo, B.C.",BUTUAN CITY (Capital),1st District,MANDAMO,Public,Partially Urban,DepED Managed,Purely ES
CARAGA,Butuan City,South Butuan District II,132098,San Juan ES,Purok 13,BUTUAN CITY (Capital),1st District,FLORIDA,Public,Partially Urban,DepED Managed,Purely ES
CARAGA,Butuan City,South Butuan District II,132099,San Mateo Annex ES,"San Mateo,Butuan City",BUTUAN CITY (Capital),1st District,SAN MATEO,Public,Partially Urban,DepED Managed,Purely ES
CARAGA,Butuan City,South Butuan District II,132100,San Mateo Old ES,"P 2 San Mateo, B.C.",BUTUAN CITY (Capital),1st District,SAN MATEO,Public,Partially Urban,DepED Managed,Purely ES
CARAGA,Butuan City,South Butuan District II,132102,Tungao CES,Purok 15,BUTUAN CITY (Capital),1st District,TUNGAO,Public,Partially Urban,DepED Managed,Purely ES
CARAGA,Butuan City,South Butuan District II,132103,West Tungao ES,"P-25, San Roque, Tungao, ButuanCity",BUTUAN CITY (Capital),1st District,TUNGAO,Public,Partially Urban,DepED Managed,Purely ES
CARAGA,Butuan City,South Butuan District II,212504,Tud-ol ES,"P 28, Tud-ol, Tungao BC",BUTUAN CITY (Capital),1st District,TUNGAO,Public,Partially Urban,DepED Managed,Purely ES
CARAGA,Butuan City,South Butuan District II,304772,Tungao NHS,Purok 20,BUTUAN CITY (Capital),1st District,TUNGAO,Public,Partially Urban,DepED Managed,JHS with SHS
CARAGA,Butuan City,South Butuan District II,317501,FLORIDA NATIONAL HIGH SCHOOL,"P-2 MABA, FLORIDA, BUTUAN CITY",BUTUAN CITY (Capital),1st District,FLORIDA,Public,Partially Urban,DepED Managed,JHS with SHS
CARAGA,Butuan City,South Butuan District II,472536,"Christ the King Academy of Tungao, Inc.",Purok 9,BUTUAN CITY (Capital),1st District,TUNGAO,Private,Partially Urban,Non-Sectarian,ES and JHS (K to 10)
CARAGA,Butuan City,West Butuan District II,132055,Babag Elementary School,"Purok 2, Babag",BUTUAN CITY (Capital),1st District,BABAG,Public,Partially Urban,DepED Managed,Purely ES
CARAGA,Butuan City,West Butuan District II,132058,Lumbocan ES,"Purok2, Lumbocan, Butuan City",BUTUAN CITY (Capital),1st District,LUMBOCAN,Public,Partially Urban,DepED Managed,Purely ES
CARAGA,Butuan City,West Butuan District II,132114,Dalingdingan ES,"Sitio Dalingdingan, Pinamanculan,Butuan City",BUTUAN CITY (Capital),1st District,PINAMANCULAN,Public,Partially Urban,DepED Managed,Purely ES
CARAGA,Butuan City,West Butuan District II,132120,Masao ES,Purok 3,BUTUAN CITY (Capital),1st District,MASAO,Public,Partially Urban,DepED Managed,Purely ES
CARAGA,Butuan City,West Butuan District II,132123,Pinamanculan ES,Purok 1,BUTUAN CITY (Capital),1st District,PINAMANCULAN,Public,Partially Urban,DepED Managed,Purely ES
CARAGA,Butuan City,West Butuan District II,304766,Lumbocan National High School,Purok 1,BUTUAN CITY (Capital),1st District,LUMBOCAN,Public,Partially Urban,DepED Managed,JHS with SHS
CARAGA,Butuan City,West Butuan District II,317508,Pinamanculan National High School,Purok 5,BUTUAN CITY (Capital),1st District,PINAMANCULAN,Public,Partially Urban,DepED Managed,JHS with SHS
CARAGA,Butuan City,West Butuan District II,317510,Kinamlutan National High School,P-2,BUTUAN CITY (Capital),1st District,KINAMLUTAN,Public,Partially Urban,DepED Managed,JHS with SHS
CARAGA,Butuan City,West Butuan District II,408161,"Marion Business School of Butuan City, Inc.","Km 2,J.C. Aquino Avenue, Butuan City",BUTUAN CITY (Capital),1st District,HOLY REDEEMER POB. (BGY. 23),Private,Partially Urban,Non-Sectarian,Purely ES
CARAGA,Butuan City,West Butuan District II,408366,Ambago Light and Life Learning Center Incorporated,P.8 ambago butuan city,BUTUAN CITY (Capital),1st District,AMBAGO,Private,Partially Urban,Non-Sectarian,Purely ES
CARAGA,Butuan City,West Butuan District II,410419,Messiah Baptist Learning Center of Butuan City,"P-14 Upper Mandacpan, San Vicente, Butuan City",BUTUAN CITY (Capital),1st District,VILLA KANANGA,Private,Partially Urban,Non-Sectarian,Purely ES
CARAGA,Butuan City,West Butuan District II,472530,"Cheerful Cherubs Learning Center of Butuan,Inc.Butuan","411 Ochoa Ave., Butuan City",BUTUAN CITY (Capital),1st District,DAGOHOY POB. (BGY. 7),Private,Partially Urban,Non-Sectarian,Purely ES
CARAGA,Butuan City,West Butuan District II,501519,Ambago CES,Purok 7,BUTUAN CITY (Capital),1st District,AMBAGO,Public,Partially Urban,DepED Managed,ES and JHS (K to 10)
CARAGA,Butuan City,West Butuan District II,501552,Pareja Integrated School,"3rd St, Brgy.27 Bayanihan",BUTUAN CITY (Capital),1st District,BAYANIHAN POB. (BGY. 27),Public,Partially Urban,DepED Managed,All Offering (K to 12)
CARAGA,Butuan City,Southeast II Butuan District132061,132061,Aupagan ES,-Purok 5,BUTUAN CITY (Capital),1st District,AUPAGAN,Public,Partially Urban,DepED Managed,Purely ES
CARAGA,Butuan City,Southeast II Butuan District132063,132063,Bilay Elementary School,-Purok 4,BUTUAN CITY (Capital),1st District,BILAY,Public,Partially Urban,DepED Managed,Purely ES
CARAGA,Butuan City,Southeast II Butuan District132065,132065,Buhangin Elementary School,"P-4 Buhangin, Butuan City",BUTUAN CITY (Capital),1st District,BUHANGIN POB. (BGY. 19),Public,Partially Urban,DepED Managed,Purely ES
CARAGA,Butuan City,Southeast II Butuan District132066,132066,Cabaasan ES,Purok 14,BUTUAN CITY (Capital),1st District,MAGUINDA,Public,Partially Urban,DepED Managed,Purely ES
CARAGA,Butuan City,Southeast II Butuan District132070,132070,Don Gaudencio Santos ES,"Purok 5 Lower Tagabaca, Butuan City",BUTUAN CITY (Capital),1st District,TAGABACA,Public,Partially Urban,DepED Managed,Purely ES
CARAGA,Butuan City,Southeast II Butuan District132073,132073,"Datu Santiago B. Ecleo, Sr. Mem'l. Elem. School",P-1Maguinda,BUTUAN CITY (Capital),1st District,MAGUINDA,Public,Partially Urban,DepED Managed,Purely ES
CARAGA,Butuan City,Southeast II Butuan District132074,132074,F.R. Sibayan Central Elem. School,"Km. 3, Baan",BUTUAN CITY (Capital),1st District,BAAN KM 3,Public,Partially Urban,DepED Managed,Purely ES
CARAGA,Butuan City,Southeast II Butuan District132078,132078,Masago Elementary School,"Masago, Maguinda",BUTUAN CITY (Capital),1st District,MAGUINDA,Public,Partially Urban,DepED Managed,Purely ES
CARAGA,Butuan City,Southeast II Butuan District304760,304760,Bilay National High School,"Bilay, ButuanCity",BUTUAN CITY (Capital),1st District,BILAY,Public,Partially Urban,DepED Managed,JHS with SHS
CARAGA,Butuan City,Southeast II Butuan District304767,304767,Maguinda National High School,"Maguinda, Butuan City",BUTUAN CITY (Capital),1st District,MAGUINDA,Public,Partially Urban,DepED Managed,JHS with SHS
CARAGA,Butuan City,Southeast II Butuan District317502,317502,Aupagan National High School,Purok 5,BUTUAN CITY (Capital),1st District,AUPAGAN,Public,Partially Urban,DepED Managed,JHS with SHS
CARAGA,Butuan City,Southeast II Butuan District317513,317513,Bagong Silang National High School,P-13,BUTUAN CITY (Capital),1st District,SAN MATEO,Public,Partially Urban,DepED Managed,JHS with SHS
CARAGA,Siargao,Dapa East,132124,Cabawa Elementary School,Purok 3,DAPA,1st District,CABAWA,Public,Partially Urban,DepED Managed,Purely ES
CARAGA,Siargao,Dapa East,132125,Can-uyan Primary School,Sitio Can-uyan,DAPA,1st District,BARANGAY 1 (POB.),Public,Partially Urban,DepED Managed,Purely ES
CARAGA,Siargao,Dapa East,132126,Consolacion Elementary School,Purok Lerio,DAPA,1st District,CONSOLACION,Public,Partially Urban,DepED Managed,Purely ES
CARAGA,Siargao,Dapa East,132127,Corregidor Elementary Schoo,Purok 3,DAPA,1st District,CORREGIDOR,Public,Partially Urban,DepED Managed,Purely ES
CARAGA,Siargao,Dapa East,132128,Dagohoy Elementary School,Purok 3,DAPA,1st District,DAGOHOY,Public,Partially Urban,DepED Managed,Purely ES
CARAGA,Siargao,Dapa East,132129,Don Enrique Navarro Memorial School,Hospital Road,DAPA,1st District,BARANGAY 1 (POB.),Public,Partially Urban,DepED Managed,Purely ES
CARAGA,Siargao,Dapa East,132130,Don Paulino Elementary School,National High Way,DAPA,1st District,DON PAULINO,Public,Partially Urban,DepED Managed,Purely ES
CARAGA,Siargao,Dapa East,132131,Montserrat Elementary School,-,DAPA,1st District,MONTSERRAT,Public,Partially Urban,DepED Managed,Purely ES
CARAGA,Siargao,Dapa East,132132,Osmena Elementary School,Purok 3,DAPA,1st District,OSMEÃ‘A,Public,Partially Urban,DepED Managed,Purely ES
CARAGA,Siargao,Dapa East,132133,Sta Felomina Elementary School,None,DAPA,1st District,SANTA FELOMINA,Public,Partially Urban,DepED Managed,Purely ES
CARAGA,Siargao,Dapa East,132134,Union Elementary School,NONE,DAPA,1st District,UNION,Public,Partially Urban,DepED Managed,Purely ES
CARAGA,Siargao,Dapa East,304775,Consolacion National High School,Kumintang,DAPA,1st District,CONSOLACION,Public,Partially Urban,DepED Managed,JHS with SHS
CARAGA,Siargao,Dapa East,304791,Union National High School,Corner Sinday Tagalo St.,DAPA,1st District,UNION,Public,Partially Urban,DepED Managed,JHS with SHS
CARAGA,Siargao,Dapa East,317604,Siargao National Science High School,Bonifacio Street,DAPA,1st District,BARANGAY 6 (POB.),Public,Partially Urban,DepED Managed,JHS with SHS
CARAGA,Siargao,Dapa East,404100,Bucas Grande Foundation College,"Claudio St., Brgy. Taruc, Socorro, Surigao del Norte",SOCORRO,1st District,ALBINO TARUC,Private,Partially Urban,Non-Sectarian,Purely SHS
CARAGA,Siargao,Dapa East,405989,San Nicolas School,Sto. Nino Street,DAPA,1st District,BARANGAY 3 (POB.),Private,Partially Urban,Sectarian,JHS with SHS
CARAGA,Siargao,Dapa East,405990,"Sto. Niño Parish Early Childhood Education Center, Inc.",Sto. Niño St.,DAPA,1st District,BARANGAY 3 (POB.),Private,Partially Urban,Sectarian,Purely ES
CARAGA,Siargao,Dapa East,409157,"Sto. Niño Learning Center of Dapa, Inc.","Hospital Road, Dapa, Surigao del Norte",DAPA,1st District,BARANGAY 1 (POB.),Private,Partially Urban,Sectarian,Purely ES
CARAGA,Siargao,Dapa West,132135,Bagacay Elementary School,Purok 2,DAPA,1st District,BAGAKAY,Public,Partially Urban,DepED Managed,Purely ES
CARAGA,Siargao,Dapa West,132136,Buenavista Elementary School,Purok 3,DAPA,1st District,BUENAVISTA,Public,Partially Urban,DepED Managed,Purely ES
CARAGA,Siargao,Dapa West,132137,Cambas-ac Elementary School,Purok 1,DAPA,1st District,CAMBAS-AC,Public,Partially Urban,DepED Managed,Purely ES
CARAGA,Siargao,Dapa West,132138,Catabaan Elementary School,National Road,DAPA,1st District,BARANGAY 12 (POB.),Public,Partially Urban,DepED Managed,Purely ES
CARAGA,Siargao,Dapa West,132139,Dapa Central Elementary School & SPED Center,Quezon Street,DAPA,1st District,BARANGAY 10 (POB.),Public,Partially Urban,DepED Managed,Purely ES
CARAGA,Siargao,Dapa West,132140,Jubang Elementary School,None,DAPA,1st District,JUBANG,Public,Partially Urban,DepED Managed,Purely ES
CARAGA,Siargao,Dapa West,132141,New Uba Primary School,New Uba,DAPA,1st District,SAN CARLOS,Public,Partially Urban,DepED Managed,Purely ES
CARAGA,Siargao,Dapa West,132142,San Carlos Elementary School,-,DAPA,1st District,SAN CARLOS,Public,Partially Urban,DepED Managed,Purely ES
CARAGA,Siargao,Dapa West,132143,San Miguel Elementary School,Purok 1,DAPA,1st District,SAN MIGUEL,Public,Partially Urban,DepED Managed,Purely ES
CARAGA,Siargao,Dapa West,132144,Sta. Fe Elementary School,National Road,DAPA,1st District,SANTA FE,Public,Partially Urban,DepED Managed,Purely ES
CARAGA,Siargao,Dapa West,304774,Dapa National High School,Brgy 6,DAPA,1st District,BARANGAY 6 (POB.),Public,Partially Urban,DepED Managed,JHS with SHS
CARAGA,Siargao,Dapa West,317606,Dapa National High School-Annex,"Dagohoy, Dapa, Surigao Del Norte",DAPA,1st District,DAGOHOY,Public,Partially Urban,DepED Managed,Purely JHS
CARAGA,Siargao,Dapa West,404094,"Siargao Island Institute of Technology, Inc.","Brgy. 12, Dapa, Siargao Island, Surigao del Norte",DAPA,1st District,BARANGAY 12 (POB.),Private,Partially Urban,Sectarian,Purely SHS
CARAGA,Siargao,Dapa West,405988,"Heritage Bible Baptist Learning Center of Dapa, Inc.",National Road,DAPA,1st District,BARANGAY 12 (POB.),Private,Partially Urban,Sectarian,Purely ES
CARAGA,Siargao,Dapa West,473014,Dapa Faith Christian Academy,"Brgy. 13 Dapa, Surigao del Norte",DAPA,1st District,BARANGAY 13 (POB.),Private,Partially Urban,Sectarian,Purely ES
CARAGA,Siargao,General Luna,132145,Anajawan Elementary School,Purok 2,GENERAL LUNA,1st District,ANAJAWAN,Public,Partially Urban,DepED Managed,Purely ES
CARAGA,Siargao,General Luna,132146,Cabitoonan Elementary School,-,GENERAL LUNA,1st District,CABITOONAN,Public,Partially Urban,DepED Managed,Purely ES
CARAGA,Siargao,General Luna,132147,Catangnan Elementary School,Santa Ines,GENERAL LUNA,1st District,CATANGNAN,Public,Partially Urban,DepED Managed,Purely ES
CARAGA,Siargao,General Luna,132148,Consuelo Elementary School,Purok 2,GENERAL LUNA,1st District,CONSUELO,Public,Partially Urban,DepED Managed,Purely ES
CARAGA,Siargao,General Luna,132149,Corazon Elementary School,Purok 2,GENERAL LUNA,1st District,CORAZON,Public,Partially Urban,DepED Managed,Purely ES
CARAGA,Siargao,General Luna,132150,Daku Elementary School,"Daku, General Luna",GENERAL LUNA,1st District,DAKU,Public,Partially Urban,DepED Managed,Purely ES
CARAGA,Siargao,General Luna,132151,Dao Primary School,Sitio Dao,GENERAL LUNA,1st District,MAGSAYSAY,Public,Partially Urban,DepED Managed,Purely ES
CARAGA,Siargao,General Luna,132152,General Luna CES,"Brgy. 1, Poblacion",GENERAL LUNA,1st District,POBLACION I (PUROK I),Public,Partially Urban,DepED Managed,Purely ES
CARAGA,Siargao,General Luna,132153,La Januza Elementary School,Purok 1,GENERAL LUNA,1st District,LA JANUZA,Public,Partially Urban,DepED Managed,Purely ES
CARAGA,Siargao,General Luna,132154,Libertad Elementary School,Purok 2,GENERAL LUNA,1st District,LIBERTAD,Public,Partially Urban,DepED Managed,Purely ES
CARAGA,Siargao,General Luna,132155,Magsaysay Elementary School,-,GENERAL LUNA,1st District,MAGSAYSAY,Public,Partially Urban,DepED Managed,Purely ES
CARAGA,Siargao,General Luna,132156,Malinao Elementary Schol,"Barangay Malinao,Gen.Luna,SDN",GENERAL LUNA,1st District,MALINAO,Public,Partially Urban,DepED Managed,Purely ES
CARAGA,Siargao,General Luna,132157,Mam-on Primary school,Sitio Mam-on,GENERAL LUNA,1st District,SUYANGAN,Public,Partially Urban,DepED Managed,Purely ES
CARAGA,Siargao,General Luna,132158,Sta. Cruz Elementary School,purok 1,GENERAL LUNA,1st District,SANTA CRUZ,Public,Partially Urban,DepED Managed,Purely ES
CARAGA,Siargao,General Luna,132159,Sta. Fe Elementary School,Purok 2,GENERAL LUNA,1st District,SANTA FE,Public,Partially Urban,DepED Managed,Purely ES
CARAGA,Siargao,General Luna,132160,Suyangan Elementary School,Purok 2,GENERAL LUNA,1st District,SUYANGAN,Public,Partially Urban,DepED Managed,Purely ES
CARAGA,Siargao,General Luna,132161,Tawin-Tawin Elementary School,Purok 5,GENERAL LUNA,1st District,TAWIN-TAWIN,Public,Partially Urban,DepED Managed,Purely ES
CARAGA,Siargao,General Luna,304777,Gen Luna National High School,Poblacion 1,GENERAL LUNA,1st District,POBLACION I (PUROK I),Public,Partially Urban,DepED Managed,JHS with SHS
CARAGA,Siargao,General Luna,304778,Sta. Fe National High School,"Sta. Fe, General Luna Provincial Road",GENERAL LUNA,1st District,SANTA FE,Public,Partially Urban,DepED Managed,JHS with SHS
CARAGA,Siargao,General Luna,317601,Suyangan National High School,Suyangan,GENERAL LUNA,1st District,SUYANGAN,Public,Partially Urban,DepED Managed,JHS with SHS
CARAGA,Siargao,General Luna,317603,Gen. Luna NHS - Consuelo NHS Annex,National Highway,GENERAL LUNA,1st District,CONSUELO,Public,Partially Urban,DepED Managed,Purely JHS
CARAGA,Siargao,General Luna,473002,Kid's House Learning Center,Brgy 3,GENERAL LUNA,2nd District,POBLACION III (PUROK III),Private,Partially Urban,Non-Sectarian,Purely ES
CARAGA,Siargao,General Luna,474026,"NISSI ACADEMY, INC.","Purok 5, Cambando Street, Catangnan Road",GENERAL LUNA,1st District,POBLACION V (PUROK V),Private,Partially Urban,Sectarian,Purely ES
CARAGA,Siargao,Numancia East,132162,Antipolo Elementary School,Purok 5,DEL CARMEN,1st District,ANTIPOLO,Public,Partially Urban,DepED Managed,Purely ES
CARAGA,Siargao,Numancia East,132164,Bitoon Elementary School,Purok 3,DEL CARMEN,1st District,BITOON,Public,Partially Urban,DepED Managed,Purely ES
CARAGA,Siargao,Numancia East,132165,Cabugao Elementary School,National Highway,DEL CARMEN,1st District,CABUGAO,Public,Partially Urban,DepED Managed,Purely ES
CARAGA,Siargao,Numancia East,132168,Esperanza Elementary School,-,DEL CARMEN,1st District,ESPERANZA,Public,Partially Urban,DepED Managed,Purely ES
CARAGA,Siargao,Numancia East,132173,Lobogon Elementary School,Purok 2,DEL CARMEN,1st District,LOBOGON,Public,Partially Urban,DepED Managed,Purely ES
CARAGA,Siargao,Numancia East,132175,Mahayahay Elementary School,Purok 3,DEL CARMEN,1st District,MAHAYAHAY,Public,Partially Urban,DepED Managed,Purely ES
CARAGA,Siargao,Numancia East,132177,Quezon Primary School,-,DEL CARMEN,1st District,QUEZON,Public,Partially Urban,DepED Managed,Purely ES
CARAGA,Siargao,Numancia East,132178,San Fernando Elementary School,-None,DEL CARMEN,1st District,SAN FERNANDO,Public,Partially Urban,DepED Managed,Purely ES
CARAGA,Siargao,Numancia East,132179,Sayak Elementary School,Purok 3,DEL CARMEN,1st District,SAYAK,Public,Partially Urban,DepED Managed,Purely ES
CARAGA,Siargao,Numancia East,132180,Tuboran Elementary School,Purok 1,DEL CARMEN,1st District,TUBORAN,Public,Partially Urban,DepED Managed,Purely ES
CARAGA,Siargao,Numancia East,304776,Mariano Matugas Memorial National High School,Purok 1,DEL CARMEN,1st District,TUBORAN,Public,Partially Urban,DepED Managed,JHS with SHS
CARAGA,Siargao,Numancia East,317605,Oguing Navarro Memorial National High School,"Sayak, Del Carmen, Surigao Del Norte",DEL CARMEN,1st District,SAYAK,Public,Partially Urban,DepED Managed,JHS with SHS
CARAGA,Siargao,Numancia East,408835,"Espoir School of Life, Inc.","Lobogon, Del Carmen, Surigao del Norte",DEL CARMEN,1st District,LOBOGON,Private,Partially Urban,Non-Sectarian,Purely ES
CARAGA,Siargao,Pilar,132181,Caridad Elementary School,Caridad,PILAR,1st District,CARIDAD,Public,Partially Urban,DepED Managed,Purely ES
CARAGA,Siargao,Pilar,132182,Consolacion Elementary School,Purok 1,PILAR,1st District,CONSOLACION,Public,Partially Urban,DepED Managed,Purely ES
CARAGA,Siargao,Pilar,132183,Datu Elementary School,National Road,PILAR,1st District,DATU,Public,Partially Urban,DepED Managed,Purely ES
CARAGA,Siargao,Pilar,132184,Dayaohay Primary School,National Road,PILAR,1st District,DAYAOHAY,Public,Partially Urban,DepED Managed,Purely ES
CARAGA,Siargao,Pilar,132185,Jaboy Elementary School,Trigo St.,PILAR,1st District,JABOY,Public,Partially Urban,DepED Managed,Purely ES
CARAGA,Siargao,Pilar,132186,Katipunan Elementary School,"Purok 3, Masayon Street",PILAR,1st District,KATIPUNAN,Public,Partially Urban,DepED Managed,Purely ES
CARAGA,Siargao,Pilar,132187,Maasin Elementary School,-,PILAR,1st District,MAASIN,Public,Partially Urban,DepED Managed,Purely ES
CARAGA,Siargao,Pilar,132188,Mabini Elementary School,Purok-3,PILAR,1st District,MABINI,Public,Partially Urban,DepED Managed,Purely ES
CARAGA,Siargao,Pilar,132189,Mabuhay Elementary School,Purok 1,PILAR,1st District,MABUHAY,Public,Partially Urban,DepED Managed,Purely ES
CARAGA,Siargao,Pilar,132190,Pilar Central Elementary School,Purok Tisa,PILAR,1st District,ASINAN (POB.),Public,Partially Urban,DepED Managed,Purely ES
CARAGA,Siargao,Pilar,132191,Salvacion Elementary School,"Purok 1, San Jose St.",PILAR,1st District,SALVACION,Public,Partially Urban,DepED Managed,Purely ES
CARAGA,Siargao,Pilar,132192,San Roque Elementary School,-,PILAR,1st District,SAN ROQUE,Public,Partially Urban,DepED Managed,Purely ES
CARAGA,Siargao,Pilar,304779,Pilar National High School,Asinan,PILAR,1st District,ASINAN (POB.),Public,Partially Urban,DepED Managed,JHS with SHS
CARAGA,Siargao,Pilar,304780,Caridad National High School,Purok 1,PILAR,1st District,CARIDAD,Public,Partially Urban,DepED Managed,JHS with SHS
CARAGA,Siargao,San Isidro,132193,Buhing Calipay Elementary School,Purok 2,SAN ISIDRO,1st District,BUHING CALIPAY,Public,Partially Urban,DepED Managed,Purely ES
CARAGA,Siargao,San Isidro,132194,Del Pilar Elementary School,National Road,SAN ISIDRO,1st District,DEL PILAR,Public,Partially Urban,DepED Managed,Purely ES
CARAGA,Siargao,San Isidro,132195,Macapagal Primary School,National Road,SAN ISIDRO,1st District,MACAPAGAL,Public,Partially Urban,DepED Managed,Purely ES
CARAGA,Siargao,San Isidro,132196,Pacifico Primary School,National Road,SAN ISIDRO,1st District,PACIFICO,Public,Partially Urban,DepED Managed,Purely ES
CARAGA,Siargao,San Isidro,132197,Pelaez Elementary School,Purok 2,SAN ISIDRO,1st District,PELAEZ,Public,Partially Urban,DepED Managed,Purely ES
CARAGA,Siargao,San Isidro,132198,Roxas Elementary School,Palarca Street,SAN ISIDRO,1st District,ROXAS,Public,Partially Urban,DepED Managed,Purely ES
CARAGA,Siargao,San Isidro,132199,San Isidro Central Elementary School,"P-5,Dona Helen St. national road",SAN ISIDRO,1st District,DEL CARMEN (POB.),Public,Partially Urban,DepED Managed,Purely ES
CARAGA,Siargao,San Isidro,132200,San Miguel Primary School,Purok 1,SAN ISIDRO,1st District,SAN MIGUEL,Public,Partially Urban,DepED Managed,Purely ES
CARAGA,Siargao,San Isidro,132201,Sta. Paz Elementary School,"Purok 3, Bonono St.",SAN ISIDRO,1st District,SANTA PAZ,Public,Partially Urban,DepED Managed,Purely ES
CARAGA,Siargao,San Isidro,132202,Sto. Nino Elementary School,Purok 1,SAN ISIDRO,1st District,SANTO NINO,Public,Partially Urban,DepED Managed,Purely ES
CARAGA,Siargao,San Isidro,132203,Tambacan Elementary School,Purok 3,SAN ISIDRO,1st District,TAMBACAN,Public,Partially Urban,DepED Managed,Purely ES
CARAGA,Siargao,San Isidro,132204,Tigasao Elementary School,National Road,SAN ISIDRO,1st District,TIGASAO,Public,Partially Urban,DepED Managed,Purely ES
CARAGA,Siargao,San Isidro,304782,San Isidro National High School,Purok 3,SAN ISIDRO,1st District,DEL CARMEN (POB.),Public,Partially Urban,DepED Managed,JHS with SHS
CARAGA,Siargao,San Isidro,304784,Roxas National High School,Estoque St.,SAN ISIDRO,1st District,ROXAS,Public,Partially Urban,DepED Managed,JHS with SHS
CARAGA,Siargao,Sapao,132205,Abad Santos Elementary School,Purok 2,SANTA MONICA (SAPAO),1st District,ABAD SANTOS,Public,Partially Urban,DepED Managed,Purely ES
CARAGA,Siargao,Sapao,132206,Alegria Elementary School,Purok 3,SANTA MONICA (SAPAO),1st District,ALEGRIA,Public,Partially Urban,DepED Managed,Purely ES
CARAGA,Siargao,Sapao,132207,Bailan Elementary School,"Purok - 1, Crispolo St.",SANTA MONICA (SAPAO),1st District,BAILAN,Public,Partially Urban,DepED Managed,Purely ES
CARAGA,Siargao,Sapao,132208,Garcia Elementary School,-,SANTA MONICA (SAPAO),1st District,GARCIA,Public,Partially Urban,DepED Managed,Purely ES
CARAGA,Siargao,Sapao,132209,Libertad Elementary School,-,SANTA MONICA (SAPAO),1st District,LIBERTAD,Public,Partially Urban,DepED Managed,Purely ES
CARAGA,Siargao,Sapao,132210,Mabini Elementary School,Provincial Road,SANTA MONICA (SAPAO),1st District,MABINI,Public,Partially Urban,DepED Managed,Purely ES
CARAGA,Siargao,Sapao,132211,Magsaysay Elementary School,Purok 4,SANTA MONICA (SAPAO),1st District,MAGSAYSAY,Public,Partially Urban,DepED Managed,Purely ES
CARAGA,Siargao,Sapao,132212,Rizal Elementary School,SAN PEDRO ST.,SANTA MONICA (SAPAO),1st District,RIZAL,Public,Partially Urban,DepED Managed,Purely ES
CARAGA,Siargao,Sapao,132213,Sapao Central Elementary School,Purok 6,SANTA MONICA (SAPAO),1st District,T. ARLAN (POB.),Public,Partially Urban,DepED Managed,Purely ES
CARAGA,Siargao,Sapao,132214,Tangbo Elementary School,None,SANTA MONICA (SAPAO),1st District,TANGBO,Public,Partially Urban,DepED Managed,Purely ES
CARAGA,Siargao,Sapao,304785,Sapao National High School,PUROK 6,SANTA MONICA (SAPAO),1st District,MABUHAY (POB.),Public,Partially Urban,DepED Managed,JHS with SHS
CARAGA,Siargao,Sapao,304786,Libertad National High School,Purok 7,SANTA MONICA (SAPAO),1st District,LIBERTAD,Public,Partially Urban,DepED Managed,JHS with SHS
CARAGA,Siargao,Sapao,317607,Alegria National High School,Purok 4,SANTA MONICA (SAPAO),1st District,ALEGRIA,Public,Partially Urban,DepED Managed,JHS with SHS
CARAGA,Siargao,Sapao,408870,"Hebron Baptist Learning Center of Sapao, Inc.","Brgy. Mabuhay, Sta. Monica, Surigao del Norte",SANTA MONICA (SAPAO),1st District,MABUHAY (POB.),Private,Partially Urban,Sectarian,Purely ES
CARAGA,Siargao,Sapao,473010,"Sta. Monica Children's Garden Learning Center, Inc.",P-4 Mabuhay Sta.Monica SDN,SANTA MONICA (SAPAO),1st District,T. ARLAN (POB.),Private,Partially Urban,Sectarian,Purely ES
CARAGA,Siargao,Burgos,132215,Baybay Elementary School,Sta. Rita St.,BURGOS,1st District,BAYBAY,Public,Partially Urban,DepED Managed,Purely ES
CARAGA,Siargao,Burgos,132216,Bitaug Elementary School,Purok 1,BURGOS,1st District,BITAUG,Public,Partially Urban,DepED Managed,Purely ES
CARAGA,Siargao,Burgos,132217,Burgos Central Elementary School,Purok 1 Calachuche,BURGOS,1st District,POBLACION 1,Public,Partially Urban,DepED Managed,Purely ES
CARAGA,Siargao,Burgos,132218,Matin-ao Elementary School,-,BURGOS,1st District,MATIN-AO,Public,Partially Urban,DepED Managed,Purely ES
CARAGA,Siargao,Burgos,132219,San Mateo Elementary School,Purok III,BURGOS,1st District,SAN MATEO,Public,Partially Urban,DepED Managed,Purely ES
CARAGA,Siargao,Burgos,304773,Burgos National High School,Talisay,BURGOS,1st District,POBLACION 1,Public,Partially Urban,DepED Managed,JHS with SHS
CARAGA,Siargao,Socorro East District,132220,Bay-ang Elementary School,Doña Helene,SOCORRO,1st District,HELENE,Public,Partially Urban,DepED Managed,Purely ES
CARAGA,Siargao,Socorro East District,132221,Don. Albino Taruc Memorial ES,Matugas Street,SOCORRO,1st District,ALBINO TARUC,Public,Partially Urban,DepED Managed,Purely ES
CARAGA,Siargao,Socorro East District,132222,Lanit-ag Elementary School,"Purok 1, Sitio Lanit-ag",SOCORRO,1st District,SERING,Public,Partially Urban,DepED Managed,Purely ES
CARAGA,Siargao,Socorro East District,132223,N. SERING ELEMENTARY SCHOOL,N. SERING,SOCORRO,1st District,SERING,Public,Partially Urban,DepED Managed,Purely ES
CARAGA,Siargao,Socorro East District,132224,Socorro Central Elementary School and SPED Center,In between brgy. Navarro and Rizal,SOCORRO,1st District,RIZAL (POB.),Public,Partially Urban,DepED Managed,Purely ES
CARAGA,Siargao,Socorro East District,213001,Atoyay Elementary School,Sitio Atoyay,SOCORRO,1st District,SERING,Public,Partially Urban,DepED Managed,Purely ES
CARAGA,Siargao,Socorro East District,304788,SOCORRO NATIONAL HIGH SCHOOL,"LAGAPA ST., BRGY. A. TARUC",SOCORRO,1st District,ALBINO TARUC,Public,Partially Urban,DepED Managed,JHS with SHS
CARAGA,Siargao,Socorro East District,317602,Atoyay National High School,Sitio Atoyay,SOCORRO,1st District,SERING,Public,Partially Urban,DepED Managed,JHS with SHS
CARAGA,Siargao,Socorro East District,407929,"SOCORRO POWERMINDS ELEMENTARY SCHOOL, INC.",Taruc Street,SOCORRO,1st District,ALBINO TARUC,Private,Partially Urban,Non-Sectarian,Purely ES
CARAGA,Siargao,Socorro East District,473011,Bucas Grande Smart Kids Learning Hub,"Purok 2 Taruc st., Brgy. Taruc, Socorro, Surigao del Norte",SOCORRO,1st District,ALBINO TARUC,Private,Partially Urban,Non-Sectarian,Purely ES
CARAGA,Siargao,San Benito,132225,Bongdo Elementary School,"Purok 4, Pobe Street",SAN BENITO,1st District,BONGDO,Public,Partially Urban,DepED Managed,Purely ES
CARAGA,Siargao,San Benito,132226,Maribojoc Elementary School,Purok 2,SAN BENITO,1st District,MARIBOJOC,Public,Partially Urban,DepED Managed,Purely ES
CARAGA,Siargao,San Benito,132227,Nuevo Campo Elementary Schoool,Purok 2,SAN BENITO,1st District,NUEVO CAMPO,Public,Partially Urban,DepED Managed,Purely ES
CARAGA,Siargao,San Benito,132228,Pitogo Elementary School,Pitogo,SAN BENITO,1st District,MARIBOJOC,Public,Partially Urban,DepED Managed,Purely ES
CARAGA,Siargao,San Benito,132229,San Juan Elementary School,Purok 1,SAN BENITO,1st District,SAN JUAN,Public,Partially Urban,DepED Managed,Purely ES
CARAGA,Siargao,San Benito,132230,San Benito Central Elementary School,Sta.Cruz,SAN BENITO,1st District,SANTA CRUZ (POB.),Public,Partially Urban,DepED Managed,Purely ES
CARAGA,Siargao,San Benito,304781,San Benito National High School,National Road,SAN BENITO,1st District,TALISAY (POB.),Public,Partially Urban,DepED Managed,JHS with SHS
CARAGA,Siargao,Socorro West District,132231,Del Pilar Community School,COSMIANO STREET,SOCORRO,1st District,DEL PILAR,Public,Partially Urban,DepED Managed,Purely ES
CARAGA,Siargao,Socorro West District,132232,Honrado Community Elementary School,Honrado,SOCORRO,1st District,HONRADO,Public,Partially Urban,DepED Managed,Purely ES
CARAGA,Siargao,Socorro West District,132233,Lawigan Primary School,Purok 4,SOCORRO,1st District,SALOG,Public,Partially Urban,DepED Managed,Purely ES
CARAGA,Siargao,Socorro West District,132234,Nueva Estrella Central Elementary School,-,SOCORRO,1st District,NUEVA ESTRELLA,Public,Partially Urban,DepED Managed,Purely ES
CARAGA,Siargao,Socorro West District,132235,Pamosaingan Elementary School,Purok 4,SOCORRO,1st District,PAMOSAINGAN,Public,Partially Urban,DepED Managed,Purely ES
CARAGA,Siargao,Socorro West District,132236,P. Dela Pena Primary School,Sitio Tinago,SOCORRO,1st District,SAN ROQUE,Public,Partially Urban,DepED Managed,Purely ES
CARAGA,Siargao,Socorro West District,132237,Salog Elementary School,"Purok 3, Zamora St.",SOCORRO,1st District,SALOG,Public,Partially Urban,DepED Managed,Purely ES
CARAGA,Siargao,Socorro West District,132238,San Roque Elementary School,Purok 1,SOCORRO,1st District,SAN ROQUE,Public,Partially Urban,DepED Managed,Purely ES
CARAGA,Siargao,Socorro West District,132239,Songkoy Elementary School,Rizal Street,SOCORRO,1st District,SONGKOY,Public,Partially Urban,DepED Managed,Purely ES
CARAGA,Siargao,Socorro West District,132240,Sta. Cruz Community Elementary School,Purok 1,SOCORRO,1st District,SANTA CRUZ,Public,Partially Urban,DepED Managed,Purely ES
CARAGA,Siargao,Socorro West District,132241,Sudlon Elementary School,Purok 2,SOCORRO,1st District,SUDLON,Public,Partially Urban,DepED Managed,Purely ES
CARAGA,Siargao,Socorro West District,213002,Sabang Primary School,"Purok 3, sitio Sabang",SOCORRO,1st District,SAN ROQUE,Public,Partially Urban,DepED Managed,Purely ES
CARAGA,Siargao,Socorro West District,304789,Nueva Estrella NHS,National High Way,SOCORRO,1st District,NUEVA ESTRELLA,Public,Partially Urban,DepED Managed,JHS with SHS
CARAGA,Siargao,Socorro West District,304790,Pamosaingan National High School,STO. NINO,SOCORRO,1st District,PAMOSAINGAN,Public,Partially Urban,DepED Managed,JHS with SHS
CARAGA,Siargao,Numancia West,132163,Bagacay Elementary School,National Road,DEL CARMEN,1st District,BAGAKAY (ALBURO),Public,Partially Urban,DepED Managed,Purely ES
CARAGA,Siargao,Numancia West,132166,Cancohoy Elementary School,Purok Santol,DEL CARMEN,1st District,CANCOHOY,Public,Partially Urban,DepED Managed,Purely ES
CARAGA,Siargao,Numancia West,132167,Dumoyog Primary School,Purok 1,DEL CARMEN,1st District,DOMOYOG,Public,Partially Urban,DepED Managed,Purely ES
CARAGA,Siargao,Numancia West,132169,Halian Elementary School,Petallo st.,DEL CARMEN,1st District,HALIAN,Public,Partially Urban,DepED Managed,Purely ES
CARAGA,Siargao,Numancia West,132170,Jamoyaon Elementary School,Purok 2,DEL CARMEN,1st District,JAMOYAON,Public,Partially Urban,DepED Managed,Purely ES
CARAGA,Siargao,Numancia West,132171,Katipunan Elementary School,National Road,DEL CARMEN,1st District,KATIPUNAN,Public,Partially Urban,DepED Managed,Purely ES
CARAGA,Siargao,Numancia West,132172,Lasala Elementary School,"Pob.2,Sta.Cruz,",DEL CARMEN,1st District,CAUB,Public,Partially Urban,DepED Managed,Purely ES
CARAGA,Siargao,Numancia West,132174,Mabuhay Primary School,-,DEL CARMEN,1st District,MABUHAY,Public,Partially Urban,DepED Managed,Purely ES
CARAGA,Siargao,Numancia West,132176,Numancia Central Elementary School,Purok 6,DEL CARMEN,1st District,SAN JOSE (POB.),Public,Partially Urban,DepED Managed,Purely ES
CARAGA,Siargao,Numancia West,304783,Del Carmen National High School,Purok 3,DEL CARMEN,1st District,DEL CARMEN (POB.),Public,Partially Urban,DepED Managed,JHS with SHS
CARAGA,Siargao,Numancia West,473013,"Mt. Carmel School of Siargao, Inc.",National Highway,DEL CARMEN,1st District,DEL CARMEN (POB.),Private,Partially Urban,Sectarian,All Offering (K to 12)
CARAGA,Siargao,Numancia West,600106,Surigao State College of Technology,"San Jose, Del Carmen, Surigao Del Norte",DEL CARMEN,1st District,SAN JOSE (POB.),SUCs/LUCs,Partially Urban,SUC Managed,JHS with SHS
CARAGA,Surigao City,Surigao City District I,132243,Vicente C. Cabilao Memorial Elementary School,Brgy. Balibayon,SURIGAO CITY (Capital),2nd District,BALIBAYON,Public,Partially Urban,DepED Managed,Purely ES
CARAGA,Surigao City,Surigao City District I,132246,Cagutsan Elementary School,"Brgy. Cagutsan, Surigao City",SURIGAO CITY (Capital),1st District,CAGUTSAN,Public,Partially Urban,DepED Managed,Purely ES
CARAGA,Surigao City,Surigao City District I,132249,Day-asan ES,"Purok-5 Brgy. Day-asan, Surigao City",SURIGAO CITY (Capital),2nd District,DAY-ASAN,Public,Partially Urban,DepED Managed,Purely ES
CARAGA,Surigao City,Surigao City District I,132253,Manjagao Elementary School,"Purok-2, Brgy. Manjagao, Surigao City",SURIGAO CITY (Capital),2nd District,MANYAGAO,Public,Partially Urban,DepED Managed,Purely ES
CARAGA,Surigao City,Surigao City District I,132254,Mariano Espina Memorial Central Elementary School,Navarro Street,SURIGAO CITY (Capital),2nd District,TAFT (POB.),Public,Partially Urban,DepED Managed,Purely ES
CARAGA,Surigao City,Surigao City District I,132256,Orok Elementary School,"Brgy. Orok, Surigao City",SURIGAO CITY (Capital),2nd District,OROK,Public,Partially Urban,DepED Managed,Purely ES
CARAGA,Surigao City,Surigao City District I,132258,San Isidro Elementary School,"San Isidro, Surigao City",SURIGAO CITY (Capital),2nd District,SAN ISIDRO,Public,Partially Urban,DepED Managed,Purely ES
CARAGA,Surigao City,Surigao City District I,132259,San Jose Elementary School,"San Jose, Surigao City",SURIGAO CITY (Capital),2nd District,SAN JOSE,Public,Partially Urban,DepED Managed,Purely ES
CARAGA,Surigao City,Surigao City District I,304796,Rizal National High School,-Brgy. Rizal,SURIGAO CITY (Capital),2nd District,RIZAL,Public,Partially Urban,DepED Managed,Purely JHS
CARAGA,Surigao City,Surigao City District I,304801,Surigao City National High School,"San Juan, Surigao City",SURIGAO CITY (Capital),2nd District,SAN JUAN,Public,Partially Urban,DepED Managed,JHS with SHS
CARAGA,Surigao City,Surigao City District I,304803,Day-asan National High School,"Brgy. Day-asan, Surigao City",SURIGAO CITY (Capital),2nd District,DAY-ASAN,Public,Partially Urban,DepED Managed,JHS with SHS
CARAGA,Surigao City,Surigao City District I,304806,Zaragoza National High School,"P-1 Brgy. Zaragoza,Surigao City",SURIGAO CITY (Capital),2nd District,ZARAGOZA,Public,Partially Urban,DepED Managed,JHS with SHS
CARAGA,Surigao City,Surigao City District I,304807,San Jose National High School,"Purok 4 Brgy. San Jose, Surigao City",SURIGAO CITY (Capital),2nd District,SAN JOSE,Public,Partially Urban,DepED Managed,JHS with SHS
CARAGA,Surigao City,Surigao City District I,317701,Taft National High School,Nueva Extension,SURIGAO CITY (Capital),2nd District,TAFT (POB.),Public,Partially Urban,DepED Managed,JHS with SHS
CARAGA,Surigao City,Surigao City District I,317703,Libuac National High School,"Brgy. Libuac, Surigao City",SURIGAO CITY (Capital),2nd District,LIBUAC,Public,Partially Urban,DepED Managed,JHS with SHS
CARAGA,Surigao City,Surigao City District I,317704,Lipata National High School,P-4,SURIGAO CITY (Capital),2nd District,LIPATA,Public,Partially Urban,DepED Managed,JHS with SHS
CARAGA,Surigao City,Surigao City District I,317706,Manjagao National High School,"Brgy. Manjagao, Surigao City",SURIGAO CITY (Capital),2nd District,MANYAGAO,Public,Partially Urban,DepED Managed,JHS with SHS
CARAGA,Surigao City,Surigao City District I,404086,STI College - Surigao,"04220 Narciso St., Surigao City",SURIGAO CITY (Capital),2nd District,WASHINGTON (POB.),Private,Partially Urban,Non-Sectarian,Purely SHS
CARAGA,Surigao City,Surigao City District I,405997,Christian Kiddie Star Academy,"03906 Narciso St., Surigao City",SURIGAO CITY (Capital),2nd District,TAFT (POB.),Private,Partially Urban,Non-Sectarian,Purely ES
CARAGA,Surigao City,Surigao City District I,405998,Children of the King's Haven Learning Academy,"03580 San Nicolas St., Surigao City",SURIGAO CITY (Capital),2nd District,TAFT (POB.),Private,Partially Urban,Non-Sectarian,Purely ES
CARAGA,Surigao City,Surigao City District I,405999,Conference Children's Education Center,"02290 Espina Ext., Taft Surigao City",SURIGAO CITY (Capital),2nd District,TAFT (POB.),Private,Partially Urban,Non-Sectarian,Purely ES
CARAGA,Surigao City,Surigao City District I,406000,Hilltop Bible Baptist Learning Center,Espina Village,SURIGAO CITY (Capital),2nd District,TAFT (POB.),Private,Partially Urban,Non-Sectarian,Purely ES
CARAGA,Surigao City,Surigao City District I,406001,Hope and Life Education Center,"P-5 Brgy. Mabua, Surigao City",SURIGAO CITY (Capital),2nd District,MABUA,Private,Partially Urban,Non-Sectarian,Purely ES
CARAGA,Surigao City,Surigao City District I,406002,Jesus Cabarrus Catholic School,Purok 7,SURIGAO CITY (Capital),2nd District,TALISAY,Private,Partially Urban,Non-Sectarian,ES and JHS (K to 10)
CARAGA,Surigao City,Surigao City District I,406003,Jesus Cares Foundational Learning Academy,Km 8.,SURIGAO CITY (Capital),2nd District,BONIFACIO,Private,Partially Urban,Sectarian,ES and JHS (K to 10)
CARAGA,Surigao City,Surigao City District I,406006,Northeastern Mindanao Colleges,Amat corner Rizal Street,SURIGAO CITY (Capital),2nd District,WASHINGTON (POB.),Private,Partially Urban,Non-Sectarian,JHS with SHS
CARAGA,Surigao City,Surigao City District I,406007,Saint Paul University Surigao,Km. 3,SURIGAO CITY (Capital),2nd District,LUNA,Private,Partially Urban,Sectarian,All Offering (K to 12)
CARAGA,Surigao City,Surigao City District I,406009,St. Jude Thaddeus Institute of Technology,Borromeo St.,SURIGAO CITY (Capital),2nd District,TAFT (POB.),Private,Partially Urban,Non-Sectarian,JHS with SHS
CARAGA,Surigao City,Surigao City District I,406010,Surigao Sun Yat Sen Elementary School,"Kaimo St., Surigao City",SURIGAO CITY (Capital),2nd District,WASHINGTON (POB.),Private,Partially Urban,Sectarian,Purely ES
CARAGA,Surigao City,Surigao City District I,406011,Surigao City Adventist Learning Center,"Km. 1, National Highway, Surigao City",SURIGAO CITY (Capital),2nd District,WASHINGTON (POB.),Private,Partially Urban,Non-Sectarian,Purely ES
CARAGA,Surigao City,Surigao City District I,406012,Surigao Education Center,"Km. 2, National Highway, Surigao City",SURIGAO CITY (Capital),2nd District,WASHINGTON (POB.),Private,Partially Urban,Non-Sectarian,All Offering (K to 12)
CARAGA,Surigao City,Surigao City District I,406013,"UCCP KNS Surigao Christian Learning Institution, Inc.","03857 Narciso St., Surigao City",SURIGAO CITY (Capital),2nd District,WASHINGTON (POB.),Private,Partially Urban,Non-Sectarian,Purely ES
CARAGA,Surigao City,Surigao City District I,409139,"Fruitful Harvest Christian Academy of Surigao, Inc.","Purok-2, Brgy. Mat-i, Surigao City",SURIGAO CITY (Capital),2nd District,MAT-I,Private,Partially Urban,Sectarian,Purely ES
CARAGA,Surigao City,Surigao City District I,409576,"Ipil Gifted Children's Academy, Inc.","Sitio Alang-alang, Brgy. Ipil, Surigao City",SURIGAO CITY (Capital),2nd District,IPIL,Private,Partially Urban,Non-Sectarian,Purely ES
CARAGA,Surigao City,Surigao City District I,473503,Sta. Isabel Academe,"Purok 6, SanJuan, Surigao City",SURIGAO CITY (Capital),2nd District,SAN JUAN,Private,Partially Urban,Non-Sectarian,Purely ES
CARAGA,Surigao City,Surigao City District I,600224,Surigao State College of Technology,"Narciso St., Brgy. Washington, Surigao City, Surigao del Norte",SURIGAO CITY (Capital),2nd District,WASHINGTON (POB.),SUCs/LUCs,Partially Urban,SUC Managed,JHS with SHS
CARAGA,Surigao City,Surigao City District II,132242,Aurora Elementary School,"Brgy. Aurora, Surigao City",SURIGAO CITY (Capital),2nd District,AURORA,Public,Partially Urban,DepED Managed,Purely ES
CARAGA,Surigao City,Surigao City District II,132251,Lagundi Elementary School,"Sitio Lagundi, Brgy. Aurora, Surigao City",SURIGAO CITY (Capital),2nd District,AURORA,Public,Partially Urban,DepED Managed,Purely ES
CARAGA,Surigao City,Surigao City District II,132262,Zaragoza ES,"Brgy. Zaragoza, Surigao City",SURIGAO CITY (Capital),2nd District,ZARAGOZA,Public,Partially Urban,DepED Managed,Purely ES
CARAGA,Surigao City,Surigao City District II,132272,Surigao City Pilot Sch.,"Narciso St., Brgy. Taft, Surigao City",SURIGAO CITY (Capital),2nd District,TAFT (POB.),Public,Partially Urban,DepED Managed,Purely ES
CARAGA,Surigao City,Surigao City District III,132274,Alegria ES,"Brgy. Alegria, Surigao City",SURIGAO CITY (Capital),2nd District,ALEGRIA,Public,Partially Urban,DepED Managed,Purely ES
CARAGA,Surigao City,Surigao City District III,132277,Bay-bay ES,"Brgy. Baybay, Surigao City",SURIGAO CITY (Capital),2nd District,BAYBAY,Public,Partially Urban,DepED Managed,Purely ES
CARAGA,Surigao City,Surigao City District III,132278,Bilabid ES,"Brgy. Bilabid, Surigao City",SURIGAO CITY (Capital),2nd District,BILABID,Public,Partially Urban,DepED Managed,Purely ES
CARAGA,Surigao City,Surigao City District III,132283,Kaningag ES,"Brgy. Mabini, Surigao City",SURIGAO CITY (Capital),2nd District,MABINI,Public,Partially Urban,DepED Managed,Purely ES
CARAGA,Surigao City,Surigao City District III,132287,Surigao West CES,"Brgy. San Juan, Surigao City",SURIGAO CITY (Capital),2nd District,SAN JUAN,Public,Partially Urban,DepED Managed,Purely ES
CARAGA,Surigao City,Surigao City District III,132288,Tugonan Elementary School,"Sitio Tugonan, Brgy. Mabini, Surigao City",SURIGAO CITY (Capital),2nd District,MABINI,Public,Partially Urban,DepED Managed,Purely ES
CARAGA,Surigao City,Surigao City District III,304793,Alegria National High School,"Brgy. Alegria, Surigao City",SURIGAO CITY (Capital),2nd District,ALEGRIA,Public,Partially Urban,DepED Managed,JHS with SHS
CARAGA,Surigao City,Surigao City District III,304794,Caraga Regional Science High School,"P10,Brgy. San Juan, Surigao City, Surigao del Norte",SURIGAO CITY (Capital),2nd District,SAN JUAN,Public,Partially Urban,DepED Managed,JHS with SHS
CARAGA,Surigao City,Surigao City District III,317705,Patricio A. Bernaldez Memorial National High School,"Puok 10, Brgy.Mabini, Surigao City",SURIGAO CITY (Capital),2nd District,MABINI,Public,Partially Urban,DepED Managed,JHS with SHS
CARAGA,Surigao City,Surigao City District III,473508,Sabang SVD Mission School,Purok 3,SURIGAO CITY (Capital),2nd District,SAN JUAN,Private,Partially Urban,Sectarian,Purely ES
CARAGA,Surigao City,Surigao City District IV,132248,Cantiasay Elementaryn School,"Brgy. Cantiasay, Surigao City",SURIGAO CITY (Capital),2nd District,CANTIASAY,Public,Partially Urban,DepED Managed,Purely ES
CARAGA,Surigao City,Surigao City District IV,132250,Hanigad Elementary School,"Brgy. San Pedro, Surigao City",SURIGAO CITY (Capital),2nd District,SAN PEDRO (HANIGAD),Public,Partially Urban,DepED Managed,Purely ES
CARAGA,Surigao City,Surigao City District IV,132290,C.V. Diez Mem. CES,"Roxas St., Brgy. Washington, Surigao City",SURIGAO CITY (Capital),2nd District,WASHINGTON (POB.),Public,Partially Urban,DepED Managed,Purely ES
CARAGA,Surigao City,Surigao City District IV,132294,Josefa E. Fernandez Elementary School,"Brgy. Togbongon, Surigao City",SURIGAO CITY (Capital),2nd District,TOGBONGON,Public,Partially Urban,DepED Managed,Purely ES
CARAGA,Surigao City,Surigao City District IV,132295,Serna Elementary School,"Brgy. Serna, Surigao City",SURIGAO CITY (Capital),2nd District,SERNA (BAD-ASAY),Public,Partially Urban,DepED Managed,Purely ES
CARAGA,Surigao City,Surigao City District IV,132300,J. R. Clavero Memorial Elementary School,"Brgy. Poctoy, Surigao City",SURIGAO CITY (Capital),2nd District,POCTOY,Public,Partially Urban,DepED Managed,Purely ES
CARAGA,Surigao City,Surigao City District IV,132302,San Roque ES,"Brgy. San Roque, Surigao City",SURIGAO CITY (Capital),2nd District,SAN ROQUE,Public,Partially Urban,DepED Managed,Purely ES
CARAGA,Surigao City,Surigao City District IV,213501,Surigao City Special Science Elementary School,"M. Ortiz St., Brgy. Washington, Surigao City",SURIGAO CITY (Capital),2nd District,WASHINGTON (POB.),Public,Partially Urban,DepED Managed,Purely ES
CARAGA,Surigao City,Surigao City District IV,317702,Cantiasay National High School,"Brgy. Cantiasay, Surigao City",SURIGAO CITY (Capital),2nd District,CANTIASAY,Public,Partially Urban,DepED Managed,JHS with SHS
CARAGA,Surigao City,Surigao City District IV,317707,Wilfredo D. Rafols Memorial National High School,"Brgy. Poctoy, Surigao City",SURIGAO CITY (Capital),2nd District,POCTOY,Public,Partially Urban,DepED Managed,JHS with SHS
CARAGA,Surigao City,Surigao City District IV,473505,Surigaonon Heritage Kiddie School,Magallanes Corner Narciso Street Surigao City,SURIGAO CITY (Capital),2nd District,TAFT (POB.),Private,Partially Urban,Non-Sectarian,Purely ES
CARAGA,Surigao City,Surigao City District IV,473511,Surigao Great Shepherd,"Purok 5 Brgy. San Juan, Surigao City",SURIGAO CITY (Capital),2nd District,WASHINGTON (POB.),Private,Partially Urban,Non-Sectarian,Purely ES
CARAGA,Surigao City,Surigao City District IV,473512,Surigao Gracious Learning Academy,"Gimena St., Surigao City",SURIGAO CITY (Capital),2nd District,WASHINGTON (POB.),Private,Partially Urban,Non-Sectarian,Purely ES
CARAGA,Surigao City,Surigao City District V,132252,Lisondra ES,"Brgy. Lisondra, Surigao City",SURIGAO CITY (Capital),2nd District,LISONDRA,Public,Partially Urban,DepED Managed,Purely ES
CARAGA,Surigao City,Surigao City District V,132255,Nonoc ES,"Brgy. Nonoc, Surigao City",SURIGAO CITY (Capital),2nd District,NONOC,Public,Partially Urban,DepED Managed,Purely ES
CARAGA,Surigao City,Surigao City District V,132261,Talisay Elementary School,"Brgy. Talisay, Surigao City",SURIGAO CITY (Capital),2nd District,TALISAY,Public,Partially Urban,DepED Managed,Purely ES
CARAGA,Surigao City,Surigao City District V,132266,Martinez ES,"Brgy. Mapawa, Surigao City",SURIGAO CITY (Capital),2nd District,MAPAWA,Public,Partially Urban,DepED Managed,Purely ES
CARAGA,Surigao City,Surigao City District V,132271,Surigao City CES,"Diez St., Bgry. Taft, Surigao City",SURIGAO CITY (Capital),2nd District,TAFT (POB.),Public,Partially Urban,DepED Managed,Purely ES
CARAGA,Surigao City,Surigao City District V,132275,Anomar Elementary School,"Brgy. Anomar, Surigao City",SURIGAO CITY (Capital),2nd District,ANOMAR,Public,Partially Urban,DepED Managed,Purely ES
CARAGA,Surigao City,Surigao City District V,132276,Arturo Borja ES,"Upper Sangay, Brgy. Anomar, Surigao City",SURIGAO CITY (Capital),2nd District,ANOMAR,Public,Partially Urban,DepED Managed,Purely ES
CARAGA,Surigao City,Surigao City District V,132282,Emerico Borja ES,TRINIDAD,SURIGAO CITY (Capital),2nd District,TRINIDAD,Public,Partially Urban,DepED Managed,Purely ES
CARAGA,Surigao City,Surigao City District V,132286,Sukailang Elementary School,"Brgy. Sukailang, Surigao City",SURIGAO CITY (Capital),2nd District,SUKAILANG,Public,Partially Urban,DepED Managed,Purely ES
CARAGA,Surigao City,Surigao City District V,304800,Anomar National High School,"Brgy. Anomar, Surigao City",SURIGAO CITY (Capital),2nd District,ANOMAR,Public,Partially Urban,DepED Managed,JHS with SHS
CARAGA,Surigao City,Surigao City District V,304804,Nonoc National High School - Annex,"Lisondra St.,Brgy. Nonoc, Surigao City",SURIGAO CITY (Capital),2nd District,NONOC,Public,Partially Urban,DepED Managed,JHS with SHS
CARAGA,Surigao City,Surigao City District V,304805,Talisay National High School - Annex,"Brgy. Talisay, Surigao City",SURIGAO CITY (Capital),2nd District,TALISAY,Public,Partially Urban,DepED Managed,JHS with SHS
CARAGA,Surigao City,Surigao City District VI,132280,Catadman ES,"Brgy. Catadman, Surigao City",SURIGAO CITY (Capital),2nd District,CATADMAN,Public,Partially Urban,DepED Managed,Purely ES
CARAGA,Surigao City,Surigao City District VI,132281,Danawan ES,"Brgy. Danawan, Surigao City",SURIGAO CITY (Capital),2nd District,DANAWAN,Public,Partially Urban,DepED Managed,Purely ES
CARAGA,Surigao City,Surigao City District VI,132285,Tomas Florya Eder Memorial Elementary School,"Brgy. Sidlakan, Surigao City",SURIGAO CITY (Capital),2nd District,SIDLAKAN,Public,Partially Urban,DepED Managed,Purely ES
CARAGA,Surigao City,Surigao City District VI,132289,B.Vasquez Memorial Central Elem. Sch.,"Brgy. Rizal, Surigao City",SURIGAO CITY (Capital),2nd District,RIZAL,Public,Partially Urban,DepED Managed,Purely ES
CARAGA,Surigao City,Surigao City District VI,132292,Danao Elementary School,"Parolan Street Purok 1 Brgy. Danao, Surigao City",SURIGAO CITY (Capital),2nd District,DANAO,Public,Partially Urban,DepED Managed,Purely ES
CARAGA,Surigao City,Surigao City District VI,132293,Ipil ES,"Brgy. Ipil, Surigao City",SURIGAO CITY (Capital),2nd District,IPIL,Public,Partially Urban,DepED Managed,Purely ES
CARAGA,Surigao City,Surigao City District VI,132296,Lipata ES,"Brgy. Lipata, Surigao City",SURIGAO CITY (Capital),2nd District,LIPATA,Public,Partially Urban,DepED Managed,Purely ES
CARAGA,Surigao City,Surigao City District VI,132297,Mabua ES,"Brgy. Mabua, Surigao City",SURIGAO CITY (Capital),2nd District,MABUA,Public,Partially Urban,DepED Managed,Purely ES
CARAGA,Surigao City,Surigao City District VI,132301,Punta Bilar ES,"Brgy. Punta Bilar, Surigao City",SURIGAO CITY (Capital),2nd District,PUNTA BILAR,Public,Partially Urban,DepED Managed,Purely ES
CARAGA,Surigao City,Surigao City District VI,132303,Sumilom ES,"Sitio Sumilom, Brgy. Lipata, Surigao City",SURIGAO CITY (Capital),2nd District,LIPATA,Public,Partially Urban,DepED Managed,Purely ES
CARAGA,Surigao City,Surigao City District VI,132304,Sabang ES,"Brgy. Sabang, Surigao City",SURIGAO CITY (Capital),2nd District,SABANG,Public,Partially Urban,DepED Managed,Purely ES
CARAGA,Surigao City,Surigao City District VI,304795,Ipil National High School,"Brgy. Ipil, Surigao City",SURIGAO CITY (Capital),2nd District,IPIL,Public,Partially Urban,DepED Managed,JHS with SHS
CARAGA,Surigao City,Surigao City District VI,410233,Fun to Learn Christian Faith Academy Inc.,"Sitio Kinabutan, Brgy. Rizal, Surigao City",SURIGAO CITY (Capital),2nd District,RIZAL,Private,Partially Urban,Non-Sectarian,Purely ES
CARAGA,Surigao City,Surigao City District VI,410234,"Fourth Watch Maranatha Christian Academy of Surigao City, Inc.","Sitio Kinabutan, Brgy. Rizal, Surigao City",SURIGAO CITY (Capital),2nd District,RIZAL,Private,Partially Urban,Non-Sectarian,Purely ES
CARAGA,Surigao City,Surigao City District VII,132244,Bitaugan ES,"Brgy. Bitaugan, Surigao City",SURIGAO CITY (Capital),2nd District,BITAUGAN,Public,Partially Urban,DepED Managed,Purely ES
CARAGA,Surigao City,Surigao City District VII,132245,Melquiades N. Cagasan MES,"Brgy. Cagniog, Surigao City",SURIGAO CITY (Capital),2nd District,CAGNIOG,Public,Partially Urban,DepED Managed,Purely ES
CARAGA,Surigao City,Surigao City District VII,132247,Canlanipa Central Elementary School,"Brgy. Canlanipa, Surigao City",SURIGAO CITY (Capital),2nd District,CANLANIPA,Public,Partially Urban,DepED Managed,Purely ES
CARAGA,Surigao City,Surigao City District VII,132257,Ouano ES,"Sitio Cayutan, Brgy. Cagniog, Surigao City",SURIGAO CITY (Capital),2nd District,CAGNIOG,Public,Partially Urban,DepED Managed,Purely ES
CARAGA,Surigao City,Surigao City District VII,132260,Sugbay ES,"Brgy. Sugbay, Surigao City",SURIGAO CITY (Capital),2nd District,SUGBAY,Public,Partially Urban,DepED Managed,Purely ES
CARAGA,Surigao City,Surigao City District VII,132291,Calderon Village ES,"Sitio File, Brgy. Mat-i, Surigao City",SURIGAO CITY (Capital),2nd District,MAT-I,Public,Partially Urban,DepED Managed,Purely ES
CARAGA,Surigao City,Surigao City District VII,132298,Margarita Mem. CES,"Km. 4, National Highway,Brgy. Luna, Surigao City",SURIGAO CITY (Capital),2nd District,LUNA,Public,Partially Urban,DepED Managed,Purely ES
CARAGA,Surigao City,Surigao City District VII,132299,Mat-i Central Elementary School,"Brgy. Mat-i, Surigao City",SURIGAO CITY (Capital),2nd District,MAT-I,Public,Partially Urban,DepED Managed,Purely ES
CARAGA,Surigao City,Surigao City District VII,132336,Lope R. Ruiz Memo. ES (Japson ES),"Sitio Brazil, Brgy. Mat-i, Surigao City",SURIGAO CITY (Capital),2nd District,MAT-I,Public,Partially Urban,DepED Managed,Purely ES
CARAGA,Surigao City,Surigao City District VII,304799,Mat-i National High School,"Mat-i, Surigao City",SURIGAO CITY (Capital),2nd District,MAT-I,Public,Partially Urban,DepED Managed,JHS with SHS
CARAGA,Surigao City,Surigao City District VII,340383,Cabrera-Altres National High School,"Brgy. Bonifaco,Surigao City",SURIGAO CITY (Capital),2nd District,BONIFACIO,Public,Partially Urban,DepED Managed,JHS with SHS
CARAGA,Surigao City,Surigao City District VII,473501,Fun To Learn Kinder Center,"Block 1, Lot 1, Canlanipa Homes, Barangay Canlanipa, Surigao",SURIGAO CITY (Capital),2nd District,CANLANIPA,Private,Partially Urban,Non-Sectarian,Purely ES
CARAGA,Surigao City,Surigao City District VIII,132263,Bonifacio ES,"Brgy. Bonifacio, Surigao City",SURIGAO CITY (Capital),2nd District,BONIFACIO,Public,Partially Urban,DepED Managed,Purely ES
CARAGA,Surigao City,Surigao City District VIII,132264,Sarvida Yuipco MES,"Brgy. Cabongbongan, Surigao City",SURIGAO CITY (Capital),2nd District,CABONGBONGAN,Public,Partially Urban,DepED Managed,Purely ES
CARAGA,Surigao City,Surigao City District VIII,132265,Capalayan ES,"Brgy. Capalayan, Surigao City",SURIGAO CITY (Capital),2nd District,CAPALAYAN,Public,Partially Urban,DepED Managed,Purely ES
CARAGA,Surigao City,Surigao City District VIII,132267,Nabago ES,"Brgy. Nabago, Surigao City",SURIGAO CITY (Capital),2nd District,NABAGO,Public,Partially Urban,DepED Managed,Purely ES
CARAGA,Surigao City,Surigao City District VIII,132268,Navarro MCES,"Amat St., Brgy. Taft, Surigao City",SURIGAO CITY (Capital),2nd District,TAFT (POB.),Public,Partially Urban,DepED Managed,Purely ES
CARAGA,Surigao City,Surigao City District VIII,132269,Quezon ES,"Brgy. Quezon, Surigao City",SURIGAO CITY (Capital),2nd District,QUEZON,Public,Partially Urban,DepED Managed,Purely ES
CARAGA,Surigao City,Surigao City District VIII,132270,Roxas Elementary School,"Brgy. Silop, Surigao City",SURIGAO CITY (Capital),2nd District,SILOP,Public,Partially Urban,DepED Managed,Purely ES
CARAGA,Surigao City,Surigao City District VIII,132273,Alang-Alang ES,"Brgy. Alang-alang, Surigao City",SURIGAO CITY (Capital),2nd District,ALANG-ALANG,Public,Partially Urban,DepED Managed,Purely ES
CARAGA,Surigao City,Surigao City District VIII,132279,Buenavista ES,"Brgy. Buenavista, Surigao City",SURIGAO CITY (Capital),2nd District,BUENAVISTA,Public,Partially Urban,DepED Managed,Purely ES
CARAGA,Surigao City,Surigao City District VIII,132284,Libuac Elementary School,"Brgy. Libuac, Surigao City",SURIGAO CITY (Capital),2nd District,LIBUAC,Public,Partially Urban,DepED Managed,Purely ES
CARAGA,Surigao City,Surigao City District VIII,304792,Juan P. Cedro Sr. Memorial High School,"Brgy. Buenavista, Surigao City",SURIGAO CITY (Capital),2nd District,BUENAVISTA,Public,Partially Urban,DepED Managed,JHS with SHS
CARAGA,Surigao City,Surigao City District VIII,304802,Capalayan National High School,"Brgy. Capalayan, Surigao City",SURIGAO CITY (Capital),2nd District,CAPALAYAN,Public,Partially Urban,DepED Managed,JHS with SHS
CARAGA,Surigao del Norte,Alegria,130665,Don Epifanio Cedro Elementary School,"Brgy. Julio Quano, Alegria, Surigao del Norte",ALEGRIA,2nd District,JULIO OUANO (POB.),Public,Partially Urban,DepED Managed,Purely ES
CARAGA,Surigao del Norte,Alegria,132321,Alegria CES,-Ugay Street,ALEGRIA,2nd District,POBLACION (ALEGRIA),Public,Partially Urban,DepED Managed,Purely ES
CARAGA,Surigao del Norte,Alegria,132322,Alipao ES,"National Highway, Alipao, Alegria, Surigao del Norte",ALEGRIA,2nd District,ALIPAO,Public,Partially Urban,DepED Managed,Purely ES
CARAGA,Surigao del Norte,Alegria,132323,Budlingin ES,"-Budlingin, Alegria Surigao del Norte",ALEGRIA,2nd District,BUDLINGIN,Public,Partially Urban,DepED Managed,Purely ES
CARAGA,Surigao del Norte,Alegria,132324,Camp Edward ES,"Purok no.01,Barangay Camp Edward",ALEGRIA,2nd District,CAMP EDUARD (GEOTINA),Public,Partially Urban,DepED Managed,Purely ES
CARAGA,Surigao del Norte,Alegria,132325,Ferlda ES,"Ferlda Alegria, Surigao del Norte",ALEGRIA,2nd District,FERLDA,Public,Partially Urban,DepED Managed,Purely ES
CARAGA,Surigao del Norte,Alegria,132326,L. J. Mordeno ES,-none,ALEGRIA,2nd District,SAN JUAN,Public,Partially Urban,DepED Managed,Purely ES
CARAGA,Surigao del Norte,Alegria,132327,Ombong ES,-,ALEGRIA,2nd District,OMBONG,Public,Partially Urban,DepED Managed,Purely ES
CARAGA,Surigao del Norte,Alegria,132328,Pongtud ES,"-Pongtud, Alegria, Surigao del Norte",ALEGRIA,2nd District,PONGTUD,Public,Partially Urban,DepED Managed,Purely ES
CARAGA,Surigao del Norte,Alegria,132329,San Pedro ES,San Pedro National Highway,ALEGRIA,2nd District,SAN PEDRO,Public,Partially Urban,DepED Managed,Purely ES
CARAGA,Surigao del Norte,Alegria,304811,Alegria National High School,"Brgy. Ouano, Alegria, Surigao del Norte",ALEGRIA,2nd District,JULIO OUANO (POB.),Public,Partially Urban,DepED Managed,Purely JHS
CARAGA,Surigao del Norte,Alegria,340416,Alegria Stand Alone Senior High School,"Brgy. Don Julio Ouano, Alegria, Surigao del Norte",ALEGRIA,2nd District,JULIO OUANO (POB.),Public,Partially Urban,DepED Managed,Purely SHS
CARAGA,Surigao del Norte,Alegria,474001,Amazing Grace Agape Mission Academy,"Purok 2, Gamuton",ALEGRIA,2nd District,GAMUTON,Private,Partially Urban,Sectarian,Purely ES
CARAGA,Surigao del Norte,Alegria,474012,"UCCP Alipao Learning School, Inc.",Purok 5,ALEGRIA,2nd District,ALIPAO,Private,Partially Urban,Sectarian,Purely ES
CARAGA,Surigao del Norte,Alegria,474014,"Alegria Light Bearer Learning Center, Inc.",Purok 4,ALEGRIA,2nd District,JULIO OUANO (POB.),Private,Partially Urban,Non-Sectarian,Purely ES
CARAGA,Surigao del Norte,Alegria,474015,"Mennonite SDN Learning Center, Inc.",Purok 6,ALEGRIA,2nd District,ALIPAO,Private,Partially Urban,Non-Sectarian,Purely ES
CARAGA,Surigao del Norte,Alegria,474022,"Maradjao Magbalantay Early Childhood Learning Center, Inc.",OUANO,ALEGRIA,2nd District,JULIO OUANO (POB.),Private,Partially Urban,Sectarian,Purely ES
CARAGA,Surigao del Norte,Anao-Aon,132330,Amontay ES,"PROVINCIAL ROAD, AMONAY, SAN FRANCISCO, SDN",SAN FRANCISCO (ANAO-AON),2nd District,AMONTAY,Public,Partially Urban,DepED Managed,Purely ES
CARAGA,Surigao del Norte,Anao-Aon,132331,Anao-aon CES,Rizal Street,SAN FRANCISCO (ANAO-AON),2nd District,POBLACION,Public,Partially Urban,DepED Managed,Purely ES
CARAGA,Surigao del Norte,Anao-Aon,132332,Balite ES,-Purok 6,SAN FRANCISCO (ANAO-AON),2nd District,BALITE,Public,Partially Urban,DepED Managed,Purely ES
CARAGA,Surigao del Norte,Anao-Aon,132333,Banbanon ES,-St. Peter,SAN FRANCISCO (ANAO-AON),2nd District,BANBANON,Public,Partially Urban,DepED Managed,Purely ES
CARAGA,Surigao del Norte,Anao-Aon,132334,Diaz ES,Purok-4,SAN FRANCISCO (ANAO-AON),2nd District,DIAZ,Public,Partially Urban,DepED Managed,Purely ES
CARAGA,Surigao del Norte,Anao-Aon,132335,Honrado ES,"Purok 4, Honrado, San Francisco, SDN",SAN FRANCISCO (ANAO-AON),2nd District,HONRADO,Public,Partially Urban,DepED Managed,Purely ES
CARAGA,Surigao del Norte,Anao-Aon,132337,Jubgan ES,Lamor Street,SAN FRANCISCO (ANAO-AON),2nd District,JUBGAN,Public,Partially Urban,DepED Managed,Purely ES
CARAGA,Surigao del Norte,Anao-Aon,132338,Linongganan ES,Pullos Street,SAN FRANCISCO (ANAO-AON),2nd District,LINONGGANAN,Public,Partially Urban,DepED Managed,Purely ES
CARAGA,Surigao del Norte,Anao-Aon,132339,Macopa ES,Purok 1,SAN FRANCISCO (ANAO-AON),2nd District,MACOPA,Public,Partially Urban,DepED Managed,Purely ES
CARAGA,Surigao del Norte,Anao-Aon,132340,Magtangale ES,-,SAN FRANCISCO (ANAO-AON),2nd District,MAGTANGALE,Public,Partially Urban,DepED Managed,Purely ES
CARAGA,Surigao del Norte,Anao-Aon,132341,Oslao Elementary School,-Purok 5,SAN FRANCISCO (ANAO-AON),2nd District,OSLAO,Public,Partially Urban,DepED Managed,Purely ES
CARAGA,Surigao del Norte,Anao-Aon,304814,Balite National High School,"Purok VI, BALITE,",SAN FRANCISCO (ANAO-AON),2nd District,BALITE,Public,Partially Urban,DepED Managed,JHS with SHS
CARAGA,Surigao del Norte,Anao-Aon,304843,San Francisco National High School,National Highway,SAN FRANCISCO (ANAO-AON),2nd District,POBLACION,Public,Partially Urban,DepED Managed,JHS with SHS
CARAGA,Surigao del Norte,Anao-Aon,406030,San Nicolas High School,Diaz Street,SAN FRANCISCO (ANAO-AON),2nd District,POBLACION,Private,Partially Urban,Sectarian,JHS with SHS
CARAGA,Surigao del Norte,Anao-Aon,474016,"St. Francis Kindergarten School, Inc.",Pob . San Francisco,SAN FRANCISCO (ANAO-AON),2nd District,POBLACION,Private,Partially Urban,Sectarian,Purely ES
CARAGA,Surigao del Norte,Bacuag,132342,Bacuag CES,"Poblacion Bacuag,Surigao del Norte",BACUAG,2nd District,POBLACION,Public,Partially Urban,DepED Managed,Purely ES
CARAGA,Surigao del Norte,Bacuag,132343,Bitaog ES,"Carlota St. Poblacion, Bacuag, Surigao del Norte",BACUAG,2nd District,POBLACION,Public,Partially Urban,DepED Managed,Purely ES
CARAGA,Surigao del Norte,Bacuag,132344,Cabugao ES,P - 7 Cabugao Bacuag SDN,BACUAG,2nd District,CABUGAO,Public,Partially Urban,DepED Managed,Purely ES
CARAGA,Surigao del Norte,Bacuag,132345,Cambuayon ES,"-Purok 2, Cambuayon,Bacuag, SDN",BACUAG,2nd District,CAMBUAYON,Public,Partially Urban,DepED Managed,Purely ES
CARAGA,Surigao del Norte,Bacuag,132346,Campo ES,Purok Cassava,BACUAG,2nd District,CAMPO,Public,Partially Urban,DepED Managed,Purely ES
CARAGA,Surigao del Norte,Bacuag,132347,Dugsangon ES,P-IR-42,BACUAG,2nd District,DUGSANGON,Public,Partially Urban,DepED Managed,Purely ES
CARAGA,Surigao del Norte,Bacuag,132348,Hinatigan ES,"Hinatigan, Poblacion Bacuag, Surigao del Norte",BACUAG,2nd District,POBLACION,Public,Partially Urban,DepED Managed,Purely ES
CARAGA,Surigao del Norte,Bacuag,132349,Little Baguio ES,"Sitio Little Baguio, Payapag, Bacuag, Surigao del Norte",BACUAG,2nd District,PAYAPAG,Public,Partially Urban,DepED Managed,Purely ES
CARAGA,Surigao del Norte,Bacuag,132350,Lo-oc PS,LOOC,BACUAG,2nd District,DUGSANGON,Public,Partially Urban,DepED Managed,Purely ES
CARAGA,Surigao del Norte,Bacuag,132351,Pautao ES,"P2 Pautao, Bacuag",BACUAG,2nd District,PAUTAO,Public,Partially Urban,DepED Managed,Purely ES
CARAGA,Surigao del Norte,Bacuag,132352,Payapag Elementary School,"Payapag, Bacuag, Surigao del Norte",BACUAG,2nd District,PAYAPAG,Public,Partially Urban,DepED Managed,Purely ES
CARAGA,Surigao del Norte,Bacuag,132353,Pongtud Elementary school,Purok - 1 Pongtud,BACUAG,2nd District,PUNGTOD,Public,Partially Urban,DepED Managed,Purely ES
CARAGA,Surigao del Norte,Bacuag,132354,Sto. Rosario ES,"Purok Santol/ Sto. Rosario, Bacuag Surigao del Norte",BACUAG,2nd District,SANTO ROSARIO,Public,Partially Urban,DepED Managed,Purely ES
CARAGA,Surigao del Norte,Bacuag,214005,Baliw ES,Baliw,BACUAG,2nd District,PAYAPAG,Public,Partially Urban,DepED Managed,Purely ES
CARAGA,Surigao del Norte,Bacuag,304813,Bacuag National Agro-Industrial School,"Orquina St., Brgy. Poblacion",BACUAG,2nd District,POBLACION,Public,Partially Urban,DepED Managed,JHS with SHS
CARAGA,Surigao del Norte,Bacuag,304817,Campo National High School,Purok Greenfields,BACUAG,2nd District,CAMPO,Public,Partially Urban,DepED Managed,JHS with SHS
CARAGA,Surigao del Norte,Bacuag,317806,Payapag National High School,Purok 2,BACUAG,2nd District,PAYAPAG,Public,Partially Urban,DepED Managed,JHS with SHS
CARAGA,Surigao del Norte,Bacuag,406015,Holy Rosary Pre-school Learning Center,"Galanida St.Poblacion, Bacuag",BACUAG,2nd District,POBLACION,Private,Partially Urban,Sectarian,Purely ES
CARAGA,Surigao del Norte,Bacuag,406016,Saint John's School,DEL ROSARIO STREET,BACUAG,2nd District,POBLACION,Private,Partially Urban,Sectarian,JHS with SHS
CARAGA,Surigao del Norte,Claver,132376,Cabugo ES,-P.7 CABUGO,CLAVER,2nd District,CABUGO,Public,Rural,DepED Managed,Purely ES
CARAGA,Surigao del Norte,Claver,132377,Cagdianao ES,Purok 6,CLAVER,2nd District,CAGDIANAO,Public,Rural,DepED Managed,Purely ES
CARAGA,Surigao del Norte,Claver,132378,Claver Central Elementary School,Rizal Street,CLAVER,2nd District,TAYAGA (POB. EAST),Public,Rural,DepED Managed,Purely ES
CARAGA,Surigao del Norte,Claver,132379,Daywan ES,"Daywan, Claver, Surigao del Norte",CLAVER,2nd District,DAYWAN,Public,Rural,DepED Managed,Purely ES
CARAGA,Surigao del Norte,Claver,132380,Hayanggabon ES,Purok 1,CLAVER,2nd District,HAYANGGABON,Public,Rural,DepED Managed,Purely ES
CARAGA,Surigao del Norte,Claver,132381,Ladgaron ES,"Ladgaron, Claver, Surigao del Norte",CLAVER,2nd District,LADGARON (POB.),Public,Rural,DepED Managed,Purely ES
CARAGA,Surigao del Norte,Claver,132382,Lapinigan ES,"Lapinigan, Claver, Surigao del Norte",CLAVER,2nd District,LAPINIGAN,Public,Rural,DepED Managed,Purely ES
CARAGA,Surigao del Norte,Claver,132383,Magallanes ES,"Magallanes, Claver, Surigao Del Norte",CLAVER,2nd District,MAGALLANES,Public,Rural,DepED Managed,Purely ES
CARAGA,Surigao del Norte,Claver,132384,Panatao ES,"Panatao, Claver, Surigao del Norte",CLAVER,2nd District,PANATAO,Public,Rural,DepED Managed,Purely ES
CARAGA,Surigao del Norte,Claver,132385,Sabang ES,"Sitio Sabang ,Tayaga ,Claver",CLAVER,2nd District,TAYAGA (POB. EAST),Public,Rural,DepED Managed,Purely ES
CARAGA,Surigao del Norte,Claver,132386,Sapa ES,-,CLAVER,2nd District,SAPA,Public,Rural,DepED Managed,Purely ES
CARAGA,Surigao del Norte,Claver,132387,Taganito ES,None,CLAVER,2nd District,TAGANITO,Public,Rural,DepED Managed,Purely ES
CARAGA,Surigao del Norte,Claver,132388,Tayawod ES,"Tayawod Daywan,Claver",CLAVER,2nd District,DAYWAN,Public,Rural,DepED Managed,Purely ES
CARAGA,Surigao del Norte,Claver,132389,Urbiztondo ES,"P-2, Urbiztondo, Claver, Surigao del Norte",CLAVER,2nd District,URBIZTONDO,Public,Rural,DepED Managed,Purely ES
CARAGA,Surigao del Norte,Claver,132390,Wangke ES,"-Wangke ,Claver",CLAVER,2nd District,WANGKE,Public,Rural,DepED Managed,Purely ES
CARAGA,Surigao del Norte,Claver,214007,Punta Naga Elementary School,Punta Naga,CLAVER,2nd District,CAGDIANAO,Public,Rural,DepED Managed,Purely ES
CARAGA,Surigao del Norte,Claver,304820,Claver National High School,cor. St. Peter & C.P.Garcia Sts.,CLAVER,2nd District,TAYAGA (POB. EAST),Public,Rural,DepED Managed,JHS with SHS
CARAGA,Surigao del Norte,Claver,304821,Taganito National High School,"TAGANITO, CLAVER, SURIGAO DEL NORTE",CLAVER,2nd District,TAGANITO,Public,Rural,DepED Managed,JHS with SHS
CARAGA,Surigao del Norte,Claver,409714,"Excel Early Education Academy, Inc.","Rizal St., Tayaga, Claver, Surigao del Norte",CLAVER,2nd District,TAYAGA (POB. EAST),Private,Rural,Non-Sectarian,Purely ES
CARAGA,Surigao del Norte,Claver,474008,St. Joseph's Learning Center,"Roxas Street, Tayaga, Claver",CLAVER,2nd District,TAYAGA (POB. EAST),Private,Rural,Non-Sectarian,Purely ES
CARAGA,Surigao del Norte,Claver,474017,"Saint Peter Claver Kindergarten School, Inc.",Tayaga,CLAVER,2nd District,TAYAGA (POB. EAST),Private,Rural,Sectarian,Purely ES
CARAGA,Surigao del Norte,Gigaquit,132403,Anibongan ES,0,GIGAQUIT,2nd District,ANIBONGAN,Public,Partially Urban,DepED Managed,Purely ES
CARAGA,Surigao del Norte,Gigaquit,132404,Camam-onan ES,-,GIGAQUIT,2nd District,CAMAM-ONAN,Public,Partially Urban,DepED Managed,Purely ES
CARAGA,Surigao del Norte,Gigaquit,132405,Camboayon Elementary School,0,GIGAQUIT,2nd District,CAM-BOAYON,Public,Partially Urban,DepED Managed,Purely ES
CARAGA,Surigao del Norte,Gigaquit,132407,Gigaquit Central Elementary School,Legaspi St.,GIGAQUIT,2nd District,ALAMBIQUE (POB.),Public,Partially Urban,DepED Managed,Purely ES
CARAGA,Surigao del Norte,Gigaquit,132408,Lahi Elementary School,Purok 3,GIGAQUIT,2nd District,LAHI,Public,Partially Urban,DepED Managed,Purely ES
CARAGA,Surigao del Norte,Gigaquit,132409,Mahanub ES,Purok 2,GIGAQUIT,2nd District,MAHANUB,Public,Partially Urban,DepED Managed,Purely ES
CARAGA,Surigao del Norte,Gigaquit,132410,Nagubat ES,"Sitio Nagubat, Alambique",GIGAQUIT,2nd District,ALAMBIQUE (POB.),Public,Partially Urban,DepED Managed,Purely ES
CARAGA,Surigao del Norte,Gigaquit,132411,Nuevo Campo ES,-,GIGAQUIT,2nd District,SICO-SICO,Public,Partially Urban,DepED Managed,Purely ES
CARAGA,Surigao del Norte,Gigaquit,132412,Poniente Elementary School,Poniente,GIGAQUIT,2nd District,PONIENTE,Public,Partially Urban,DepED Managed,Purely ES
CARAGA,Surigao del Norte,Gigaquit,132413,San Antonio ES,Purok 3,GIGAQUIT,2nd District,SAN ANTONIO (BONOT),Public,Partially Urban,DepED Managed,Purely ES
CARAGA,Surigao del Norte,Gigaquit,132414,San Isidro Elementary School,0,GIGAQUIT,2nd District,SAN ISIDRO,Public,Partially Urban,DepED Managed,Purely ES
CARAGA,Surigao del Norte,Gigaquit,132415,Villaflor ES,"Villaflor, Gigaquuit, Surigao del norte",GIGAQUIT,2nd District,VILLAFLOR,Public,Partially Urban,DepED Managed,Purely ES
CARAGA,Surigao del Norte,Gigaquit,132416,Villafranca ES,"Villafranca, Gigaquit, Surigao del Norte",GIGAQUIT,2nd District,VILLAFRANCA,Public,Partially Urban,DepED Managed,Purely ES
CARAGA,Surigao del Norte,Gigaquit,214006,Ipil Elementary School,Navallo Street,GIGAQUIT,2nd District,IPIL (POB.),Public,Partially Urban,DepED Managed,Purely ES
CARAGA,Surigao del Norte,Gigaquit,214008,Boyobanwa,"Sitio Boyobanwa, Caman-onan, Gigaquit, SDN",GIGAQUIT,2nd District,CAMAM-ONAN,Public,Partially Urban,DepED Managed,Purely ES
CARAGA,Surigao del Norte,Gigaquit,214009,Landing ES,"Sitio Omao, Camam-onan, Gigaquit, SDN",GIGAQUIT,2nd District,CAMAM-ONAN,Public,Partially Urban,DepED Managed,Purely ES
CARAGA,Surigao del Norte,Gigaquit,214010,Palilihan Elementary School,"Sitio Palilihan, Mahanub, Gigaquit, SDN",GIGAQUIT,2nd District,MAHANUB,Public,Partially Urban,DepED Managed,Purely ES
CARAGA,Surigao del Norte,Gigaquit,214011,Tiltilan Elementary School,"Sitio Titlitan, Mahanub, Gigaquit, SDN",GIGAQUIT,2nd District,MAHANUB,Public,Partially Urban,DepED Managed,Purely ES
CARAGA,Surigao del Norte,Gigaquit,304826,Gigaquit National School of Home Industries,"Eliot Street, Alambique",GIGAQUIT,2nd District,ALAMBIQUE (POB.),Public,Partially Urban,DepED Managed,JHS with SHS
CARAGA,Surigao del Norte,Gigaquit,317804,Lasicam - Perral National High School,Sico-sico,GIGAQUIT,2nd District,SICO-SICO,Public,Partially Urban,DepED Managed,JHS with SHS
CARAGA,Surigao del Norte,Gigaquit,406017,Saint Augustine Institute,Rizal st.,GIGAQUIT,2nd District,IPIL (POB.),Private,Partially Urban,Sectarian,JHS with SHS
CARAGA,Surigao del Norte,Mainit I,132428,Bobonaon Primary School,P-1 Rosal,MAINIT,2nd District,BOBONA-ON,Public,Partially Urban,DepED Managed,Purely ES
CARAGA,Surigao del Norte,Mainit I,132431,Dayano ES,Purok 1,MAINIT,2nd District,DAYANO,Public,Partially Urban,DepED Managed,Purely ES
CARAGA,Surigao del Norte,Mainit I,132432,Mabini ES,Purok Orchids,MAINIT,2nd District,MABINI,Public,Partially Urban,DepED Managed,Purely ES
CARAGA,Surigao del Norte,Mainit I,132433,Magpayang ES,Provincial Road,MAINIT,2nd District,MAGPAYANG,Public,Partially Urban,DepED Managed,Purely ES
CARAGA,Surigao del Norte,Mainit I,132434,Mainit CES,Malimono Road,MAINIT,2nd District,MAGSAYSAY (POB.),Public,Partially Urban,DepED Managed,Purely ES
CARAGA,Surigao del Norte,Mainit I,132436,Marayag Elementary School,not applicable,MAINIT,2nd District,MARAYAG,Public,Partially Urban,DepED Managed,Purely ES
CARAGA,Surigao del Norte,Mainit I,132439,Paco ES,-,MAINIT,2nd District,PACO,Public,Partially Urban,DepED Managed,Purely ES
CARAGA,Surigao del Norte,Mainit I,132440,Quezon ES,Mosende,MAINIT,2nd District,QUEZON (POB.),Public,Partially Urban,DepED Managed,Purely ES
CARAGA,Surigao del Norte,Mainit I,132441,Roxas ES,Purok Lily,MAINIT,2nd District,ROXAS,Public,Partially Urban,DepED Managed,Purely ES
CARAGA,Surigao del Norte,Mainit I,132444,San Jose ES,-,MAINIT,2nd District,SAN JOSE,Public,Partially Urban,DepED Managed,Purely ES
CARAGA,Surigao del Norte,Mainit I,132445,Siana ES,Purok Greenfield,MAINIT,2nd District,SIANA,Public,Partially Urban,DepED Managed,Purely ES
CARAGA,Surigao del Norte,Mainit I,132446,Silop ES,-,MAINIT,2nd District,SILOP,Public,Partially Urban,DepED Managed,Purely ES
CARAGA,Surigao del Norte,Mainit I,304829,Mainit National High School,Mupas,MAINIT,2nd District,QUEZON (POB.),Public,Partially Urban,DepED Managed,JHS with SHS
CARAGA,Surigao del Norte,Mainit I,304830,Paco National High School,"Paco, Mainit, SDN",MAINIT,2nd District,PACO,Public,Partially Urban,DepED Managed,JHS with SHS
CARAGA,Surigao del Norte,Mainit I,317803,Magpayang National High School,P-4,MAINIT,2nd District,MAGPAYANG,Public,Partially Urban,DepED Managed,JHS with SHS
CARAGA,Surigao del Norte,Mainit I,406019,San Nicolas Academy,"Rizal St. Mainit, Surigao del Norte",MAINIT,2nd District,QUEZON (POB.),Private,Partially Urban,Sectarian,All Offering (K to 12)
CARAGA,Surigao del Norte,Mainit I,474003,Lourdes Learning Center-Mainit Corp.,"Montaner St., Mainit, Surigao del Norte",MAINIT,2nd District,QUEZON (POB.),Private,Partially Urban,Non-Sectarian,Purely ES
CARAGA,Surigao del Norte,Mainit I,474006,UCCP Mainit Learning Center,Montaner Street,MAINIT,2nd District,MAGSAYSAY (POB.),Private,Partially Urban,Sectarian,Purely ES
CARAGA,Surigao del Norte,Malimono,132450,Alvarez ES,"Can-aga,Malimono,Surigao del Norte",MALIMONO,2nd District,CAN-AGA,Public,Partially Urban,DepED Managed,Purely ES
CARAGA,Surigao del Norte,Malimono,132451,Binocaran ES,Doro,MALIMONO,2nd District,DORO (BINOCARAN),Public,Partially Urban,DepED Managed,Purely ES
CARAGA,Surigao del Norte,Malimono,132452,Bunyasan ES,Purok 1,MALIMONO,2nd District,BUNYASAN,Public,Partially Urban,DepED Managed,Purely ES
CARAGA,Surigao del Norte,Malimono,132453,Cagtina-e ES,"Cagtinae, Malimono, Surigao del Norte",MALIMONO,2nd District,CAGTINAE,Public,Partially Urban,DepED Managed,Purely ES
CARAGA,Surigao del Norte,Malimono,132454,Cansayong ES,P-3,MALIMONO,2nd District,CANSAYONG,Public,Partially Urban,DepED Managed,Purely ES
CARAGA,Surigao del Norte,Malimono,132455,Cantapoy ES,Purok 3,MALIMONO,2nd District,CANTAPOY,Public,Partially Urban,DepED Managed,Purely ES
CARAGA,Surigao del Norte,Malimono,132456,Cayawan ES,"-cayawan, malimono, Surigao del Norte",MALIMONO,2nd District,CAYAWAN,Public,Partially Urban,DepED Managed,Purely ES
CARAGA,Surigao del Norte,Malimono,132457,Dumanig Elementary School,"Manhuyay, Cantapoy,Malimono,Surigao del Norte",MALIMONO,2nd District,CANTAPOY,Public,Partially Urban,DepED Managed,Purely ES
CARAGA,Surigao del Norte,Malimono,132458,Hanagdong Elementary School,0,MALIMONO,2nd District,HANAGDONG,Public,Partially Urban,DepED Managed,Purely ES
CARAGA,Surigao del Norte,Malimono,132459,Karihatag ES,-Purok 5,MALIMONO,2nd District,KARIHATAG,Public,Partially Urban,DepED Managed,Purely ES
CARAGA,Surigao del Norte,Malimono,132460,Malimono Central Elementary School,none,MALIMONO,2nd District,SAN ISIDRO (POB.),Public,Partially Urban,DepED Managed,Purely ES
CARAGA,Surigao del Norte,Malimono,132461,Masgad ES,"-Masgad, Malimono Surigao del Norte",MALIMONO,2nd District,MASGAD,Public,Partially Urban,DepED Managed,Purely ES
CARAGA,Surigao del Norte,Malimono,132462,Pili Elementary School,"Purok 5,Brgy. Pili, Malimono, SDN",MALIMONO,2nd District,PILI,Public,Partially Urban,DepED Managed,Purely ES
CARAGA,Surigao del Norte,Malimono,132463,Sohoton ES,-Sitio Sohoton,MALIMONO,2nd District,KARIHATAG,Public,Partially Urban,DepED Managed,Purely ES
CARAGA,Surigao del Norte,Malimono,132464,Placido MES (Tinago ES),-,MALIMONO,2nd District,TINAGO,Public,Partially Urban,DepED Managed,Purely ES
CARAGA,Surigao del Norte,Malimono,132465,Villa Riza ES,QuiÑo street,MALIMONO,2nd District,VILLARIZA,Public,Partially Urban,DepED Managed,Purely ES
CARAGA,Surigao del Norte,Malimono,304818,Cantapoy National High School,"Brgy. Cantapoy, Malimono, Surigao del Norte",MALIMONO,2nd District,CANTAPOY,Public,Partially Urban,DepED Managed,JHS with SHS
CARAGA,Surigao del Norte,Malimono,304819,Pili National High School,Purok 3,MALIMONO,2nd District,PILI,Public,Partially Urban,DepED Managed,JHS with SHS
CARAGA,Surigao del Norte,Malimono,304831,Masgad National High School,"Masgad, Malimono, Surigao del Norte",MALIMONO,2nd District,MASGAD,Public,Partially Urban,DepED Managed,JHS with SHS
CARAGA,Surigao del Norte,Malimono,304832,Bunyasan National High School,Quinto Street,MALIMONO,2nd District,BUNYASAN,Public,Partially Urban,DepED Managed,JHS with SHS
CARAGA,Surigao del Norte,Malimono,304833,Malimono National High School,-,MALIMONO,2nd District,SAN ISIDRO (POB.),Public,Partially Urban,DepED Managed,JHS with SHS
CARAGA,Surigao del Norte,Malimono,304856,Villa Riza National High School,"Villa Riza, Malimono, Surigao del Norte",MALIMONO,2nd District,VILLARIZA,Public,Partially Urban,DepED Managed,Purely JHS
CARAGA,Surigao del Norte,Malimono,474018,Mary Mother of Help Catholic Kindergarten School,San Isidro,MALIMONO,2nd District,SAN ISIDRO (POB.),Private,Partially Urban,Sectarian,Purely ES
CARAGA,Surigao del Norte,Malimono,600107,SURIGAO STATE COLLEGE OF TECHNOLOGY (MALIMONO CAMPUS),"Cagtina-e, Malimono, Surigao del Norte",MALIMONO,2nd District,CAGTINAE,SUCs/LUCs,Partially Urban,SUC Managed,JHS with SHS
CARAGA,Surigao del Norte,Placer I,132467,Amoslog ES,"Amoslog,Placer,Surigao del Norte",PLACER,2nd District,AMOSLOG,Public,Partially Urban,DepED Managed,Purely ES
CARAGA,Surigao del Norte,Placer I,132469,Badas Elementary School,Purok 5,PLACER,2nd District,BAD-AS,Public,Partially Urban,DepED Managed,Purely ES
CARAGA,Surigao del Norte,Placer I,132472,Ellaperal ES,"Ellaperal, Placer, Surigao del Norte",PLACER,2nd District,ELLAPERAL (NONOK),Public,Partially Urban,DepED Managed,Purely ES
CARAGA,Surigao del Norte,Placer I,132473,Lakandula ES,-,PLACER,2nd District,LAKANDULA,Public,Partially Urban,DepED Managed,Purely ES
CARAGA,Surigao del Norte,Placer I,132476,Pananay-an ES,P-2,PLACER,2nd District,PANANAY-AN,Public,Partially Urban,DepED Managed,Purely ES
CARAGA,Surigao del Norte,Placer I,132477,Panhutongan ES,n/a,PLACER,2nd District,PANHUTONGAN,Public,Partially Urban,DepED Managed,Purely ES
CARAGA,Surigao del Norte,Placer I,132478,Placer Central Elementary School,0,PLACER,2nd District,MAGSAYSAY (POB.),Public,Partially Urban,DepED Managed,Purely ES
CARAGA,Surigao del Norte,Placer I,132481,Sani-Sani PS,0,PLACER,2nd District,SANI-SANI,Public,Partially Urban,DepED Managed,Purely ES
CARAGA,Surigao del Norte,Placer I,132484,Tagbongabong ES,"Tagbongabong, Placer Surigao del Norte",PLACER,2nd District,TAGBONGABONG,Public,Partially Urban,DepED Managed,Purely ES
CARAGA,Surigao del Norte,Placer I,304837,Placer National High School,"Magsaysay, Placer, Surigao del Norte",PLACER,2nd District,MAGSAYSAY (POB.),Public,Partially Urban,DepED Managed,JHS with SHS
CARAGA,Surigao del Norte,Placer I,304838,Lakandula National High School,0,PLACER,2nd District,LAKANDULA,Public,Partially Urban,DepED Managed,JHS with SHS
CARAGA,Surigao del Norte,Placer I,317807,Pananay-an National High School,"Pananay an, Placer Surigao del Norte",PLACER,2nd District,PANANAY-AN,Public,Partially Urban,DepED Managed,JHS with SHS
CARAGA,Surigao del Norte,Placer I,474024,"HOLY TRINITY CATHOLIC KINDERGARTEN SCHOOL, INC",Central,PLACER,2nd District,CENTRAL (POB.),Private,Partially Urban,Sectarian,Purely ES
CARAGA,Surigao del Norte,Sison,132526,Dakung Patag ES,-,SISON,2nd District,LOWER PATAG,Public,Partially Urban,DepED Managed,Purely ES
CARAGA,Surigao del Norte,Sison,132527,DE CASTRO ELEMENTARY SCHOOL,-,SISON,2nd District,BIYABID,Public,Partially Urban,DepED Managed,Purely ES
CARAGA,Surigao del Norte,Sison,132528,Gacepan ES,"Gacepan,Sison Surigao del Norte",SISON,2nd District,GACEPAN,Public,Partially Urban,DepED Managed,Purely ES
CARAGA,Surigao del Norte,Sison,132529,Hinapayaw ES,NA,SISON,2nd District,SAN ISIDRO,Public,Partially Urban,DepED Managed,Purely ES
CARAGA,Surigao del Norte,Sison,132530,Ima Elementary School,Purok I,SISON,2nd District,IMA,Public,Partially Urban,DepED Managed,Purely ES
CARAGA,Surigao del Norte,Sison,132531,Mabuhay ES,"Blk 15 Lot 3 Mana Pepang, Brgy. Rizal, Surigao City",SISON,2nd District,MABUHAY,Public,Partially Urban,DepED Managed,Purely ES
CARAGA,Surigao del Norte,Sison,132532,Mayag ES,Purok 2,SISON,2nd District,MAYAG,Public,Partially Urban,DepED Managed,Purely ES
CARAGA,Surigao del Norte,Sison,132533,San Pablo ES,n/a,SISON,2nd District,SAN PABLO,Public,Partially Urban,DepED Managed,Purely ES
CARAGA,Surigao del Norte,Sison,132534,Sison CES,-National Highway,SISON,2nd District,SAN ISIDRO,Public,Partially Urban,DepED Managed,Purely ES
CARAGA,Surigao del Norte,Sison,132535,Tagbayani ES,n/a,SISON,2nd District,TAGBAYANI,Public,Partially Urban,DepED Managed,Purely ES
CARAGA,Surigao del Norte,Sison,132536,Tinogpahan ES,Purok2,SISON,2nd District,TINOGPAHAN,Public,Partially Urban,DepED Managed,Purely ES
CARAGA,Surigao del Norte,Sison,214002,E. Siscon PS,-,SISON,2nd District,MABUHAY,Public,Partially Urban,DepED Managed,Purely ES
CARAGA,Surigao del Norte,Sison,214003,Upper Patag Elementary School,-,SISON,2nd District,UPPER PATAG,Public,Partially Urban,DepED Managed,Purely ES
CARAGA,Surigao del Norte,Sison,304847,Surigao Del Norte National High School,Penaranda Street,SURIGAO CITY (Capital),2nd District,WASHINGTON (POB.),Public,Partially Urban,DepED Managed,JHS with SHS
CARAGA,Surigao del Norte,Sison,304849,Toledo S. Pantilo Sr. Memorial National High School,"Sison, Surigao del norte",SISON,2nd District,POBLACION (SAN PEDRO),Public,Partially Urban,DepED Managed,JHS with SHS
CARAGA,Surigao del Norte,Sison,304850,Mayag National High School,"Brgy. Mayag, Sison, Surigao del Norte",SISON,2nd District,MAYAG,Public,Partially Urban,DepED Managed,JHS with SHS
CARAGA,Surigao del Norte,Sison,317808,Dakung Patag National High School,Barangay Upper Patag,SISON,2nd District,UPPER PATAG,Public,Partially Urban,DepED Managed,JHS with SHS
CARAGA,Surigao del Norte,Tagana-An,132537,Bagong Silang ES,-Sitio Bagong Silang,TAGANA-AN,2nd District,TALAVERA,Public,Rural,DepED Managed,Purely ES
CARAGA,Surigao del Norte,Tagana-An,132538,Banban ES,-,TAGANA-AN,2nd District,BANBAN,Public,Rural,DepED Managed,Purely ES
CARAGA,Surigao del Norte,Tagana-An,132539,Cawilan ES,0,TAGANA-AN,2nd District,CAWILAN,Public,Rural,DepED Managed,Purely ES
CARAGA,Surigao del Norte,Tagana-An,132540,Fabio ES,0,TAGANA-AN,2nd District,FABIO,Public,Rural,DepED Managed,Purely ES
CARAGA,Surigao del Norte,Tagana-An,132541,Himama-ug ES,"Dequit St., Himama-ug, Tagana-an, Surigao del Norte",TAGANA-AN,2nd District,HIMAMAUG,Public,Rural,DepED Managed,Purely ES
CARAGA,Surigao del Norte,Tagana-An,132543,Laurel ES,-,TAGANA-AN,2nd District,LAUREL,Public,Rural,DepED Managed,Purely ES
CARAGA,Surigao del Norte,Tagana-An,132544,Lower Libas ES,P-1 Lower Libas,TAGANA-AN,2nd District,LOWER LIBAS,Public,Rural,DepED Managed,Purely ES
CARAGA,Surigao del Norte,Tagana-An,132545,Opong ES,-Brgy.Opong,TAGANA-AN,2nd District,OPONG,Public,Rural,DepED Managed,Purely ES
CARAGA,Surigao del Norte,Tagana-An,132546,Patiño ES,"Patiñ0,Tagana-an Surigao del Norte",TAGANA-AN,2nd District,PATINO,Public,Rural,DepED Managed,Purely ES
CARAGA,Surigao del Norte,Tagana-An,132547,SALVACION ES,468 BARON STREET,TAGANA-AN,2nd District,UNION,Public,Rural,DepED Managed,Purely ES
CARAGA,Surigao del Norte,Tagana-An,132548,Tagana-an CES,-,TAGANA-AN,2nd District,SAMPAGUITA (POB.),Public,Rural,DepED Managed,Purely ES
CARAGA,Surigao del Norte,Tagana-An,132549,Talavera ES,-,TAGANA-AN,2nd District,TALAVERA,Public,Rural,DepED Managed,Purely ES
CARAGA,Surigao del Norte,Tagana-An,132550,Upper Libas ES,UPPER LIBAS,TAGANA-AN,2nd District,UPPER LIBAS,Public,Rural,DepED Managed,Purely ES
CARAGA,Surigao del Norte,Tagana-An,136967,Simfrosa P. Dantes Elementary School,"Brgy. Opong, Taganaan, Surigao del Norte",TAGANA-AN,2nd District,OPONG,Public,Rural,DepED Managed,Purely ES
CARAGA,Surigao del Norte,Tagana-An,304812,Tagana-an National High School (ASA NHS),Catulay corner Quezon St.,TAGANA-AN,2nd District,SAMPAGUITA (POB.),Public,Rural,DepED Managed,JHS with SHS
CARAGA,Surigao del Norte,Tagana-An,317809,Talavera National High School,Arbis Street,TAGANA-AN,2nd District,TALAVERA,Public,Rural,DepED Managed,JHS with SHS
CARAGA,Surigao del Norte,Tagana-An,317810,Cawilan National High School,Cawilan,TAGANA-AN,2nd District,CAWILAN,Public,Rural,DepED Managed,JHS with SHS
CARAGA,Surigao del Norte,Tagana-An,407688,TWINKLER LEARNING CENTER,Señares St..,TAGANA-AN,2nd District,AURORA (POB.),Private,Rural,Non-Sectarian,Purely ES
CARAGA,Surigao del Norte,Tagana-An,474005,"United Church of Christ in the Phils-Christian Learning Center for Children (UCCP-CLCC),",SENARES ST. Inc.,TAGANA-AN,2nd District,AURORA (POB.),Private,Rural,Sectarian,Purely ES
CARAGA,Surigao del Norte,Tagana-An,474009,Mt. Carmel Catholic Kindergarten School of Tagana-an,Azucena,TAGANA-AN,2nd District,AZUCENA (POB.),Private,Rural,Sectarian,Purely ES
CARAGA,Surigao del Norte,Tagana-An,501680,Hinatuan Integrated School,"Talavera, Taganaan, Surigao del Norte",TAGANA-AN,2nd District,TALAVERA,Public,Rural,DepED Managed,ES and JHS (K to 10)
CARAGA,Surigao del Norte,Tubod,132560,Calang-Custodio ES,"P2,DELROSARIO,TUBOD.SURIGAO DELNORTE",TUBOD,2nd District,DEL ROSARIO,Public,Partially Urban,DepED Managed,Purely ES
CARAGA,Surigao del Norte,Tubod,132561,Capayahan ES,"Purok 2, Capayahan, Tubod Elem. School",TUBOD,2nd District,CAPAYAHAN,Public,Partially Urban,DepED Managed,Purely ES
CARAGA,Surigao del Norte,Tubod,132562,Marciano Dapar ES (Cawilan ES),"Cawilan, Tubod, Surigao del Norte",TUBOD,2nd District,CAWILAN,Public,Partially Urban,DepED Managed,Purely ES
CARAGA,Surigao del Norte,Tubod,132563,F. Buyser ES,-,TUBOD,2nd District,MOTORPOOL,Public,Partially Urban,DepED Managed,Purely ES
CARAGA,Surigao del Norte,Tubod,132564,Mahucdam ES,Mahucdam,TUBOD,2nd District,CAPAYAHAN,Public,Partially Urban,DepED Managed,Purely ES
CARAGA,Surigao del Norte,Tubod,132565,Marga ES,"-PUROK-6 MARGA,TUBOD",TUBOD,2nd District,MARGA,Public,Partially Urban,DepED Managed,Purely ES
CARAGA,Surigao del Norte,Tubod,132566,San Isidro ES,-,TUBOD,2nd District,SAN ISIDRO,Public,Partially Urban,DepED Managed,Purely ES
CARAGA,Surigao del Norte,Tubod,132567,Timamana ES,Timamana,TUBOD,2nd District,TIMAMANA,Public,Partially Urban,DepED Managed,Purely ES
CARAGA,Surigao del Norte,Tubod,132568,Tubod CES,0,TUBOD,2nd District,POBLACION (TUBOD),Public,Partially Urban,DepED Managed,Purely ES
CARAGA,Surigao del Norte,Tubod,304853,Timamana National High School,Gales St.,TUBOD,2nd District,TIMAMANA,Public,Partially Urban,DepED Managed,JHS with SHS
CARAGA,Surigao del Norte,Tubod,304855,Tubod National High School,Wenzel Street,TUBOD,2nd District,POBLACION (TUBOD),Public,Partially Urban,DepED Managed,JHS with SHS
CARAGA,Surigao del Norte,Tubod,474011,"Sts. Peter and Paul Tubod Parish Learning Center, Inc.",Pob. Tubod,TUBOD,2nd District,POBLACION (TUBOD),Private,Partially Urban,Non-Sectarian,Purely ES
CARAGA,Surigao del Norte,Mainit II,132427,Binga ES,Purok 2,MAINIT,2nd District,BINGA,Public,Partially Urban,DepED Managed,Purely ES
CARAGA,Surigao del Norte,Mainit II,132429,Cantugas Cul. Minorities ES,"Purok 1, Brgy. Cantugas, Mainit, Surigao del Norte",MAINIT,2nd District,CANTUGAS,Public,Partially Urban,DepED Managed,Purely ES
CARAGA,Surigao del Norte,Mainit II,132430,Cantugas Elementary School,"PUROK- 6 CANTUGAS, MAINIT",MAINIT,2nd District,CANTUGAS,Public,Partially Urban,DepED Managed,Purely ES
CARAGA,Surigao del Norte,Mainit II,132435,Mansayao ES,n/a,MAINIT,2nd District,MANSAYAO,Public,Partially Urban,DepED Managed,Purely ES
CARAGA,Surigao del Norte,Mainit II,132437,Matin-ao CES,"Masigla, Matin-ao, Mainit, Surigao del Norte",MAINIT,2nd District,MATIN-AO,Public,Partially Urban,DepED Managed,Purely ES
CARAGA,Surigao del Norte,Mainit II,132438,Meliton M. Morales Sr. Elementary School,"Mahayahay, Tolingon,Mainit Surigao DelNorte",MAINIT,2nd District,TOLINGON,Public,Partially Urban,DepED Managed,Purely ES
CARAGA,Surigao del Norte,Mainit II,132442,San Francisco ES,Purok 2,MAINIT,2nd District,SAN FRANCISCO,Public,Partially Urban,DepED Managed,Purely ES
CARAGA,Surigao del Norte,Mainit II,132443,San Isidro ES,0,MAINIT,2nd District,SAN ISIDRO,Public,Partially Urban,DepED Managed,Purely ES
CARAGA,Surigao del Norte,Mainit II,132447,Tagbuyawan ES,Tagbuyawan,MAINIT,2nd District,TAGBUYAWAN,Public,Partially Urban,DepED Managed,Purely ES
CARAGA,Surigao del Norte,Mainit II,132448,Tapian ES,"Tapi-an, Mainit, Surigao del Norte",MAINIT,2nd District,TAPI-AN,Public,Partially Urban,DepED Managed,Purely ES
CARAGA,Surigao del Norte,Mainit II,132449,Tolingon ES,-none,MAINIT,2nd District,TOLINGON,Public,Partially Urban,DepED Managed,Purely ES
CARAGA,Surigao del Norte,Mainit II,304834,Matin-ao National High School,Pacuyab,MAINIT,2nd District,MATIN-AO,Public,Partially Urban,DepED Managed,JHS with SHS
CARAGA,Surigao del Norte,Mainit II,304835,Hacienda National High School,Purok 3 San Francisco,MAINIT,2nd District,SAN FRANCISCO,Public,Partially Urban,DepED Managed,JHS with SHS
CARAGA,Surigao del Norte,Placer II,132466,A. Romero ES,-,PLACER,2nd District,MABINI,Public,Partially Urban,DepED Managed,Purely ES
CARAGA,Surigao del Norte,Placer II,132468,Anislagan ES,"Anislagan, Placer, Surigao del Norte",PLACER,2nd District,ANISLAGAN,Public,Partially Urban,DepED Managed,Purely ES
CARAGA,Surigao del Norte,Placer II,132470,Boyongan ES,National Highway,PLACER,2nd District,BOYONGAN,Public,Partially Urban,DepED Managed,Purely ES
CARAGA,Surigao del Norte,Placer II,132471,Bugas-Bugas ES,-Purok 1,PLACER,2nd District,BUGAS-BUGAS,Public,Partially Urban,DepED Managed,Purely ES
CARAGA,Surigao del Norte,Placer II,132474,Macalaya ES,National HIghway,PLACER,2nd District,MACALAYA,Public,Partially Urban,DepED Managed,Purely ES
CARAGA,Surigao del Norte,Placer II,132475,Magupange ES,"Magupange, Placer Surigao del Norte",PLACER,2nd District,MAGUPANGE,Public,Partially Urban,DepED Managed,Purely ES
CARAGA,Surigao del Norte,Placer II,132479,Placer West CES,-Magsaysay,PLACER,2nd District,MAGSAYSAY (POB.),Public,Partially Urban,DepED Managed,Purely ES
CARAGA,Surigao del Norte,Placer II,132480,San Isidro ES,San Isidro,PLACER,2nd District,SAN ISIDRO,Public,Partially Urban,DepED Managed,Purely ES
CARAGA,Surigao del Norte,Placer II,132482,Sta Cruz ES,Sta. Cruz,PLACER,2nd District,SANTA CRUZ,Public,Partially Urban,DepED Managed,Purely ES
CARAGA,Surigao del Norte,Placer II,132483,Suyoc ES,-,PLACER,2nd District,SUYOC,Public,Partially Urban,DepED Managed,Purely ES
CARAGA,Surigao del Norte,Placer II,304845,Amando A. Fabio Memorial National High School (Sta. Cruz National School),-Sta Cruz,PLACER,2nd District,SANTA CRUZ,Public,Partially Urban,DepED Managed,JHS with SHS
CARAGA,Surigao del Norte,Placer II,406024,Mindanao EF Academy,"Purok 5 Badas ,Placer SDN",PLACER,2nd District,BAD-AS,Private,Partially Urban,Non-Sectarian,Purely JHS
CARAGA,Surigao del Norte,Placer II,474019,Badas Learning Center,Purok 5,PLACER,2nd District,BAD-AS,Private,Partially Urban,Non-Sectarian,Purely ES
CARAGA,Surigao del Norte,Placer II,474021,"Holy Cross Catholic Kindergarten School, Inc.",Badas,PLACER,2nd District,BAD-AS,Private,Partially Urban,Sectarian,Purely ES
CARAGA,Surigao del Sur,Barobo I,132570,Anunang Elementary School,"-Anunang,Gamut,Barobo,Surigao Del Sur",BAROBO,2nd District,GAMUT,Public,Partially Urban,DepED Managed,Purely ES
CARAGA,Surigao del Sur,Barobo I,132572,Barobo Central Elementary School,P-1 POB. BAROBO SURIGAO DEL SUR,BAROBO,2nd District,POBLACION,Public,Partially Urban,DepED Managed,Purely ES
CARAGA,Surigao del Sur,Barobo I,132573,Barobo Townsite Elementary School,"-Purok 1,Poblacion, Barobo, Surigao del Sur",BAROBO,2nd District,POBLACION,Public,Partially Urban,DepED Managed,Purely ES
CARAGA,Surigao del Sur,Barobo I,132574,Cabacungan Elementary School,"Purok 1, Cabacungan, Barobo, Surigao del Sur",BAROBO,2nd District,CABACUNGAN,Public,Partially Urban,DepED Managed,Purely ES
CARAGA,Surigao del Sur,Barobo I,132576,Causwagan Elementary School,"Purok 1, Causwagan, Barobo, Surigao del Sur",BAROBO,2nd District,CAUSWAGAN,Public,Partially Urban,DepED Managed,Purely ES
CARAGA,Surigao del Sur,Barobo I,132579,Dughan Elementary School,Purok-2,BAROBO,2nd District,DUGHAN,Public,Partially Urban,DepED Managed,Purely ES
CARAGA,Surigao del Sur,Barobo I,132580,Gamut Elementary School,"Purok 1, Gamut, Barobo, Surigao del Sur",BAROBO,2nd District,GAMUT,Public,Partially Urban,DepED Managed,Purely ES
CARAGA,Surigao del Sur,Barobo I,132582,Javier Elementary School,"Purok 3 Javier, Barobo, Surigao del sur",BAROBO,2nd District,JAVIER,Public,Partially Urban,DepED Managed,Purely ES
CARAGA,Surigao del Sur,Barobo I,132584,Luagon Elementary School,"Luagon, Gamut, Barobo, Surigao del Sur",BAROBO,2nd District,GAMUT,Public,Partially Urban,DepED Managed,Purely ES
CARAGA,Surigao del Sur,Barobo I,132585,Maapod Elementary School,"Sitio Maapod, Cabacungan, Barobo, Surigao del Sur",BAROBO,2nd District,CABACUNGAN,Public,Partially Urban,DepED Managed,Purely ES
CARAGA,Surigao del Sur,Barobo I,132586,Malindog Elementary School,"Sitio Malindog, Gamut, Barobo, Surigao del Sur",BAROBO,2nd District,GAMUT,Public,Partially Urban,DepED Managed,Purely ES
CARAGA,Surigao del Sur,Barobo I,132588,Nuevo Paraiso Elementary School,"Nuevo Paraiso, Gamut, Barobo, Surigao del Sur",BAROBO,2nd District,GAMUT,Public,Partially Urban,DepED Managed,Purely ES
CARAGA,Surigao del Sur,Barobo I,132590,San Jose Elementary School,"Purok 1, San Jose, Barobo, Surigao del Sur",BAROBO,2nd District,SAN JOSE,Public,Partially Urban,DepED Managed,Purely ES
CARAGA,Surigao del Sur,Barobo I,132591,San Roque Elementary School,"San Roque, Barobo, Surigao del Sur",BAROBO,2nd District,SAN ROQUE,Public,Partially Urban,DepED Managed,Purely ES
CARAGA,Surigao del Sur,Barobo I,132598,Unidad Elementary School,"Purok 4, Unidad, Barobo, Surigao del Sur",BAROBO,2nd District,UNIDAD,Public,Partially Urban,DepED Managed,Purely ES
CARAGA,Surigao del Sur,Barobo I,304861,Barobo National High School,"Townsite, Poblacion Barobo, Surigao del Sur",BAROBO,2nd District,POBLACION,Public,Partially Urban,DepED Managed,JHS with SHS
CARAGA,Surigao del Sur,Barobo I,304862,Cabacungan National High School,"Purok 2, Cabacungan, Barobo, Surigao del Sur",BAROBO,2nd District,CABACUNGAN,Public,Partially Urban,DepED Managed,JHS with SHS
CARAGA,Surigao del Sur,Barobo I,304863,Javier National High School,"Purok 2, Javier, Barobo, Surigao del Sur",BAROBO,2nd District,JAVIER,Public,Partially Urban,DepED Managed,JHS with SHS
CARAGA,Surigao del Sur,Barobo I,304888,Gamut National High School (Barobo),"Purok 1, Gamut, Barobo, Surigao Sur",BAROBO,1st District,GAMUT,Public,Partially Urban,DepED Managed,JHS with SHS
CARAGA,Surigao del Sur,Barobo I,406033,Mother of Mercy Academy,"Purok - 6 Poblacion, Barobo, Surigao del Sur",BAROBO,2nd District,POBLACION,Private,Partially Urban,Sectarian,All Offering (K to 12)
CARAGA,Surigao del Sur,Barobo I,406034,"Surigao Sur Colleges, Inc.","Purok 6, National Highway",BAROBO,2nd District,POBLACION,Private,Partially Urban,Sectarian,JHS with SHS
CARAGA,Surigao del Sur,Barobo I,406041,San Antonio School,Aras-asan,CAGWAIT,1st District,ARAS-ASAN,Private,Partially Urban,Sectarian,JHS with SHS
CARAGA,Surigao del Sur,Barobo I,406047,"St. Michael's School of Madrid, Inc.",Arreza St.,MADRID,1st District,QUIRINO (POB.),Private,Partially Urban,Sectarian,All Offering (K to 12)
CARAGA,Surigao del Sur,Barobo I,406049,SAINT AUGUSTINE HIGH SCHOOL,"Poblacion, San Agustin, Surigao del Sur",SAN AGUSTIN,1st District,POBLACION,Private,Partially Urban,Sectarian,All Offering (K to 12)
CARAGA,Surigao del Sur,Barobo I,406053,"Purisima Diocesan School, Inc.","Falcon Street, Purisima Poblacion, Tago, Surigao del Sur",TAGO,1st District,PURISIMA (POB.),Private,Partially Urban,Non-Sectarian,JHS with SHS
CARAGA,Surigao del Sur,Barobo I,474501,Surigao Sur Colleges at Villaverde,"P-2, Villaverde, Tagbina, Surigao del Sur",TAGBINA,2nd District,VILLAVERDE,Private,Partially Urban,Non-Sectarian,JHS with SHS
CARAGA,Surigao del Sur,Barobo I,474511,"Barobo Adventist Learning Center, Inc.",Bogac Street,BAROBO,2nd District,POBLACION,Private,Partially Urban,Non-Sectarian,Purely ES
CARAGA,Surigao del Sur,Barobo I,474513,"Light and Life Learning Center, Inc.","National Highway, Purok 1 Poblacion, Barobo, Surigao del SUur",BAROBO,2nd District,POBLACION,Private,Partially Urban,Non-Sectarian,Purely ES
CARAGA,Surigao del Sur,Bayabas,132600,Amag Elementary School,"Purok 3,Amag, Bayabas, Surigaodel Sur",BAYABAS,1st District,AMAG,Public,Partially Urban,DepED Managed,Purely ES
CARAGA,Surigao del Sur,Bayabas,132601,Bayabas Central Elementary School,"-Purok 2, Balete, Bayabas,Surigao del Sur",BAYABAS,1st District,BALETE (POB.),Public,Partially Urban,DepED Managed,Purely ES
CARAGA,Surigao del Sur,Bayabas,132602,Cabugo Elementary School,"Purok 1,Cabugo,Bayabas,Surigao del Sur",BAYABAS,1st District,CABUGO,Public,Partially Urban,DepED Managed,Purely ES
CARAGA,Surigao del Sur,Bayabas,132603,Cagbaoto Elementary School,"Purok 3,Cagbaoto,Bayabas,Surigao del Sur",BAYABAS,1st District,CAGBAOTO,Public,Partially Urban,DepED Managed,Purely ES
CARAGA,Surigao del Sur,Bayabas,132604,La Paz Elementary School,"Purok 4,La Paz.Bayabas,Surigao del Sur",BAYABAS,1st District,LA PAZ,Public,Partially Urban,DepED Managed,Purely ES
CARAGA,Surigao del Sur,Bayabas,132605,Tabing Dagat Elementary School,"-Purok 1 Tabing-Dagat,La Paz,Bayabas Surigao del Sur",BAYABAS,1st District,LA PAZ,Public,Partially Urban,DepED Managed,Purely ES
CARAGA,Surigao del Sur,Bayabas,214512,Magobawok Elementary School,"Purok 2,Magobawok,Bayabas,Surigao del Sur",BAYABAS,1st District,MAGOBAWOK,Public,Partially Urban,DepED Managed,Purely ES
CARAGA,Surigao del Sur,Bayabas,304909,Solomon P. Lozada National High School,"Amag,Bayabas,Surigao del Sur",BAYABAS,1st District,AMAG,Public,Partially Urban,DepED Managed,JHS with SHS
CARAGA,Surigao del Sur,Bayabas,474518,"KL South East Academy, Inc.","Purok 3 Pagbahanan, Magobawok, Bayabas",BAYABAS,1st District,MAGOBAWOK,Private,Partially Urban,Non-Sectarian,Purely ES
CARAGA,Surigao del Sur,Bayabas,501275,Panaosawon Integrated School,"Brgy. Panaosawon, Bayabas, Surigao del Sur",BAYABAS,1st District,PANAOSAWON,Public,Partially Urban,DepED Managed,ES and JHS (K to 10)
CARAGA,Surigao del Sur,Cagwait,132642,Arangasa Elementary School,"Sitio Arangasa, Arasasan",CAGWAIT,1st District,ARAS-ASAN,Public,Partially Urban,DepED Managed,Purely ES
CARAGA,Surigao del Sur,Cagwait,132643,Aras-asan Elementary School,"Purok San Francisco, Aras-asan, Cagwait, Surigao del Sur",CAGWAIT,1st District,ARAS-ASAN,Public,Partially Urban,DepED Managed,Purely ES
CARAGA,Surigao del Sur,Cagwait,132644,Bacolod Elementary School,"PUROK CITRUS,BACOLOD,CAGWAIT SURIGAO DEL SUR",CAGWAIT,1st District,BACOLOD,Public,Partially Urban,DepED Managed,Purely ES
CARAGA,Surigao del Sur,Cagwait,132646,"Cagwait Central Elem,School","Quirino St.,Purok 3, Poblacion, Cagwait",CAGWAIT,1st District,POBLACION,Public,Partially Urban,DepED Managed,Purely ES
CARAGA,Surigao del Sur,Cagwait,132647,Cempron Elementary School,"Cempron I, Tubo-tubo, Cagwait, Surigao del Sur",CAGWAIT,1st District,TUBO-TUBO,Public,Partially Urban,DepED Managed,Purely ES
CARAGA,Surigao del Sur,Cagwait,132648,Lactudan Elementary School,"Mondalo St., Lactudan, Cagwait, Surigao del Sur",CAGWAIT,1st District,LACTUDAN,Public,Partially Urban,DepED Managed,Purely ES
CARAGA,Surigao del Sur,Cagwait,132649,Mam-on Elementary School,"Km. 10 Sitio Mam-on, Tubo-Tubo, Cagwait, Surigao del Sur",CAGWAIT,1st District,TUBO-TUBO,Public,Partially Urban,DepED Managed,Purely ES
CARAGA,Surigao del Sur,Cagwait,132650,Mat-e Elementary School,PUROK 3 MAT-E CAGWAIT SURIGAO DEL SUR,CAGWAIT,1st District,MAT-E,Public,Partially Urban,DepED Managed,Purely ES
CARAGA,Surigao del Sur,Cagwait,132651,Santiago Chu Elementary School,Purok Avocado Sitio Hinayhayan,CAGWAIT,1st District,BACOLOD,Public,Partially Urban,DepED Managed,Purely ES
CARAGA,Surigao del Sur,Cagwait,132652,Tagbalidbid Elementary School,"TAGBALIDBID, BITAUGAN WEST, CAGWAIT, SDS.",CAGWAIT,1st District,BITAUGAN WEST,Public,Partially Urban,DepED Managed,Purely ES
CARAGA,Surigao del Sur,Cagwait,132653,Tawagan Elementary School,"-Purok 2 Tawagan, Cagwait, Surigao del Sur",CAGWAIT,1st District,TAWAGAN,Public,Partially Urban,DepED Managed,Purely ES
CARAGA,Surigao del Sur,Cagwait,132654,Unidad Elementary School,"-Prk. Mahayag, Unidad, Cagwait, Surigao del Sur",CAGWAIT,1st District,UNIDAD,Public,Partially Urban,DepED Managed,Purely ES
CARAGA,Surigao del Sur,Cagwait,214509,La Purisima Elementary School,"-La Purisima, Cagwait, Surigao del Sur",CAGWAIT,1st District,LA PURISIMA (PALHE),Public,Partially Urban,DepED Managed,Purely ES
CARAGA,Surigao del Sur,Cagwait,304924,Unidad National High School,"Purok Riverside, Unidad, Cagwait, Surigao del Sur",CAGWAIT,1st District,UNIDAD,Public,Partially Urban,DepED Managed,JHS with SHS
CARAGA,Surigao del Sur,Cagwait,304925,Jose Sanvictores Sr. National School Annex,National Highway,CAGWAIT,1st District,LA PURISIMA (PALHE),Public,Partially Urban,DepED Managed,JHS with SHS
CARAGA,Surigao del Sur,Cagwait,474515,"Little Seed Kiddie Learning Center of Surigao del Sur, Inc.","Cempron-I, Tubo-tubo, Cagwait, Surigao del Sur",CAGWAIT,1st District,POBLACION,Private,Partially Urban,Non-Sectarian,Purely ES
CARAGA,Surigao del Sur,Cagwait,500323,Bitaugan Integrated School,"Bitaugan East, Cagwait, Surigao del Sur",CAGWAIT,1st District,BITAUGAN EAST,Public,Partially Urban,DepED Managed,All Offering (K to 12)
CARAGA,Surigao del Sur,Cantilan I,132655,Agsam Primary School,"Agsam, Cabas-an, Cantilan, Surigao del Sur",CANTILAN,1st District,CABAS-AN,Public,Partially Urban,DepED Managed,Purely ES
CARAGA,Surigao del Sur,Cantilan I,132656,Batoto Primary School,"Sitio Batoto, Cabangahan, Cantilan, Surigao del Sur",CANTILAN,1st District,CABANGAHAN,Public,Partially Urban,DepED Managed,Purely ES
CARAGA,Surigao del Sur,Cantilan I,132657,Buntalid Elementary School,"Purok 2, Buntalid, Cantilan, Surigao del Sur",CANTILAN,1st District,BUNTALID,Public,Partially Urban,DepED Managed,Purely ES
CARAGA,Surigao del Sur,Cantilan I,132659,Cabas-an Elementary School,"Purok 2, Cabas-an, Cantilan, Surigao del Sur",CANTILAN,1st District,CABAS-AN,Public,Partially Urban,DepED Managed,Purely ES
CARAGA,Surigao del Sur,Cantilan I,132660,Cabitoonan Primary School,"-P4,Cabito-onan,Consuelo, Cantilan, Surigao del Sur",CANTILAN,1st District,CONSUELO,Public,Partially Urban,DepED Managed,Purely ES
CARAGA,Surigao del Sur,Cantilan I,132661,Cantilan Pilot School,"Orillaneda St., Linintian, Cantilan, Surigao del Sur",CANTILAN,1st District,LININTI-AN (POB.),Public,Partially Urban,DepED Managed,Purely ES
CARAGA,Surigao del Sur,Cantilan I,132662,Consuelo Elmentary School,"Purok - 1 - Royo St, Consuelo, Cantilan,Surigao del Sur",CANTILAN,1st District,CONSUELO,Public,Partially Urban,DepED Managed,Purely ES
CARAGA,Surigao del Sur,Cantilan I,132663,Magasang Elementary School,"Purok 5, Magasang,Cantilan, SdS",CANTILAN,1st District,MAGASANG,Public,Partially Urban,DepED Managed,Purely ES
CARAGA,Surigao del Sur,Cantilan I,132664,Parang Elementary School,"PLAZA STREET, PARANG, CANTILAN, SURIGAO DEL SUR",CANTILAN,1st District,PARANG,Public,Partially Urban,DepED Managed,Purely ES
CARAGA,Surigao del Sur,Cantilan I,132665,Sibayoto Primary School,"Purok 6A , Sitio Sibayoto,Tigabong, Cantilan, Surigao del Sur",CANTILAN,1st District,TIGABONG,Public,Partially Urban,DepED Managed,Purely ES
CARAGA,Surigao del Sur,Cantilan I,132666,Tigabong Elementary School,"P-2 Tigabong, Cantilan, Surigao del Sur",CANTILAN,1st District,TIGABONG,Public,Partially Urban,DepED Managed,Purely ES
CARAGA,Surigao del Sur,Cantilan I,304873,Cantilan National High School,"Malingin, Magasang, Cantilan, Surigao del Sur",CANTILAN,1st District,MAGASANG,Public,Partially Urban,DepED Managed,JHS with SHS
CARAGA,Surigao del Sur,Cantilan I,304901,Parang National High School,"Purok 15, Parang, Cantilan, Surigao del Sur",CANTILAN,1st District,PARANG,Public,Partially Urban,DepED Managed,JHS with SHS
CARAGA,Surigao del Sur,Cantilan I,317928,Canico P. Iriberri National High School,"P - 1, Consuelo, Cantilan, Surigao del Sur",CANTILAN,1st District,CONSUELO,Public,Partially Urban,DepED Managed,JHS with SHS
CARAGA,Surigao del Sur,Cantilan I,406042,St. Michael College,"Rizal St., Magosilom,Cantilan,SdS",CANTILAN,1st District,MAGOSILOM (POB.),Private,Partially Urban,Sectarian,All Offering (K to 12)
CARAGA,Surigao del Sur,Cantilan I,409220,"Cantilan Montessori School, Inc.","Cantilan, Surigao del Sur",CANTILAN,1st District,LININTI-AN (POB.),Private,Partially Urban,Non-Sectarian,Purely ES
CARAGA,Surigao del Sur,Cantilan I,409752,Algo Learning School Inc.,"Linintian, Cantilan, Surigao del Sur",CANTILAN,1st District,LININTI-AN (POB.),Private,Partially Urban,Non-Sectarian,Purely ES
CARAGA,Surigao del Sur,Cantilan I,474514,"Cantilan Christian School, Inc.","Corner Plaza & Julve St., Magosilom, Cantilan, Surigao del Sur",CANTILAN,1st District,MAGOSILOM (POB.),Private,Partially Urban,Non-Sectarian,Purely ES
CARAGA,Surigao del Sur,Cantilan I,500574,Cabangahan Integrated School,"Cabangahan, Cantilan, Surigao del Sur",CANTILAN,1st District,CABANGAHAN,Public,Partially Urban,DepED Managed,All Offering (K to 12)
CARAGA,Surigao del Sur,Cantilan II,132667,Ayoke Elementary School,"Sitio Ayoke,Brgy. Isla Gen,cantilan,sds",CANTILAN,1st District,GENERAL ISLAND,Public,Partially Urban,DepED Managed,Purely ES
CARAGA,Surigao del Sur,Cantilan II,132668,Cherry T. Coleto Elementary School (Baybay I ES),"Purok 2 San Pedro, Cantilan Surigao del Sur",CANTILAN,1st District,SAN PEDRO,Public,Partially Urban,DepED Managed,Purely ES
CARAGA,Surigao del Sur,Cantilan II,132669,Bugsukan Elementary School,"P-3, Bugsukan, Cantilan, Surigao del Sur",CANTILAN,1st District,BUGSUKAN,Public,Partially Urban,DepED Managed,Purely ES
CARAGA,Surigao del Sur,Cantilan II,132670,Calagdaan Elementary School,"-National Highway Calagdaan, Cantilan, SDS",CANTILAN,1st District,CALAGDAAN,Public,Partially Urban,DepED Managed,Purely ES
CARAGA,Surigao del Sur,Cantilan II,132671,Cantilan East Central Elementary School,"P2 La Purisima, Magosilom Poblacion, Cantllan, SDS",CANTILAN,1st District,MAGOSILOM (POB.),Public,Partially Urban,DepED Managed,Purely ES
CARAGA,Surigao del Sur,Cantilan II,132672,Domoyog Primary School,"-Domoyog, Calagdaan, Cantilan, Surigao del Sur",CANTILAN,1st District,CALAGDAAN,Public,Partially Urban,DepED Managed,Purely ES
CARAGA,Surigao del Sur,Cantilan II,132675,Lubo Elementary School,"Purok 2, Lobo, Cantilan, Surigao del Sur",CANTILAN,1st District,LOBO,Public,Partially Urban,DepED Managed,Purely ES
CARAGA,Surigao del Sur,Cantilan II,132676,N.A. Uriarte Memorial Elementary School,"-National Highway Pag-antayan,",CANTILAN,1st District,PAG-ANTAYAN,Public,Partially Urban,DepED Managed,Purely ES
CARAGA,Surigao del Sur,Cantilan II,132678,S. N. Azarcon Memorial Elem.School,"Purok 1-A Magosilom Poblacion, Cantilan, Sds.",CANTILAN,1st District,MAGOSILOM (POB.),Public,Partially Urban,DepED Managed,Purely ES
CARAGA,Surigao del Sur,Cantilan II,474519,Pioneer Jaycess Pre-Education Kiddie Learning Center,La Purisima Street,CANTILAN,1st District,LININTI-AN (POB.),Private,Partially Urban,Non-Sectarian,Purely ES
CARAGA,Surigao del Sur,Cantilan II,500570,Palasao Integrated School,"Purok 5,Palasao,Cantilan,Surigao del Sur",CANTILAN,1st District,PALASAO,Public,Partially Urban,DepED Managed,All Offering (K to 12)
CARAGA,Surigao del Sur,Cantilan II,500575,Isla General Integrated School,"Isla General, Cantilan, Surigao del Sur",CANTILAN,1st District,GENERAL ISLAND,Public,Partially Urban,DepED Managed,All Offering (K to 12)
CARAGA,Surigao del Sur,Carmen,132679,Antonio Borda Memorial Elementary School,"P-1, Sta. Cruz, Carmen, Surigao del Sur",CARMEN,1st District,SANTA CRUZ,Public,Partially Urban,DepED Managed,Purely ES
CARAGA,Surigao del Sur,Carmen,132680,Antao Elementary School,"National Highway, Antao Carmen Surigao del Sur",CARMEN,1st District,ANTAO,Public,Partially Urban,DepED Managed,Purely ES
CARAGA,Surigao del Sur,Carmen,132681,Cancavan Elementary School,"P-1, Cancavan, Carmen, Surigao del Sur",CARMEN,1st District,CANCAVAN,Public,Partially Urban,DepED Managed,Purely ES
CARAGA,Surigao del Sur,Carmen,132682,Carmen Central Elementary School,"National Highway, Carmen Surigao del Sur",CARMEN,1st District,CARMEN (POB.),Public,Partially Urban,DepED Managed,Purely ES
CARAGA,Surigao del Sur,Carmen,132683,Don Gonzalo Puyat Memorial Elementary School,"Purok Narra, Puyat, Carmen, SdS",CARMEN,1st District,PUYAT,Public,Partially Urban,DepED Managed,Purely ES
CARAGA,Surigao del Sur,Carmen,132685,Gacub Elementary School,"Gacub, Hinapoyan, Carmen, Surigao del Sur",CARMEN,1st District,HINAPOYAN,Public,Partially Urban,DepED Managed,Purely ES
CARAGA,Surigao del Sur,Carmen,132686,Hinapoyan Elementary School,"Hinapuyan, Carmen Surigao del Sur",CARMEN,1st District,HINAPOYAN,Public,Partially Urban,DepED Managed,Purely ES
CARAGA,Surigao del Sur,Carmen,132687,San Vicente Elementary School,Brgy. San Vicente Carmen Surigao del Sur,CARMEN,1st District,SAN VICENTE,Public,Partially Urban,DepED Managed,Purely ES
CARAGA,Surigao del Sur,Carmen,214548,Tabinas Indigenous Community Elementary School,"Sitio Tabinas, P-5, Hinapoyan, Carmen, Surigao del Sur",CARMEN,1st District,HINAPOYAN,Public,Partially Urban,DepED Managed,Purely ES
CARAGA,Surigao del Sur,Carmen,304875,Carmen National Agricultural High School,"Sitio Mahambong Poblacion, Carmen,Surigao del Sur",CARMEN,1st District,CARMEN (POB.),Public,Partially Urban,DepED Managed,JHS with SHS
CARAGA,Surigao del Sur,Carmen,305747,Gacub Atad S. Iligan Tribal National High School,"Sitio Gacub, Brgy. Hinapoyan, Carmen, Surigao del Sur",CARMEN,1st District,HINAPOYAN,Public,Partially Urban,DepED Managed,Purely JHS
CARAGA,Surigao del Sur,Carmen,474516,"Carmen Catholic Parish Academy, Inc.",Magsaysay Corner Pude Strs. Pob. Carmen Surigao del Sur,CARMEN,1st District,CARMEN (POB.),Private,Partially Urban,Non-Sectarian,Purely ES
CARAGA,Surigao del Sur,Carmen,500050,Esperanza Integrated School,"Sumaoy St. Esperanza, Carmen Surigao del Sur",CARMEN,1st District,ESPERANZA,Public,Partially Urban,DepED Managed,All Offering (K to 12)
CARAGA,Surigao del Sur,Carrascal,132688,Adlay Community School,"Purok 4, National Highway Adlay, Carrascal, SDS",CARRASCAL,1st District,ADLAY,Public,Partially Urban,DepED Managed,Purely ES
CARAGA,Surigao del Sur,Carrascal,132689,Antonio Yu Carcel Primary School,"Sitio Gango, Bon-ot, Carrascal, Surigao del Sur",CARRASCAL,1st District,BON-OT,Public,Partially Urban,DepED Managed,Purely ES
CARAGA,Surigao del Sur,Carrascal,132690,Babuyan Elementary School,"Purok 1, Babuyan, Carrascal, Surigao del Sur",CARRASCAL,1st District,BABUYAN,Public,Partially Urban,DepED Managed,Purely ES
CARAGA,Surigao del Sur,Carrascal,132691,Bacolod Primary School,"P-6, Bacolod, Carrascal, SDS",CARRASCAL,1st District,BACOLOD,Public,Partially Urban,DepED Managed,Purely ES
CARAGA,Surigao del Sur,Carrascal,132692,Bon-ot Elementary School,"Purok 5,Brgy. Bon-ot, Carrascal, Surigao del Sur",CARRASCAL,1st District,BON-OT,Public,Partially Urban,DepED Managed,Purely ES
CARAGA,Surigao del Sur,Carrascal,132693,Caglayag Elementary School,"P5, Caglayag, Carrascal, Surigao del Sur",CARRASCAL,1st District,CAGLAYAG,Public,Partially Urban,DepED Managed,Purely ES
CARAGA,Surigao del Sur,Carrascal,132694,Camp David Primary School,"Sitio Banban, Panikian, Carrascal, Surigao del Sur",CARRASCAL,1st District,PANIKIAN,Public,Partially Urban,DepED Managed,Purely ES
CARAGA,Surigao del Sur,Carrascal,132695,Carrascal Central Elementary School,"Cervantes Street, Baybay, Carrascal, Surigao del Sur",CARRASCAL,1st District,BAYBAY (POB.),Public,Partially Urban,DepED Managed,Purely ES
CARAGA,Surigao del Sur,Carrascal,132696,Dahican Elementary School,"Purok 3, Dahican, Carrascal, SDS",CARRASCAL,1st District,DAHICAN,Public,Partially Urban,DepED Managed,Purely ES
CARAGA,Surigao del Sur,Carrascal,132697,Maicam Elementary School,"Sitio Pili, Panikian, Carrascal, Surigao del Sur",CARRASCAL,1st District,PANIKIAN,Public,Partially Urban,DepED Managed,Purely ES
CARAGA,Surigao del Sur,Carrascal,132698,Nasipit Primary School,"P5, Sitio Nasipit, Adlay, Carrascal, Surigao del Sur",CARRASCAL,1st District,ADLAY,Public,Partially Urban,DepED Managed,Purely ES
CARAGA,Surigao del Sur,Carrascal,132699,Nocot Primary School,"P7, Sitio Nocot, Carrascal, Surigao del Sur",CARRASCAL,1st District,SACA (POB.),Public,Partially Urban,DepED Managed,Purely ES
CARAGA,Surigao del Sur,Carrascal,132700,Panikian Elementary School,"Ruayana St., Panikian, Carrascal, Surigao del Sur",CARRASCAL,1st District,PANIKIAN,Public,Partially Urban,DepED Managed,Purely ES
CARAGA,Surigao del Sur,Carrascal,132701,Pantukan Elementary School,"Purok 1,Pantukan, Carrascal, Surigao del Sur",CARRASCAL,1st District,PANTUKAN,Public,Partially Urban,DepED Managed,Purely ES
CARAGA,Surigao del Sur,Carrascal,132702,Segunda R. Cuajao Memorial Elementary School,"P5, Gamuton, Carrascal, Surigao del Sur",CARRASCAL,1st District,GAMUTON,Public,Partially Urban,DepED Managed,Purely ES
CARAGA,Surigao del Sur,Carrascal,132703,Tabon-tabon Elementary School,"Tabon-tabon, Bacolod, Carrascal, Surigao del Sir",CARRASCAL,1st District,BACOLOD,Public,Partially Urban,DepED Managed,Purely ES
CARAGA,Surigao del Sur,Carrascal,132704,Tag-anito Elementary School,"P3 Tag-anito, Carrascal, Surigao del Sur",CARRASCAL,1st District,TAG-ANITO,Public,Partially Urban,DepED Managed,Purely ES
CARAGA,Surigao del Sur,Carrascal,304857,Adlay National High School,"Purok 4 Adlay, Carrascal, Surigao del Sur",CARRASCAL,1st District,ADLAY,Public,Partially Urban,DepED Managed,JHS with SHS
CARAGA,Surigao del Sur,Carrascal,304877,Carrascal National High School,"National Highway, Gamuton, Carrascal, Surigao del Sur",CARRASCAL,1st District,GAMUTON,Public,Partially Urban,DepED Managed,JHS with SHS
CARAGA,Surigao del Sur,Carrascal,304900,Panikian National High School,"Rosit Street, Panikian, Carrascal, Surigao del Sur",CARRASCAL,1st District,PANIKIAN,Public,Partially Urban,DepED Managed,JHS with SHS
CARAGA,Surigao del Sur,Cortes,132705,Balibadon Elementary School,"Balibadon, Cortes, Surigao Del Sur",CORTES,1st District,BALIBADON,Public,Partially Urban,DepED Managed,Purely ES
CARAGA,Surigao del Sur,Cortes,132706,Banuison Elementary School,"Purok Kalipay-Banuison, Cortes, Surigao del Sur",CORTES,1st District,BURGOS,Public,Partially Urban,DepED Managed,Purely ES
CARAGA,Surigao del Sur,Cortes,132707,Burgos Elementary School,"Purok Calachuchi, Burgos, Cortes, Surigao del Sur",CORTES,1st District,BURGOS,Public,Partially Urban,DepED Managed,Purely ES
CARAGA,Surigao del Sur,Cortes,132708,Capandan Elementary School,Purok-1,CORTES,1st District,CAPANDAN,Public,Partially Urban,DepED Managed,Purely ES
CARAGA,Surigao del Sur,Cortes,132709,Cortes Central Elementary School,Poblacion Cortes,CORTES,1st District,POBLACION,Public,Partially Urban,DepED Managed,Purely ES
CARAGA,Surigao del Sur,Cortes,132710,Lubcon Elementary School,"Purok 7A, Lubcon, Mabahin, Cortes",CORTES,1st District,MABAHIN,Public,Partially Urban,DepED Managed,Purely ES
CARAGA,Surigao del Sur,Cortes,132711,Mabahin Elementary School,"Purok 2A, Mabahin, Cortes, Surigao del Sur",CORTES,1st District,MABAHIN,Public,Partially Urban,DepED Managed,Purely ES
CARAGA,Surigao del Sur,Cortes,132712,Madrelino Elementary School,"Purok Poblacion, Madrelino, Cortes, Surigao del Sur",CORTES,1st District,MADRELINO,Public,Partially Urban,DepED Managed,Purely ES
CARAGA,Surigao del Sur,Cortes,132713,Manlico Elementary School,"Purok-1 Manlico,Cortes, SDS",CORTES,1st District,MANLICO,Public,Partially Urban,DepED Managed,Purely ES
CARAGA,Surigao del Sur,Cortes,132715,Tag-anungan Elementary School,"Purok-2, Tag-anungan, Cortes, Surigao del Sur",CORTES,1st District,TAG-ANONGAN,Public,Partially Urban,DepED Managed,Purely ES
CARAGA,Surigao del Sur,Cortes,132716,Tigao Elementary School,"Purok 4, Tigao, Surigao Del Sur",CORTES,1st District,TIGAO,Public,Partially Urban,DepED Managed,Purely ES
CARAGA,Surigao del Sur,Cortes,132717,Tuboran Elementary School,"PUROK 2, TUBORAN, CORTES, SURIGAO DEL SURIGAO DEL SUR",CORTES,1st District,TUBORAN,Public,Partially Urban,DepED Managed,Purely ES
CARAGA,Surigao del Sur,Cortes,132718,Uba Elementary School,"Purok kalipayan,Uba Cortes,Surigao del Sur",CORTES,1st District,UBA,Public,Partially Urban,DepED Managed,Purely ES
CARAGA,Surigao del Sur,Cortes,214510,Eusebio Josol Sr. Primary School,"Purok 4, Poblacion Cortes, Surigao del Sur",CORTES,1st District,POBLACION,Public,Partially Urban,DepED Managed,Purely ES
CARAGA,Surigao del Sur,Cortes,304872,Burgos National High School,"Poblacion Burgos, Cortes, Surigao del Sur",CORTES,1st District,BURGOS,Public,Partially Urban,DepED Managed,JHS with SHS
CARAGA,Surigao del Sur,Cortes,304886,Felisberto Verano National High School,"Balili Street,Poblacion,Cortes SDS",CORTES,1st District,POBLACION,Public,Partially Urban,DepED Managed,JHS with SHS
CARAGA,Surigao del Sur,Cortes,304887,Tigao National High School,"Purok 6, Bgy. Tigao, Cortes, Surigao del Sur",CORTES,1st District,TIGAO,Public,Partially Urban,DepED Managed,JHS with SHS
CARAGA,Surigao del Sur,Cortes,406043,Cortes Academy,"Poblacion, Cortes, Surigao del Sur",CORTES,1st District,POBLACION,Private,Partially Urban,Non-Sectarian,JHS with SHS
CARAGA,Surigao del Sur,Cortes,500321,Matho Integrated School,"P5 Matho, Cortes, Surigao del Sur",CORTES,1st District,MATHO,Public,Partially Urban,DepED Managed,All Offering (K to 12)
CARAGA,Surigao del Sur,Hinatuan South,132720,Almaria Elementary School,"Sitio Almaria, Brgy. Bigaan, Hinatuan, Surigao del Sur",HINATUAN,2nd District,BIGAAN,Public,Partially Urban,DepED Managed,Purely ES
CARAGA,Surigao del Sur,Hinatuan South,132721,Aloba Elementary School,"Labao, Loyola, Hinatuan, Surigao del Sur",HINATUAN,2nd District,LOYOLA,Public,Partially Urban,DepED Managed,Purely ES
CARAGA,Surigao del Sur,Hinatuan South,132723,Balbuena Elementary School,"Purok 5, Mawis Island, Brgy. Tidman, Hinatuan, SDS",HINATUAN,2nd District,TIDMAN,Public,Partially Urban,DepED Managed,Purely ES
CARAGA,Surigao del Sur,Hinatuan South,132724,Bigaan Elementary School,"Purok 1 Barangay Bigaan, Hinatuan, Surigao del Sur",HINATUAN,2nd District,BIGAAN,Public,Partially Urban,DepED Managed,Purely ES
CARAGA,Surigao del Sur,Hinatuan South,132726,Bitoon Elementary School,"Purok 1 Pagtigni-an, Bitoon, Hinatuan, Surigao del Sur",HINATUAN,2nd District,PAGTIGNI-AN (BITOON),Public,Partially Urban,DepED Managed,Purely ES
CARAGA,Surigao del Sur,Hinatuan South,132735,Hinatuan South Central Elementary School,"P-1,T. Cañedo St.,Brgy. Lacasa, Hinatuan, SDS",HINATUAN,2nd District,LA CASA (POB.),Public,Partially Urban,DepED Managed,Purely ES
CARAGA,Surigao del Sur,Hinatuan South,132736,Irizari Elementary School,"Purok 2, Brgy. Lacasa, Hinatuan, SDS",HINATUAN,2nd District,LA CASA (POB.),Public,Partially Urban,DepED Managed,Purely ES
CARAGA,Surigao del Sur,Hinatuan South,132738,Loyola Elementary School,"Purok 2,Loyola,Hinatuan,Surigao del Sur",HINATUAN,2nd District,LOYOLA,Public,Partially Urban,DepED Managed,Purely ES
CARAGA,Surigao del Sur,Hinatuan South,132740,Maligaya Elementary School,"Purok2,Maligaya, Hinatuan,SDS",HINATUAN,2nd District,MALIGAYA,Public,Partially Urban,DepED Managed,Purely ES
CARAGA,Surigao del Sur,Hinatuan South,132744,Rio Elementary School,"Kapilayan Tagasaka, Hinatuan, Surigao del Sur",HINATUAN,2nd District,TAGASAKA,Public,Partially Urban,DepED Managed,Purely ES
CARAGA,Surigao del Sur,Hinatuan South,132745,Rocky Elementary School,"Rocky Tagbobonga, Hinatuan, Surigao del Sur",HINATUAN,2nd District,TAGBOBONGA,Public,Partially Urban,DepED Managed,Purely ES
CARAGA,Surigao del Sur,Hinatuan South,132746,Roxas Elementary School,"Purok -4 Roxas, Hinatuan,Surigao del Sur",HINATUAN,2nd District,ROXAS,Public,Partially Urban,DepED Managed,Purely ES
CARAGA,Surigao del Sur,Hinatuan South,132748,San Miguel Elementary School,"San Miguel, Bigaan, Hinatuan, Surigao del Sur",HINATUAN,2nd District,BIGAAN,Public,Partially Urban,DepED Managed,Purely ES
CARAGA,Surigao del Sur,Hinatuan South,132749,Sasa Elementary School,"Purok 1, Sasa, Hinatuan, Surigao del Sur",HINATUAN,2nd District,SASA,Public,Partially Urban,DepED Managed,Purely ES
CARAGA,Surigao del Sur,Hinatuan South,132751,Tagasaka Elementary School,"Purok 1 Tagasaka, Hinatuan, Surigao del Sur",HINATUAN,2nd District,TAGASAKA,Public,Partially Urban,DepED Managed,Purely ES
CARAGA,Surigao del Sur,Hinatuan South,132752,Tagbobonga Elementary School,Purok 2.Barangay Tagbobonga Hinatuan SDS,HINATUAN,2nd District,TAGBOBONGA,Public,Partially Urban,DepED Managed,Purely ES
CARAGA,Surigao del Sur,Hinatuan South,132755,Tidman Elementary School,"Purok 1 Tidman, Hinatuan, Surigao del Sur",HINATUAN,2nd District,TIDMAN,Public,Partially Urban,DepED Managed,Purely ES
CARAGA,Surigao del Sur,Hinatuan South,132757,Urabangon Elementary School,"Urabangon, Bigaan, Hinatuan SDS",HINATUAN,2nd District,BIGAAN,Public,Partially Urban,DepED Managed,Purely ES
CARAGA,Surigao del Sur,Hinatuan South,304890,Hinatuan National Comprehensive High School,"España Zone II Poblacion, Hinatuan, Suirgao del Sur",HINATUAN,2nd District,ZONE II (POB.),Public,Partially Urban,DepED Managed,JHS with SHS
CARAGA,Surigao del Sur,Hinatuan South,304920,Tagasaka National High School,"Purok 3, Brgy. Tagasaka, Hinatuan, Surigao del Sur",HINATUAN,2nd District,TAGASAKA,Public,Partially Urban,DepED Managed,JHS with SHS
CARAGA,Surigao del Sur,Hinatuan South,304921,Bigaan National High School,"Bigaan, Hinatuan, Surigao del Sur",HINATUAN,2nd District,BIGAAN,Public,Partially Urban,DepED Managed,JHS with SHS
CARAGA,Surigao del Sur,Hinatuan South,304923,Tidman National High School,"Purok 2, Tidman, Hinatuan, Surigao del Sur",HINATUAN,2nd District,TIDMAN,Public,Partially Urban,DepED Managed,JHS with SHS
CARAGA,Surigao del Sur,Hinatuan South,317910,Loyola National High School,"2nd Street, P1, Loyola, Hinatuan, SDS",HINATUAN,2nd District,LOYOLA,Public,Partially Urban,DepED Managed,JHS with SHS
CARAGA,Surigao del Sur,Hinatuan South,317939,Hinatuan National Comprehensive High School - Roxas National High School Annex,"National Highway Roxas, Hinatuan, Surigao del Sur",HINATUAN,2nd District,ROXAS,Public,Partially Urban,DepED Managed,JHS with SHS
CARAGA,Surigao del Sur,Hinatuan South,406044,Father Urios Academy,Magallanes,HINATUAN,2nd District,BENIGNO AQUINO (ZONE I) POB.,Private,Partially Urban,Sectarian,JHS with SHS
CARAGA,Surigao del Sur,Hinatuan South,500572,Bingcongan Integrated School,Bingcongan Bigaan Hinatuan Sds,HINATUAN,2nd District,BIGAAN,Public,Partially Urban,DepED Managed,All Offering (K to 12)
CARAGA,Surigao del Sur,Hinatuan South,500579,Tarusan Integrated School,"Purok 1 Tarusan, Hinatuan, Surigao del Sur",HINATUAN,2nd District,TARUSAN,Public,Partially Urban,DepED Managed,All Offering (K to 12)
CARAGA,Surigao del Sur,Lanuza,132759,Bocawe Elementary School,"Purok 4 Bocawe, Lanuza Surigao del Sur",LANUZA,1st District,BOCAWE,Public,Partially Urban,DepED Managed,Purely ES
CARAGA,Surigao del Sur,Lanuza,132760,Bunga Elementary School,"Bunga,Lanuza, Surigao del Sur",LANUZA,1st District,BUNGA,Public,Partially Urban,DepED Managed,Purely ES
CARAGA,Surigao del Sur,Lanuza,132761,Gamuton Elementary School,"Purok 2,Gamuton, Lanuza,Surigao Sur",LANUZA,1st District,GAMUTON,Public,Partially Urban,DepED Managed,Purely ES
CARAGA,Surigao del Sur,Lanuza,132762,Habag Elementary School,"Habag, Lanuza, Surigao del Sur",LANUZA,1st District,HABAG,Public,Partially Urban,DepED Managed,Purely ES
CARAGA,Surigao del Sur,Lanuza,132763,Lanuza Central Elementary School,"Vete St., Zone 4, Lanuza, SDS",LANUZA,1st District,ZONE IV (POB.),Public,Partially Urban,DepED Managed,Purely ES
CARAGA,Surigao del Sur,Lanuza,132767,Sibahay Elementary School,"National Highway, Purok 4, Barangay Sibahay, Lanuza, Surigao del Sur",LANUZA,1st District,SIBAHAY,Public,Partially Urban,DepED Managed,Purely ES
CARAGA,Surigao del Sur,Lanuza,214511,Ibuan Elementary School,"Purok-4, Ibuan, Mampi,Lanuza,SDS",LANUZA,1st District,MAMPI,Public,Partially Urban,DepED Managed,Purely ES
CARAGA,Surigao del Sur,Lanuza,214513,Catupgas Primary School,"Sitio Catupgas, Nurcia, Lanuza, Surigao del Sur",LANUZA,1st District,NURCIA,Public,Partially Urban,DepED Managed,Purely ES
CARAGA,Surigao del Sur,Lanuza,214520,Libas Elementary School,"Sitio Libas,Sibahay, Lanuza,SDS",LANUZA,1st District,SIBAHAY,Public,Partially Urban,DepED Managed,Purely ES
CARAGA,Surigao del Sur,Lanuza,214528,Himatagan Elementary School,"Sitio Himatagan,Agsam,Lanuza,SDS",LANUZA,1st District,AGSAM,Public,Partially Urban,DepED Managed,Purely ES
CARAGA,Surigao del Sur,Lanuza,304885,Florita Herrera-Irizari National High School,"Azarcon St.,Zone 2, Lanuza,SDS",LANUZA,1st District,ZONE II (POB.),Public,Partially Urban,DepED Managed,JHS with SHS
CARAGA,Surigao del Sur,Lanuza,317945,Ibuan Tribal National High School,"Sitio Ibuan, Mampi, Lanuza, Surigao del Sur",LANUZA,1st District,MAMPI,Public,Partially Urban,DepED Managed,Purely JHS
CARAGA,Surigao del Sur,Lanuza,500320,Nurcia Integrated School,"Nurcia, Lanuza, Surigao del Sur",LANUZA,1st District,NURCIA,Public,Partially Urban,DepED Managed,All Offering (K to 12)
CARAGA,Surigao del Sur,Lanuza,500571,Pakwan Integrated School,"Pakwan, Lanuza,SDS",LANUZA,1st District,PAKWAN,Public,Partially Urban,DepED Managed,All Offering (K to 12)
CARAGA,Surigao del Sur,Lanuza,500578,Agsam Integrated School,"Agsam, Lanuza, Surigao del Sur",LANUZA,1st District,AGSAM,Public,Partially Urban,DepED Managed,All Offering (K to 12)
CARAGA,Surigao del Sur,Lanuza,501692,Bunga Integrated School,"Bunga, Lanuza, Surigao del Sur",LANUZA,1st District,BUNGA,Public,Partially Urban,DepED Managed,ES and JHS (K to 10)
CARAGA,Surigao del Sur,Lianga,132768,Anibongan Elementary School,"P-5, Anibongan, Lianga, Surigao del Sur",LIANGA,1st District,ANIBONGAN,Public,Partially Urban,DepED Managed,Purely ES
CARAGA,Surigao del Sur,Lianga,132769,Ban-as Elementary School,"Purok 1, Ban-as, Lianga, Surigao Del Sur",LIANGA,1st District,BAN-AS,Public,Partially Urban,DepED Managed,Purely ES
CARAGA,Surigao del Sur,Lianga,132770,Baucawe Elementary School,"National Highway Baucawe, Lianga, Surigao del Sur",LIANGA,1st District,BAUCAWE,Public,Partially Urban,DepED Managed,Purely ES
CARAGA,Surigao del Sur,Lianga,132771,Diatagon Barangay Elementary School,"Purok 2, Diatagon,Lianga,Surigao del Sur",LIANGA,1st District,DIATAGON,Public,Partially Urban,DepED Managed,Purely ES
CARAGA,Surigao del Sur,Lianga,132772,Diatagon Elementary School,"Purok 6, Diatagon, Lianga, SDS",LIANGA,1st District,DIATAGON,Public,Partially Urban,DepED Managed,Purely ES
CARAGA,Surigao del Sur,Lianga,132773,Ganayon Elementary School,"Ganayon, Lianga, Surigao del Sur",LIANGA,1st District,GANAYON,Public,Partially Urban,DepED Managed,Purely ES
CARAGA,Surigao del Sur,Lianga,132774,Huwangan Elementary School,Purok-1 Sitio Huwangan,LIANGA,1st District,SAINT CHRISTINE,Public,Partially Urban,DepED Managed,Purely ES
CARAGA,Surigao del Sur,Lianga,132775,La Union Elementary School,"-PUROK 1, LIATIMCO, LIANGA, SURIGAO DEL SUR",LIANGA,1st District,LIATIMCO,Public,Partially Urban,DepED Managed,Purely ES
CARAGA,Surigao del Sur,Lianga,132776,Lianga Central Elementary School,M. Del Pilar Street,LIANGA,1st District,POBLACION,Public,Partially Urban,DepED Managed,Purely ES
CARAGA,Surigao del Sur,Lianga,132777,Manyayay MG Demo School,"Purok 2 Manyayay, Lianga, Surigao del Surl Sur",LIANGA,1st District,MANYAYAY,Public,Partially Urban,DepED Managed,Purely ES
CARAGA,Surigao del Sur,Lianga,132778,Neptune Elementary School,Sitio Neptune,LIANGA,1st District,DIATAGON,Public,Partially Urban,DepED Managed,Purely ES
CARAGA,Surigao del Sur,Lianga,132779,Payasan Elementary School,"Purok 2, Payasan, Lianga, Surigao del Sur",LIANGA,1st District,PAYASAN,Public,Partially Urban,DepED Managed,Purely ES
CARAGA,Surigao del Sur,Lianga,132782,San Pedro Elementary School,"P-2 San Pedro, Lianga, Surigao del Sur",LIANGA,1st District,SAN PEDRO,Public,Partially Urban,DepED Managed,Purely ES
CARAGA,Surigao del Sur,Lianga,132783,St. Christine Elementary School,"P-3 St. Christine, Lianga, Surigao del Sur",LIANGA,1st District,SAINT CHRISTINE,Public,Partially Urban,DepED Managed,Purely ES
CARAGA,Surigao del Sur,Lianga,214507,Davisol Elementary School,"Manyayay, Davisol, Lianga, Surigao del Sur",LIANGA,1st District,MANYAYAY,Public,Partially Urban,DepED Managed,Purely ES
CARAGA,Surigao del Sur,Lianga,214549,"Eskuylahan Tu Tribu, Buhe Nu Tradisyon (Logdeck Indigenous Community Elementary","Purok 5 School) San Isidro, Lianga, Surigao del Sur",LIANGA,1st District,SAN ISIDRO,Public,Partially Urban,DepED Managed,Purely ES
CARAGA,Surigao del Sur,Lianga,304858,Anibongan National High School,"-Purok 7, Anibongan, Lianga,Surigao Sur",LIANGA,1st District,ANIBONGAN,Public,Partially Urban,DepED Managed,JHS with SHS
CARAGA,Surigao del Sur,Lianga,304859,Lianga National Comprehensive National High School,Purok 1,LIANGA,2nd District,POBLACION,Public,Partially Urban,DepED Managed,JHS with SHS
CARAGA,Surigao del Sur,Lianga,304915,St. Christine National High School,"Purok 4, Nat'l Highway St. Christine",LIANGA,1st District,SAINT CHRISTINE,Public,Partially Urban,DepED Managed,JHS with SHS
CARAGA,Surigao del Sur,Lianga,317912,Davisol National High School,"PUROK 8 EXEMERIA,MANYAYAY",LIANGA,1st District,MANYAYAY,Public,Partially Urban,DepED Managed,JHS with SHS
CARAGA,Surigao del Sur,Lianga,406045,Diatagon Catholic High School,"Purok 2 Diatagon, Lianga, SDS",LIANGA,1st District,DIATAGON,Private,Partially Urban,Sectarian,JHS with SHS
CARAGA,Surigao del Sur,Lianga,406046,Diatagon Catholic Learning Center Inc.,"P2, Diatagon, Lianga, Surigao del Sur",LIANGA,1st District,DIATAGON,Private,Partially Urban,Sectarian,Purely ES
CARAGA,Surigao del Sur,Lianga,410172,"Light and Life Academy of Lianga, Inc.","P-5 Lianga, Surigao del Sur",LIANGA,1st District,POBLACION,Private,Partially Urban,Non-Sectarian,Purely ES
CARAGA,Surigao del Sur,Lianga,414509,"Our Lady of Pompei School, Inc.","Purok 5, Polbalcion Lianga, Surigao del Sur",LIANGA,1st District,POBLACION,Private,Partially Urban,Non-Sectarian,Purely ES
CARAGA,Surigao del Sur,Lianga,501690,R. Moreno Integrated School,"Brgy. Banahao, Lianga, Surigao del Sur",LIANGA,1st District,BANAHAO,Public,Partially Urban,DepED Managed,ES and JHS (K to 10)
CARAGA,Surigao del Sur,Lianga,501691,San Isidro Integrated School,"San Isidro, Lianga, Surigao del Sur",LIANGA,1st District,SAN ISIDRO,Public,Partially Urban,DepED Managed,ES and JHS (K to 10)
CARAGA,Surigao del Sur,Lingig I,132785,Antonio A. Orozco Elem. School,"Tamsian, Pagtilaan, Lingig, Surigao del Sur",LINGIG,2nd District,PAGTILA-AN,Public,Partially Urban,DepED Managed,Purely ES
CARAGA,Surigao del Sur,Lingig I,132787,Bentigan Primary School,"Bentigan, Pagtilaan, Surigao del Sur",LINGIG,2nd District,PAGTILA-AN,Public,Partially Urban,DepED Managed,Purely ES
CARAGA,Surigao del Sur,Lingig I,132791,Haguimitan Primary School,"P5,Anibongan,Lingig,Surigao del Sur",LINGIG,2nd District,ANIBONGAN,Public,Partially Urban,DepED Managed,Purely ES
CARAGA,Surigao del Sur,Lingig I,132792,Hamindang Primary School,"Purok 7 Setio Hamindnag, Sabang, Lingig Surigao del Sur",LINGIG,2nd District,SABANG,Public,Partially Urban,DepED Managed,Purely ES
CARAGA,Surigao del Sur,Lingig I,132794,Hinipaan Elementary School,"Purok 6A, Pob. Lingig, Surigao del Sur",LINGIG,2nd District,POBLACION,Public,Partially Urban,DepED Managed,Purely ES
CARAGA,Surigao del Sur,Lingig I,132796,Lingig Central Elementary School,"Poblacion, Lingig, Surigao del Sur",LINGIG,2nd District,POBLACION,Public,Partially Urban,DepED Managed,Purely ES
CARAGA,Surigao del Sur,Lingig I,132797,Mahabo Elementary School,"Purok 2 Mahabo, Mahayahay, Lingig, Surigao del Sur",LINGIG,2nd District,MAHAYAHAY,Public,Partially Urban,DepED Managed,Purely ES
CARAGA,Surigao del Sur,Lingig I,132798,Mahayahay Elementary School,"P1 Mahayahay, Lingig, Surigao del Sur",LINGIG,2nd District,MAHAYAHAY,Public,Partially Urban,DepED Managed,Purely ES
CARAGA,Surigao del Sur,Lingig I,132799,Mandus Elementary School,"Purok 3, Mandus, Surigao del Sur",LINGIG,2nd District,MANDUS,Public,Partially Urban,DepED Managed,Purely ES
CARAGA,Surigao del Sur,Lingig I,132800,Mansailao Elementary School,"Mansailao, Lingig, Surigao del Sur",LINGIG,2nd District,MANSA-ILAO,Public,Partially Urban,DepED Managed,Purely ES
CARAGA,Surigao del Sur,Lingig I,132801,Maubgob Primary School,"Maubgob, Palo Alto, Lingig, Surigao del Sur",LINGIG,2nd District,PALO ALTO,Public,Partially Urban,DepED Managed,Purely ES
CARAGA,Surigao del Sur,Lingig I,132804,Obon Primary School,"P6, Obon,Sabang,Lingig,Surigao del Sur",LINGIG,2nd District,SABANG,Public,Partially Urban,DepED Managed,Purely ES
CARAGA,Surigao del Sur,Lingig I,132805,Pagtilaan Elementary School,"Pagtilaan, Lingig, Surigao del Sur",LINGIG,2nd District,PAGTILA-AN,Public,Partially Urban,DepED Managed,Purely ES
CARAGA,Surigao del Sur,Lingig I,132806,Palo-Alto Elementary School,"Purok # 1 - Palo Alto, Lingig, Surigao del Sur",LINGIG,2nd District,PALO ALTO,Public,Partially Urban,DepED Managed,Purely ES
CARAGA,Surigao del Sur,Lingig I,132810,San Roque Elementary School,"San Roque, Lingig, Surigao del Sur",LINGIG,2nd District,SAN ROQUE,Public,Partially Urban,DepED Managed,Purely ES
CARAGA,Surigao del Sur,Lingig I,132816,Tigbawan Primary School,"Tigbawan, San Roque, Lingig, Surigao del Sur",LINGIG,2nd District,SAN ROQUE,Public,Partially Urban,DepED Managed,Purely ES
CARAGA,Surigao del Sur,Lingig I,132817,Tomas Sim Elementary School,"Sabang, Lingig, Surigao del Sur",LINGIG,2nd District,SABANG,Public,Partially Urban,DepED Managed,Purely ES
CARAGA,Surigao del Sur,Lingig I,132818,Union Elementary School,"P1 Union, Lingig, Surigao del Sur",LINGIG,2nd District,UNION,Public,Partially Urban,DepED Managed,Purely ES
CARAGA,Surigao del Sur,Lingig I,214521,Zion Elementary School,"Sitio Zion, Mahayahay, Lingig, Surigao del Sur",LINGIG,2nd District,MAHAYAHAY,Public,Partially Urban,DepED Managed,Purely ES
CARAGA,Surigao del Sur,Lingig I,214522,New Canaan Primary School,P6 New Canaan,LINGIG,2nd District,MAHAYAHAY,Public,Partially Urban,DepED Managed,Purely ES
CARAGA,Surigao del Sur,Lingig I,214525,Sta. Maria Primary School,"Sitio Sta.Maria, Pagtilaan, Lingig, Surigao del Sur",LINGIG,2nd District,PAGTILA-AN,Public,Partially Urban,DepED Managed,Purely ES
CARAGA,Surigao del Sur,Lingig I,304860,Barcelona National High School,"PUROK 2-A, Barcelona, Lingig, Surigao del Sur",LINGIG,2nd District,BARCELONA,Public,Partially Urban,DepED Managed,JHS with SHS
CARAGA,Surigao del Sur,Lingig I,304895,Lingig National High School,2-B Souvenir St.,LINGIG,1st District,POBLACION,Public,Partially Urban,DepED Managed,JHS with SHS
CARAGA,Surigao del Sur,Lingig I,304896,M.K.Yusingco National High School,"PUROK NO.2, MANDUS, LINGIG, SURIGAO DEL SUR",LINGIG,2nd District,MANDUS,Public,Partially Urban,DepED Managed,JHS with SHS
CARAGA,Surigao del Sur,Lingig I,407583,Surigao Sur College - Pagtilaan,"Pagtilaan, Lingig, Surigao del Sur",LINGIG,2nd District,PAGTILA-AN,Private,Partially Urban,Non-Sectarian,JHS with SHS
CARAGA,Surigao del Sur,Lingig I,501276,Pinanapatan Integrated School,"Km. 23, Sitio Pinanapatan, Bogak, Lingig, Surigao del Sur",LINGIG,1st District,BOGAK,Public,Partially Urban,DepED Managed,ES and JHS (K to 10)
CARAGA,Surigao del Sur,Lingig I,501277,Mahogany Integrated School,"Km. 3, Sitio Mahogany, Tagpoporan, Lingig, Surigao del Sur",LINGIG,1st District,TAGPOPORAN,Public,Partially Urban,DepED Managed,ES and JHS (K to 10)
CARAGA,Surigao del Sur,Lingig I,501293,Pamian Integrated School,"Pamian, Bogak, Lingig, Surigao del Sur",LINGIG,2nd District,BOGAK,Public,Partially Urban,DepED Managed,ES and JHS (K to 10)
CARAGA,Surigao del Sur,Lingig I,501686,Napanpanan Integrated School,"Rajah Cabungsoan, Lingig, Surigao del Sur",LINGIG,2nd District,RAJAH CABUNGSO-AN,Public,Partially Urban,DepED Managed,ES and JHS (K to 10)
CARAGA,Surigao del Sur,Madrid,132820,Bagsac Elementary School,"Purok 1,Bagsac, Madrid, Surigao del Sur",MADRID,1st District,BAGSAC,Public,Partially Urban,DepED Managed,Purely ES
CARAGA,Surigao del Sur,Madrid,132821,Bayogo Elementary School,"Bayogo, Madrid, Surigao del Sur",MADRID,1st District,BAYOGO,Public,Partially Urban,DepED Managed,Purely ES
CARAGA,Surigao del Sur,Madrid,132822,Carac-an Elementary School,"National Highway San Juan, Madrid, Surigao del Sur",MADRID,1st District,SAN JUAN,Public,Partially Urban,DepED Managed,Purely ES
CARAGA,Surigao del Sur,Madrid,132823,Estuya-Uriat Elementary School,"Purok - 2, Panayogon, Madrid, Surigao del Sur",MADRID,1st District,PANAYOGON,Public,Partially Urban,DepED Managed,Purely ES
CARAGA,Surigao del Sur,Madrid,132824,Madrid Central Elementary School,"-Urbiztondo St.Brgy. Quirino Poblacion, Madrid, Surigao del Sur",MADRID,1st District,QUIRINO (POB.),Public,Partially Urban,DepED Managed,Purely ES
CARAGA,Surigao del Sur,Madrid,132825,Magsaysay Elementary School,"Purok 4, Magsaysay, Madrid, Surigao del sur",MADRID,1st District,MAGSAYSAY,Public,Partially Urban,DepED Managed,Purely ES
CARAGA,Surigao del Sur,Madrid,132826,Manga Elementary School,"Purok 4 Manga, Madrid, Surigao del Sur",MADRID,1st District,MANGA,Public,Partially Urban,DepED Managed,Purely ES
CARAGA,Surigao del Sur,Madrid,132827,Patongpatong Elementary School,"Purok 4 Patongpatong, Madrid,Surigao del Sur",MADRID,1st District,PATONG PATONG,Public,Partially Urban,DepED Managed,Purely ES
CARAGA,Surigao del Sur,Madrid,132828,San Antonio Elementary School,"Purok 3, San Antonio, Madrid, Surigao del Sur",MADRID,1st District,SAN ANTONIO,Public,Partially Urban,DepED Managed,Purely ES
CARAGA,Surigao del Sur,Madrid,132829,San Roque Elementary School,"Purok 1 San Roque, Madrid, Surigao del Sur",MADRID,1st District,SAN ROQUE,Public,Partially Urban,DepED Managed,Purely ES
CARAGA,Surigao del Sur,Madrid,132830,San Vicente Elementary School,"Purok-1,San Vicente, Madrid, surigao del Sur",MADRID,1st District,SAN VICENTE,Public,Partially Urban,DepED Managed,Purely ES
CARAGA,Surigao del Sur,Madrid,132831,Songkit Elementary School,"-Purok 1 Songkit, Madrid, Surigao del Sur",MADRID,1st District,SONGKIT,Public,Partially Urban,DepED Managed,Purely ES
CARAGA,Surigao del Sur,Madrid,132832,Union Elementary School,"UNION, MADRID, SURIGAO DEL SUR",MADRID,1st District,UNION,Public,Partially Urban,DepED Managed,Purely ES
CARAGA,Surigao del Sur,Madrid,304897,Madrid National High School,"National Highway,Linibonan, Madrid, Surigao del Sur",MADRID,1st District,LINIBONAN,Public,Partially Urban,DepED Managed,JHS with SHS
CARAGA,Surigao del Sur,Madrid,317904,Union National High School,"Union, Madrid, Surigao del Sur",MADRID,1st District,UNION,Public,Partially Urban,DepED Managed,JHS with SHS
CARAGA,Surigao del Sur,Marihatag,132845,Amontay Elementary School,"National Highway Amontay, Marihatag, Suriga del Sur",MARIHATAG,1st District,AMONTAY,Public,Partially Urban,DepED Managed,Purely ES
CARAGA,Surigao del Sur,Marihatag,132846,Antipolo Elementary School,"Purok 1 Antipolo, Marihatag, Surigao Del Sur",MARIHATAG,1st District,ANTIPOLO,Public,Partially Urban,DepED Managed,Purely ES
CARAGA,Surigao del Sur,Marihatag,132847,Arorogan Elementary School,"P-Danao,Arorogan Marihatag Surigao del Sur",MARIHATAG,1st District,AROROGAN,Public,Partially Urban,DepED Managed,Purely ES
CARAGA,Surigao del Sur,Marihatag,132848,Hinogbakan Elementary School,"Bayan, Marihatag, Surigao del Sur",MARIHATAG,1st District,BAYAN,Public,Partially Urban,DepED Managed,Purely ES
CARAGA,Surigao del Sur,Marihatag,132849,Lingaya Elementary School,"PUROK 5 Alegria, Marihatag, Surigao del Sur",MARIHATAG,1st District,ALEGRIA,Public,Partially Urban,DepED Managed,Purely ES
CARAGA,Surigao del Sur,Marihatag,132850,Mahaba Elementary School,"Purok Lanzones Barangay Mahaba,Marihatag Surigao Del Sur",MARIHATAG,1st District,MAHABA,Public,Partially Urban,DepED Managed,Purely ES
CARAGA,Surigao del Sur,Marihatag,132851,Mararag Elementary School,"Purok Nangka, Mararag, Marihatag, Surigao del Sur",MARIHATAG,1st District,MARARAG,Public,Partially Urban,DepED Managed,Purely ES
CARAGA,Surigao del Sur,Marihatag,132852,Marihatag Central Elementary School,"Roxas Street, Purok Commercial, Poblacion, Marihatag, Surigao del Sur",MARIHATAG,1st District,POBLACION,Public,Partially Urban,DepED Managed,Purely ES
CARAGA,Surigao del Sur,Marihatag,132853,San Antonio Elementary School,"Purok 1 San Antonio, Marihatag, Surigao del Sur",MARIHATAG,1st District,SAN ANTONIO,Public,Partially Urban,DepED Managed,Purely ES
CARAGA,Surigao del Sur,Marihatag,132854,San Isidro Elementary School,"PUROK MANGGA, SAN ISIDRO, MARIHATAG, SURIGAO DEL SUR",MARIHATAG,1st District,SAN ISIDRO,Public,Partially Urban,DepED Managed,Purely ES
CARAGA,Surigao del Sur,Marihatag,132856,San Roque Elementary School,"Sitio San Roque, Mahaba, Marihatag, Surigao del Sur",MARIHATAG,1st District,MAHABA,Public,Partially Urban,DepED Managed,Purely ES
CARAGA,Surigao del Sur,Marihatag,132857,Sta. Cruz Elementary School,-Purok 3,MARIHATAG,1st District,SANTA CRUZ,Public,Partially Urban,DepED Managed,Purely ES
CARAGA,Surigao del Sur,Marihatag,304898,Marihatag National Agricultural High School,"Poruk Durian, san Isidro, Marihatag, Surigao del Sur",MARIHATAG,1st District,SAN ISIDRO,Public,Partially Urban,DepED Managed,JHS with SHS
CARAGA,Surigao del Sur,Marihatag,304899,Antipolo National High School,"National Hi-way Antipolo, Marihatag, Surigao del Sur",MARIHATAG,1st District,ANTIPOLO,Public,Partially Urban,DepED Managed,JHS with SHS
CARAGA,Surigao del Sur,Marihatag,317905,Mararag National High School,"-Purok Marang, Mararag, Marihatag, Surigao del Sur",MARIHATAG,1st District,MARARAG,Public,Partially Urban,DepED Managed,JHS with SHS
CARAGA,Surigao del Sur,Marihatag,317906,Cresencio S. Lago National High School,"Purok Ipil-Ipil, Poblacion, Marhiatag, Surigao del Sur",MARIHATAG,1st District,POBLACION,Public,Partially Urban,DepED Managed,JHS with SHS
CARAGA,Surigao del Sur,Marihatag,406048,"Holy Child Academy of Marihatag, Inc.","Rizal Street, Marihatag, Surigao del Sur",MARIHATAG,1st District,POBLACION,Private,Partially Urban,Sectarian,JHS with SHS
CARAGA,Surigao del Sur,Marihatag,501684,San Pedro Integrated School,"San Pedro, Marihatag, Surigao del Sur",MARIHATAG,1st District,SAN PEDRO,Public,Partially Urban,DepED Managed,ES and JHS (K to 10)
CARAGA,Surigao del Sur,San Agustin,130333,Teodoro R. Alviso IP Community Elementary School,"Sitio Banate, Gata, San Agustin, Surigao del Sur",SAN AGUSTIN,1st District,GATA,Public,Partially Urban,DepED Managed,Purely ES
CARAGA,Surigao del Sur,San Agustin,132858,Britania Elementary School,"Purok 2, Britania, San Agustin, Surigao del Sur",SAN AGUSTIN,1st District,BRETANIA,Public,Partially Urban,DepED Managed,Purely ES
CARAGA,Surigao del Sur,San Agustin,132859,Buhisan Elementary School,"Barangay Buhisan, San Agustin, Surigao del Sur",SAN AGUSTIN,1st District,BUHISAN,Public,Partially Urban,DepED Managed,Purely ES
CARAGA,Surigao del Sur,San Agustin,132860,Campanubay Elementary School,"Purok 5, Campanubay, San agustin, Surigao del Sur",SAN AGUSTIN,1st District,GATA,Public,Partially Urban,DepED Managed,Purely ES
CARAGA,Surigao del Sur,San Agustin,132862,Janipaan Elementary School,"Purok-3 Janipaan, San Agustin, Surigao del Sur",SAN AGUSTIN,1st District,JANIPAAN,Public,Partially Urban,DepED Managed,Purely ES
CARAGA,Surigao del Sur,San Agustin,132863,Lamela Elementary School,"Purok 2 Buatong, San Agustin, Surigao del Sur",SAN AGUSTIN,1st District,BUATONG,Public,Partially Urban,DepED Managed,Purely ES
CARAGA,Surigao del Sur,San Agustin,132864,Pongtod Elementary School,"Purok 2 Pontod, San Agustin, Surigao del Sur",SAN AGUSTIN,1st District,PONGTOD,Public,Partially Urban,DepED Managed,Purely ES
CARAGA,Surigao del Sur,San Agustin,132866,Salvacion Elementary School,"Purok 3-Salvacion, San Agustin, Surigao del Sur",SAN AGUSTIN,1st District,SALVACION,Public,Partially Urban,DepED Managed,Purely ES
CARAGA,Surigao del Sur,San Agustin,132867,San Agustin Central Elementary School,"Poblacion, San Agustin, Surigao del Sur",SAN AGUSTIN,1st District,POBLACION,Public,Partially Urban,DepED Managed,Purely ES
CARAGA,Surigao del Sur,San Agustin,132868,Sto. Nino Elementary School,"Purok 3,Sto.Nino, San Agustin, Surigao delSur",SAN AGUSTIN,1st District,SANTO NINO,Public,Partially Urban,DepED Managed,Purely ES
CARAGA,Surigao del Sur,San Agustin,214503,Hornasan Elementary School,"Purok 1A, Barangay Hornasan, San Agustin, Surigao del Sur",SAN AGUSTIN,1st District,HORNASAN,Public,Partially Urban,DepED Managed,Purely ES
CARAGA,Surigao del Sur,San Agustin,214529,Hamburger Elementary School,"Sitio Hamburger, Gata, San Agustin, Surigao del Sur",SAN AGUSTIN,1st District,GATA,Public,Partially Urban,DepED Managed,Purely ES
CARAGA,Surigao del Sur,San Agustin,304904,Salvacion National High School,"P-6, Salvacion, San Agustin, Surigao del Sur",SAN AGUSTIN,1st District,SALVACION,Public,Partially Urban,DepED Managed,JHS with SHS
CARAGA,Surigao del Sur,San Agustin,304916,Sto. Niño National High School,"Sto. Niñno, San Agustin, Surigao el Sur",SAN AGUSTIN,1st District,SANTO NINO,Public,Partially Urban,DepED Managed,JHS with SHS
CARAGA,Surigao del Sur,San Agustin,500573,Gata Integrated School,"Purok I Gata, San Agustin, Surigao del Sur",SAN AGUSTIN,1st District,GATA,Public,Partially Urban,DepED Managed,All Offering (K to 12)
CARAGA,Surigao del Sur,San Agustin,501688,Maurillo Avila Integrated School,"Pong-on, San Agustin, Surigao del Sur",SAN AGUSTIN,1st District,PONG-ON,Public,Partially Urban,DepED Managed,ES and JHS (K to 10)
CARAGA,Surigao del Sur,San Miguel I,132870,Baras Elementary School,"Purok 1, Baras, San Miguel, Surigao del Sur",SAN MIGUEL,1st District,BARAS,Public,Partially Urban,DepED Managed,Purely ES
CARAGA,Surigao del Sur,San Miguel I,132873,Bolhoon Elementary School,"Purok 13, Bolhoon, San MIguel, SDS",SAN MIGUEL,1st District,BOLHOON,Public,Partially Urban,DepED Managed,Purely ES
CARAGA,Surigao del Sur,San Miguel I,132877,Catabadan Elementary School,"Catabadan, San Roque, San Miguel, SDS",SAN MIGUEL,1st District,SAN ROQUE,Public,Partially Urban,DepED Managed,Purely ES
CARAGA,Surigao del Sur,San Miguel I,132878,Haguimitan Elementary School,Haguimitan,SAN MIGUEL,1st District,BOLHOON,Public,Partially Urban,DepED Managed,Purely ES
CARAGA,Surigao del Sur,San Miguel I,132882,Lower Daan Elementary School,"Purok Lower Daan, San Roque, San Miguel, SDS",SAN MIGUEL,1st District,SAN ROQUE,Public,Partially Urban,DepED Managed,Purely ES
CARAGA,Surigao del Sur,San Miguel I,132887,San Miguel Central Elementary School,Purok 2,SAN MIGUEL,1st District,POBLACION,Public,Partially Urban,DepED Managed,Purely ES
CARAGA,Surigao del Sur,San Miguel I,132888,San Roque Elementary School,"Purok Maligaya, San Roque, San Miguel, SDS",SAN MIGUEL,1st District,SAN ROQUE,Public,Partially Urban,DepED Managed,Purely ES
CARAGA,Surigao del Sur,San Miguel I,214517,Tambonon Elementary School,"Purok Tambonon Bolhoon, San Miguel, Surigao del Sur",SAN MIGUEL,1st District,BOLHOON,Public,Partially Urban,DepED Managed,Purely ES
CARAGA,Surigao del Sur,San Miguel I,214543,Nalindog Elementary School of Living Tradition,"Purok Nalindog, Bolhoon, San Miguel, SDS",SAN MIGUEL,1st District,BOLHOON,Public,Partially Urban,DepED Managed,Purely ES
CARAGA,Surigao del Sur,San Miguel I,214544,Kamam-onan Elementary School of Living Tradition,"Purok 10, Bolhoon, San Miguel, SDS",SAN MIGUEL,1st District,BOLHOON,Public,Partially Urban,DepED Managed,Purely ES
CARAGA,Surigao del Sur,San Miguel I,214545,Hayon Elementary School of Living Tradition,"Purok Hayon, Libas Sud, San MIguel, SDS",SAN MIGUEL,1st District,LIBAS SUD,Public,Partially Urban,DepED Managed,Purely ES
CARAGA,Surigao del Sur,San Miguel I,214546,Sangay Elementary School of Living Tradition,"Sangay, Libas Sud, San Miguel, Surigao del Sur",SAN MIGUEL,1st District,LIBAS SUD,Public,Partially Urban,DepED Managed,Purely ES
CARAGA,Surigao del Sur,San Miguel I,214547,Kapnon Elementary School of Living Tradition,"Purok Kapnon, Umalag, San Miguel, SDS",SAN MIGUEL,1st District,UMALAG,Public,Partially Urban,DepED Managed,Purely ES
CARAGA,Surigao del Sur,San Miguel I,304906,Bolhoon National High School,"Purok I Bolhoon, San Miguel, Surigao del Sur",SAN MIGUEL,1st District,BOLHOON,Public,Partially Urban,DepED Managed,JHS with SHS
CARAGA,Surigao del Sur,San Miguel I,304908,San Miguel National High School,"Purok 1B, Perez St., San Miguel, Surigao del Sur",SAN MIGUEL,1st District,POBLACION,Public,Partially Urban,DepED Managed,JHS with SHS
CARAGA,Surigao del Sur,San Miguel I,317913,San Roque National High School,"Purok Malipayon, San Roque, Surigao del Sur",SAN MIGUEL,1st District,SAN ROQUE,Public,Partially Urban,DepED Managed,JHS with SHS
CARAGA,Surigao del Sur,San Miguel I,406050,"Parish of the Arkanghel Learning Center,Inc.",Tecson Street,SAN MIGUEL,1st District,POBLACION,Private,Partially Urban,Sectarian,Purely ES
CARAGA,Surigao del Sur,San Miguel I,500576,Libas Sud Integrated School,Purok Paraiso,SAN MIGUEL,1st District,LIBAS SUD,Public,Partially Urban,DepED Managed,All Offering (K to 12)
CARAGA,Surigao del Sur,Tagbina I,132892,3 -K Elementary School,"Sitio 3-K,Villaverde, Tagbina, Surigao del Sur",TAGBINA,2nd District,VILLAVERDE,Public,Partially Urban,DepED Managed,Purely ES
CARAGA,Surigao del Sur,Tagbina I,132893,Batunan Elementary School,"P1, Poblacion, Tagbina, Surigao del Sur",TAGBINA,2nd District,BATUNAN,Public,Partially Urban,DepED Managed,Purely ES
CARAGA,Surigao del Sur,Tagbina I,132898,Kahayagan Elementary School,"Purok 1,Kahayagan,Tagbina,Surigao del Sur",TAGBINA,2nd District,KAHAYAGAN,Public,Partially Urban,DepED Managed,Purely ES
CARAGA,Surigao del Sur,Tagbina I,132899,Katipunan Elementary School,"Katipunan, Manambia, Tagbina, Surigao del Sur",TAGBINA,2nd District,MANAMBIA,Public,Partially Urban,DepED Managed,Purely ES
CARAGA,Surigao del Sur,Tagbina I,132901,Lago Elementary School,"Lago, Tagbina, Surigao del Sur",TAGBINA,2nd District,LAGO,Public,Partially Urban,DepED Managed,Purely ES
CARAGA,Surigao del Sur,Tagbina I,132903,Mabuhay Elementary School,"Mabuhay, Kahayagan, Tagbina Surigao del Sur",TAGBINA,2nd District,KAHAYAGAN,Public,Partially Urban,DepED Managed,Purely ES
CARAGA,Surigao del Sur,Tagbina I,132906,Magsaysay Elementary School,"-PUROK 4 TAPNIGIDAN MAGSAYSAY, TAGBINA, SURIGAO DEL SUR",TAGBINA,2nd District,MAGSAYSAY,Public,Partially Urban,DepED Managed,Purely ES
CARAGA,Surigao del Sur,Tagbina I,132915,San Isidro Elementary School,"Tagacan Poblacion, Tagbina, Surigao del Sur",TAGBINA,2nd District,POBLACION,Public,Partially Urban,DepED Managed,Purely ES
CARAGA,Surigao del Sur,Tagbina I,132917,Sayon Elementary School,"Purok 2, Sayon, Tagbina Surigao del Sur",TAGBINA,2nd District,SAYON,Public,Partially Urban,DepED Managed,Purely ES
CARAGA,Surigao del Sur,Tagbina I,132918,Soriano Elementary School,"Soriano, Tagbina, Surigao del Sur",TAGBINA,2nd District,SORIANO,Public,Partially Urban,DepED Managed,Purely ES
CARAGA,Surigao del Sur,Tagbina I,132919,Sta Fe Elementary School,"P-2,Sta. Fe, Tagbina, Surigao del Sur",TAGBINA,2nd District,SANTA FE,Public,Partially Urban,DepED Managed,Purely ES
CARAGA,Surigao del Sur,Tagbina I,132924,Tagbina Central Elementary School,"National Highway Poblacion, Tagbina, Surigao del Sur",TAGBINA,2nd District,POBLACION,Public,Partially Urban,DepED Managed,Purely ES
CARAGA,Surigao del Sur,Tagbina I,132925,Tagongon Elementary School,"P-2-Tagongon,Tagbina,Surigao del Sur",TAGBINA,2nd District,TAGONGON,Public,Partially Urban,DepED Managed,Purely ES
CARAGA,Surigao del Sur,Tagbina I,132926,Trinidad Elementary School,"Purok 3, Trinidad, Tagbina, Surigao del Sur",TAGBINA,2nd District,TRINIDAD,Public,Partially Urban,DepED Managed,Purely ES
CARAGA,Surigao del Sur,Tagbina I,132927,Tuburan Elementary School,"Purok 3, Tuburan, Carpenito, Tagbina, Surigao del Sur",TAGBINA,2nd District,CARPENITO,Public,Partially Urban,DepED Managed,Purely ES
CARAGA,Surigao del Sur,Tagbina I,132928,Villaverde Elementary School,Villaverde Tagbina Surigao Del Sur,TAGBINA,2nd District,VILLAVERDE,Public,Partially Urban,DepED Managed,Purely ES
CARAGA,Surigao del Sur,Tagbina I,214514,Quary II Soriano Elementary School,"Purok-4, Quary II, Soriano, Tagbina, Surigao del Sur",TAGBINA,2nd District,SORIANO,Public,Partially Urban,DepED Managed,Purely ES
CARAGA,Surigao del Sur,Tagbina I,304880,Kahayagan National High School,"Purok - I Kahayagan, Tagbina, Surigao del Sur",TAGBINA,2nd District,KAHAYAGAN,Public,Partially Urban,DepED Managed,JHS with SHS
CARAGA,Surigao del Sur,Tagbina I,304884,Tagbina National High School,"Purok 3, Poblacion, Tagbina, Surigao del Sur",TAGBINA,2nd District,POBLACION,Public,Partially Urban,DepED Managed,JHS with SHS
CARAGA,Surigao del Sur,Tagbina I,406051,Surigao del Sur College - Tagongon,"Purok 2,Tagongon SDS",TAGBINA,2nd District,TAGONGON,Private,Partially Urban,Sectarian,JHS with SHS
CARAGA,Surigao del Sur,Tagbina I,474510,"Tagbina Faith Baptist Christian Academy, Inc.",P-2 PoblacionTagbinaSurigao del Sur,TAGBINA,2nd District,POBLACION,Private,Partially Urban,Non-Sectarian,Purely ES
CARAGA,Surigao del Sur,Tagbina I,474512,Tagbina Assembly of God Childhood Learning Center Inc.,P-2 sampaguita,TAGBINA,2nd District,POBLACION,Private,Partially Urban,Non-Sectarian,Purely ES
CARAGA,Surigao del Sur,Tagbina I,500324,Maglambing Integrated School,"Maglambing, Tagbina, Surigao del Sur",TAGBINA,2nd District,MAGLAMBING,Public,Partially Urban,DepED Managed,All Offering (K to 12)
CARAGA,Surigao del Sur,Tagbina I,500325,Quary I Integrated School,"Sitio Quary 1, Villaverde, Tagbina, Surigao del Sur",TAGBINA,2nd District,VILLAVERDE,Public,Partially Urban,DepED Managed,All Offering (K to 12)
CARAGA,Surigao del Sur,Tagbina I,500326,Carpenito Integrated School,"Carpenito, Tagbina, Surigao del Sur",TAGBINA,2nd District,CARPENITO,Public,Partially Urban,DepED Managed,All Offering (K to 12)
CARAGA,Surigao del Sur,Tagbina I,500580,Osmeña Integrated School,Osmeña,TAGBINA,2nd District,OSMEÑA,Public,Partially Urban,DepED Managed,All Offering (K to 12)
CARAGA,Surigao del Sur,Tagbina I,500582,Malixi Integrated School,-n/a,TAGBINA,2nd District,MALIXI,Public,Partially Urban,DepED Managed,All Offering (K to 12)
CARAGA,Surigao del Sur,Tagbina I,500583,Quezon Integrated School,"Purok 1- Quezon, Tagbina, Surigao del Sur",TAGBINA,2nd District,QUEZON,Public,Partially Urban,DepED Managed,All Offering (K to 12)
CARAGA,Surigao del Sur,Tagbina I,500585,Manambia Integrated School,"Purok 1, Manambia, Tagbina, Surigao del Sur",TAGBINA,2nd District,MANAMBIA,Public,Partially Urban,DepED Managed,All Offering (K to 12)
CARAGA,Surigao del Sur,Tago I,132929,Alba Elementary School,-P. Citrus,TAGO,1st District,ALBA,Public,Partially Urban,DepED Managed,Purely ES
CARAGA,Surigao del Sur,Tago I,132932,Awasan Elementary School,"Purok Avocado, Mercedes, Tago, S.D.S.",TAGO,1st District,MERCEDES,Public,Partially Urban,DepED Managed,Purely ES
CARAGA,Surigao del Sur,Tago I,132933,Badong Elementary School,"Purok Mangga, Badong, Tago,surigao del sur",TAGO,1st District,BADONG,Public,Partially Urban,DepED Managed,Purely ES
CARAGA,Surigao del Sur,Tago I,132934,Bajao Elementary School,"Brgy.Bajao,Tago,Surigao del Sur",TAGO,1st District,BAJAO,Public,Partially Urban,DepED Managed,Purely ES
CARAGA,Surigao del Sur,Tago I,132936,Cagdapao Elementary School,"Purok Mangga 1, Cagdapao, Tago, SDS",TAGO,1st District,CAGDAPAO,Public,Partially Urban,DepED Managed,Purely ES
CARAGA,Surigao del Sur,Tago I,132937,Camagong ES,"Purok Yakal, Camagong, Tago, SDS",TAGO,1st District,CAMAGONG,Public,Partially Urban,DepED Managed,Purely ES
CARAGA,Surigao del Sur,Tago I,132938,Cayale Elementary School,"P-Caimeto, Cayale, Tago,Surigao del Sur",TAGO,1st District,CAYALE,Public,Partially Urban,DepED Managed,Purely ES
CARAGA,Surigao del Sur,Tago I,132939,Claudia P. Pimentel Memorial Elementary School,"Cabangahan, Tago, Surigao del Sur",TAGO,1st District,CABANGAHAN,Public,Partially Urban,DepED Managed,Purely ES
CARAGA,Surigao del Sur,Tago I,132941,Dayoan Elementary School,"Purok Acacia, Dayo-an, Tago, Surigao del Sur",TAGO,1st District,DAYO-AN,Public,Partially Urban,DepED Managed,Purely ES
CARAGA,Surigao del Sur,Tago I,132942,Falcon Memorial Elementary School,"Purisima Street Poblacion, Tao, Surigao del Sur",TAGO,1st District,PURISIMA (POB.),Public,Partially Urban,DepED Managed,Purely ES
CARAGA,Surigao del Sur,Tago I,132944,Himat-e Elementary School,"Sitio Hemat-e, Cayale, Tago, Surigao del Sur",TAGO,1st District,CAYALE,Public,Partially Urban,DepED Managed,Purely ES
CARAGA,Surigao del Sur,Tago I,132949,Mga Bayani Ng Pilipinas Elementary School,"Poblacion Purisima, Tago, Surigao del Sur",TAGO,1st District,PURISIMA (POB.),Public,Partially Urban,DepED Managed,Purely ES
CARAGA,Surigao del Sur,Tago I,132951,Tabon-tabon Elementary School,"-Banacan, Victoria, Tago, Surigao del Sur",TAGO,1st District,VICTORIA,Public,Partially Urban,DepED Managed,Purely ES
CARAGA,Surigao del Sur,Tago I,501689,Victoria Integrated School,"Victoria, Tago, Surigao del Sur",TAGO,1st District,VICTORIA,Public,Partially Urban,DepED Managed,ES and JHS (K to 10)
CARAGA,Surigao del Sur,Tago I,137018,Cadlum Tribal Primary School,"Sitio Cadlum, Brgy. Cabangahan, Tago, Surigao del Sur",TAGO,1st District,CABANGAHAN,Public,Partially Urban,DepED Managed,Purely ES
CARAGA,Surigao del Sur,Tago I,214502,Cagpangi Elementary School,"Sitio Cagpangi,Cabangahan, Tago, Suriga del Sur",TAGO,1st District,CABANGAHAN,Public,Partially Urban,DepED Managed,Purely ES
CARAGA,Surigao del Sur,Tago I,304903,Purisima National High School,"RG Luna Street, Purisima Poblacion, Tago, Surigao del Sur",TAGO,1st District,PURISIMA (POB.),Public,Partially Urban,DepED Managed,JHS with SHS
CARAGA,Surigao del Sur,Tago I,317903,Badong National High School,"Junction Badong-Cabangahan,Tago,SDS",TAGO,1st District,BADONG,Public,Partially Urban,DepED Managed,JHS with SHS
CARAGA,Surigao del Sur,Tago I,501687,Alba Integrated School,"Alba, Tago, Surigao del Sur",TAGO,1st District,ALBA,Public,Partially Urban,DepED Managed,ES and JHS (K to 10)
CARAGA,Surigao del Sur,Hinatuan North,132719,Agsaban Primary School,"Purok-7 Sitio Agsaban, Talisay,Hinatuan, Surigao del Sur",HINATUAN,2nd District,TALISAY,Public,Partially Urban,DepED Managed,Purely ES
CARAGA,Surigao del Sur,Hinatuan North,132728,Cacawan Elementary School,"Purok 7 Cambatong, Hinatuan, Surigao del Sur",HINATUAN,2nd District,CAMBATONG,Public,Partially Urban,DepED Managed,Purely ES
CARAGA,Surigao del Sur,Hinatuan North,132729,Cambatong Elementary School,"Purok-3 Cambatong, Hinatuan , Surigao del Sur",HINATUAN,2nd District,CAMBATONG,Public,Partially Urban,DepED Managed,Purely ES
CARAGA,Surigao del Sur,Hinatuan North,132730,Campa Elementary School,"Purok 1 Campa, Hinatuan, Surigao del Sur",HINATUAN,2nd District,CAMPA,Public,Partially Urban,DepED Managed,Purely ES
CARAGA,Surigao del Sur,Hinatuan North,132731,Dreamland Elementary School,"Purok 5, Sitio Dreamland, Cambatong, Hinatuan, Surigao del Sur",HINATUAN,2nd District,CAMBATONG,Public,Partially Urban,DepED Managed,Purely ES
CARAGA,Surigao del Sur,Hinatuan North,132732,Dugmanon Elementary School,"Purok 1 Dugmanon, Hinatuan, Surigao del Sur,",HINATUAN,2nd District,DUGMANON,Public,Partially Urban,DepED Managed,Purely ES
CARAGA,Surigao del Sur,Hinatuan North,132733,Harip Elementary School,"Purok 2 Harip, Hinatuan, Surigao del Sur",HINATUAN,2nd District,HARIP,Public,Partially Urban,DepED Managed,Purely ES
CARAGA,Surigao del Sur,Hinatuan North,132734,Hinatuan North Central Elementary School,"Colon street, Zone 3 Maharlika, Hinatuan, Surigao del Sur",HINATUAN,2nd District,ZONE III MAHARLIKA (POB.),Public,Partially Urban,DepED Managed,Purely ES
CARAGA,Surigao del Sur,Hinatuan North,132737,Kape Elementary School,"Purok 7 Sitio Kape, Bitoon, Hinatuan, Surigao del Sur",HINATUAN,2nd District,PAGTIGNI-AN (BITOON),Public,Partially Urban,DepED Managed,Purely ES
CARAGA,Surigao del Sur,Hinatuan North,132739,Mahayahay Elementary School,"Purok 10, Bantilles, Hinatuan, Surigao del Sur",HINATUAN,2nd District,POCTO,Public,Partially Urban,DepED Managed,Purely ES
CARAGA,Surigao del Sur,Hinatuan North,132741,Plateau Elementary School,"P-7, Sitio Plateau, Port Lamon, Hinatuan, Surigao del Sur",HINATUAN,2nd District,PORT LAMON,Public,Partially Urban,DepED Managed,Purely ES
CARAGA,Surigao del Sur,Hinatuan North,132742,Pocto Elementary School,"Purok 9 Pocto, Hinatuan, Surigao del Sur",HINATUAN,2nd District,POCTO,Public,Partially Urban,DepED Managed,Purely ES
CARAGA,Surigao del Sur,Hinatuan North,132743,Portlamon Elementary School,"Purok 1, Portlamon, Hinatuan, Surigao del Sur",HINATUAN,2nd District,PORT LAMON,Public,Partially Urban,DepED Managed,Purely ES
CARAGA,Surigao del Sur,Hinatuan North,132747,San Juan Elementary School,"Purok 3 San Juan, Hinatuan, Surigao del Sur",HINATUAN,2nd District,SAN JUAN,Public,Partially Urban,DepED Managed,Purely ES
CARAGA,Surigao del Sur,Hinatuan North,132750,Tabok Elementary School,"Purok 4, Sitio Tabok, Benigno Aquino(ZOne 1), Hinatuan, Surigao del Sur",HINATUAN,2nd District,BENIGNO AQUINO (ZONE I) POB.,Public,Partially Urban,DepED Managed,Purely ES
CARAGA,Surigao del Sur,Hinatuan North,132753,Talisay Elementary School,"Purok 2 Talisay, Hinatuan, Surigao del Sur",HINATUAN,2nd District,TALISAY,Public,Partially Urban,DepED Managed,Purely ES
CARAGA,Surigao del Sur,Hinatuan North,132756,Tiwi Elementary School,"Purok 5 Tiwi, Hinatuan, Surigao del Sur",HINATUAN,2nd District,TIWI,Public,Partially Urban,DepED Managed,Purely ES
CARAGA,Surigao del Sur,Hinatuan North,214506,Sto. Nino Elementary School,"Purok 5A Zone II Poblacion, Hinatuan, Surigao del Sur",HINATUAN,2nd District,ZONE II (POB.),Public,Partially Urban,DepED Managed,Purely ES
CARAGA,Surigao del Sur,Hinatuan North,304891,Dugmanon National High School,"Purok 1-A Dugmanon, Hinatuan, Surigao del Sur",HINATUAN,2nd District,DUGMANON,Public,Partially Urban,DepED Managed,JHS with SHS
CARAGA,Surigao del Sur,Hinatuan North,304902,Portlamon Pastor Uy National High School,"Purok 2 Port Lamon, Hinatuan, Surigao del Sur",HINATUAN,2nd District,PORT LAMON,Public,Partially Urban,DepED Managed,JHS with SHS
CARAGA,Surigao del Sur,Hinatuan North,317940,Cambatong National High School,"Purok 3 Cambatong, hinatuan, Surigao del Sur",HINATUAN,2nd District,CAMBATONG,Public,Partially Urban,DepED Managed,JHS with SHS
CARAGA,Surigao del Sur,Hinatuan North,500577,Baculin Integrated School,"Purok 3 Baculin, Hinatuan, Surigao del Sur",HINATUAN,2nd District,BACULIN,Public,Partially Urban,DepED Managed,All Offering (K to 12)
CARAGA,Surigao del Sur,Barobo II,132569,Amaga Elementary School,"P-3, Amaga, Barobo, Surigao del Sur",BAROBO,2nd District,AMAGA,Public,Partially Urban,DepED Managed,Purely ES
CARAGA,Surigao del Sur,Barobo II,132571,Bahi Elementary School,"Purok-3, Bahi, Barobo, Surigao del Sur",BAROBO,2nd District,BAHI,Public,Partially Urban,DepED Managed,Purely ES
CARAGA,Surigao del Sur,Barobo II,132575,Campbagang Elementary School,"-P-4,Campbagang,Barobo, Surigao del Sur",BAROBO,2nd District,CAMBAGANG,Public,Partially Urban,DepED Managed,Purely ES
CARAGA,Surigao del Sur,Barobo II,132577,Dapdap Elementary School,"Dapdap, Barobo, Surigao del Sur",BAROBO,2nd District,DAPDAP,Public,Partially Urban,DepED Managed,Purely ES
CARAGA,Surigao del Sur,Barobo II,132578,Dinuyan Elementary School,"Banangilid, Tambis, Barobo, Surigao del Sur",BAROBO,2nd District,TAMBIS,Public,Partially Urban,DepED Managed,Purely ES
CARAGA,Surigao del Sur,Barobo II,132581,Guinhalinan Elementary School,"P-1, Guinhalinan, Javier, Barobo,Surigao del Sur",BAROBO,2nd District,JAVIER,Public,Partially Urban,DepED Managed,Purely ES
CARAGA,Surigao del Sur,Barobo II,132583,Kinayan Elementary School,"P-1, Kinayan, Barobo, Surigao del Sur",BAROBO,2nd District,KINAYAN,Public,Partially Urban,DepED Managed,Purely ES
CARAGA,Surigao del Sur,Barobo II,132587,Mamis Elementary School,"-P-1, Mamis, Barobo, Surigao del Sur",BAROBO,2nd District,MAMIS,Public,Partially Urban,DepED Managed,Purely ES
CARAGA,Surigao del Sur,Barobo II,132589,Rizal Elementary School,"P-3, Rizal, Barobo, Surigao del Sur",BAROBO,2nd District,RIZAL,Public,Partially Urban,DepED Managed,Purely ES
CARAGA,Surigao del Sur,Barobo II,132592,San Vicente Elementary School,"Purok 2, San Vicente, Barobo, Surigao del Sur",BAROBO,2nd District,SAN VICENTE,Public,Partially Urban,DepED Managed,Purely ES
CARAGA,Surigao del Sur,Barobo II,132593,Sinai Elementary School,"Sinai,Tambis,Barobo,Surigao del Sur",BAROBO,2nd District,TAMBIS,Public,Partially Urban,DepED Managed,Purely ES
CARAGA,Surigao del Sur,Barobo II,132594,Sua Elementary School,"P-1, Sua, Barobo, Surigao del Sur",BAROBO,2nd District,SUA,Public,Partially Urban,DepED Managed,Purely ES
CARAGA,Surigao del Sur,Barobo II,132595,Sudlon Elementary School,"Purok-2, Sudlon, Barobo, Surigao del Sur",BAROBO,2nd District,SUDLON,Public,Partially Urban,DepED Managed,Purely ES
CARAGA,Surigao del Sur,Barobo II,132596,Talisay Seaside Elementary School,"-Purok 7 Poblacion, Barobo, Surigao del Sur",BAROBO,2nd District,POBLACION,Public,Partially Urban,DepED Managed,Purely ES
CARAGA,Surigao del Sur,Barobo II,132597,Tambis Central Elementary School,"Purok 3, Tambis, Barobo, Surigao del Sur",BAROBO,2nd District,TAMBIS,Public,Partially Urban,DepED Managed,Purely ES
CARAGA,Surigao del Sur,Barobo II,132599,Wakat Elementary School,"P-3,Wakat, Barobo, Surigao del Sur",BAROBO,2nd District,WAKAT,Public,Partially Urban,DepED Managed,Purely ES
CARAGA,Surigao del Sur,Barobo II,304864,Tambis National High School,"Sitio Remedios, Tambis, Barobo, Surigao del Sur",BAROBO,2nd District,TAMBIS,Public,Partially Urban,DepED Managed,JHS with SHS
CARAGA,Surigao del Sur,Barobo II,317921,Wakat National High School,"Purok 7 Wakat,Barobo",BAROBO,2nd District,WAKAT,Public,Partially Urban,DepED Managed,JHS with SHS
CARAGA,Surigao del Sur,Barobo II,317941,Rizal National High School,"Purok 1, Rizal, Barobo, Surigao del Sur",BAROBO,2nd District,RIZAL,Public,Partially Urban,DepED Managed,JHS with SHS
CARAGA,Surigao del Sur,Lingig II,132786,Barcelona Central Elementary School,"Barcelona, Lingig, Surigao del Sur",LINGIG,2nd District,BARCELONA,Public,Partially Urban,DepED Managed,Purely ES
CARAGA,Surigao del Sur,Lingig II,132788,Bogak Elementary School,"Bogak, Lingig, Surigao del Sur",LINGIG,2nd District,BOGAK,Public,Partially Urban,DepED Managed,Purely ES
CARAGA,Surigao del Sur,Lingig II,132789,Bongan Elementary School,"Bongan, Lingig, Surigao del Sur",LINGIG,2nd District,BONGAN,Public,Partially Urban,DepED Managed,Purely ES
CARAGA,Surigao del Sur,Lingig II,132790,Guitamondok Elementary School,"New Mabuhay, Bongan, Lingig, Surigao del Sur",LINGIG,2nd District,BONGAN,Public,Partially Urban,DepED Managed,Purely ES
CARAGA,Surigao del Sur,Lingig II,132793,Handamayan Elementary School,"Handamayan, Lingig, Surigao del Sur",LINGIG,2nd District,HANDAMAYAN,Public,Partially Urban,DepED Managed,Purely ES
CARAGA,Surigao del Sur,Lingig II,132795,KKK Elementary School,"katipunan Tagpoporan, Lingig, Surigao del Sur",LINGIG,2nd District,TAGPOPORAN,Public,Partially Urban,DepED Managed,Purely ES
CARAGA,Surigao del Sur,Lingig II,132802,Mendezona Elementary School,"Sitio Mendezona, Rajah Cabungsoan, Surigao del Sur",LINGIG,2nd District,RAJAH CABUNGSO-AN,Public,Partially Urban,DepED Managed,Purely ES
CARAGA,Surigao del Sur,Lingig II,132803,Napanpanan Elementary School,"Sitio Napanpanan, Rajah Cabungsoan",LINGIG,2nd District,RAJAH CABUNGSO-AN,Public,Partially Urban,DepED Managed,Purely ES
CARAGA,Surigao del Sur,Lingig II,132807,Pedro Redondo Elementary School,"Purok 3 Valencia, Lingig, Surigao del Sur",LINGIG,2nd District,VALENCIA,Public,Partially Urban,DepED Managed,Purely ES
CARAGA,Surigao del Sur,Lingig II,132809,Salvacion Elementary School,"Salvacion, Lingig, Surigao del Sur",LINGIG,2nd District,SALVACION,Public,Partially Urban,DepED Managed,Purely ES
CARAGA,Surigao del Sur,Lingig II,132811,Sunrise-Campo Elementary School,"-Campo, Barcelona,Lingig,Surigao del Sur",LINGIG,2nd District,BARCELONA,Public,Partially Urban,DepED Managed,Purely ES
CARAGA,Surigao del Sur,Lingig II,132812,Sunrise Elementary School,"Sunrise, Barcelona, Lingig, Surigao del Sur",LINGIG,2nd District,BARCELONA,Public,Partially Urban,DepED Managed,Purely ES
CARAGA,Surigao del Sur,Lingig II,132813,Tagbobo Elementary School,"Sitio Tagbobo, Tagpupuran, Lingig, Surigao del Sur l",LINGIG,2nd District,TAGPOPORAN,Public,Partially Urban,DepED Managed,Purely ES
CARAGA,Surigao del Sur,Lingig II,132814,Tagpupuran Elementary School,"P-2 Tagpoporan, Lingig, Surigao del Sur",LINGIG,2nd District,TAGPOPORAN,Public,Partially Urban,DepED Managed,Purely ES
CARAGA,Surigao del Sur,Lingig II,132815,Taw-aga Elementary School,"Taw-aga, Salvacion, Lingig, Surigao del Sur",LINGIG,2nd District,SALVACION,Public,Partially Urban,DepED Managed,Purely ES
CARAGA,Surigao del Sur,Lingig II,132819,Valencia Elementary School,"Valencia, Lingig, Surigao del Sur",LINGIG,2nd District,VALENCIA,Public,Partially Urban,DepED Managed,Purely ES
CARAGA,Surigao del Sur,Lingig II,500327,Rajah Cabungsuan Integrated School,"Purok 2 Rajah Cabungso-an, Lingig, Surigao del Sur",LINGIG,2nd District,RAJAH CABUNGSO-AN,Public,Partially Urban,DepED Managed,All Offering (K to 12)
CARAGA,Surigao del Sur,Lingig II,500581,Anibongan Integrated School,"- Purok 3 Anibongan, Lingig, Surigao del Sur",LINGIG,2nd District,ANIBONGAN,Public,Partially Urban,DepED Managed,All Offering (K to 12)
CARAGA,Surigao del Sur,San Miguel II,132869,Bagyang Elementary School,"Purok 1, Bagyang, San Miguel, Surigao del Sur",SAN MIGUEL,1st District,BAGYANG,Public,Partially Urban,DepED Managed,Purely ES
CARAGA,Surigao del Sur,San Miguel II,132872,Bitaugan Elementary School,"P-3, Bitaugan, San Miguel, Surigao del Sur",SAN MIGUEL,1st District,BITAUGAN,Public,Partially Urban,DepED Managed,Purely ES
CARAGA,Surigao del Sur,San Miguel II,132874,Calatngan Elementary School,"Purok 01, Calatngan, San Miguel, Surigao del Sur",SAN MIGUEL,1st District,CALATNGAN,Public,Partially Urban,DepED Managed,Purely ES
CARAGA,Surigao del Sur,San Miguel II,132875,Carromata Elementary School,"Purok 02, Carromata, San Miguel, Surigao del Sur",SAN MIGUEL,1st District,CARROMATA,Public,Partially Urban,DepED Managed,Purely ES
CARAGA,Surigao del Sur,San Miguel II,132876,Castillo Elementary School,"Purok 5 Castillo, San Miguel, Surigao del Sur",SAN MIGUEL,1st District,CASTILLO,Public,Partially Urban,DepED Managed,Purely ES
CARAGA,Surigao del Sur,San Miguel II,132879,Inadan Elementary School,"Purok 7, Inadan, Magroyong, San MIguel, Surigao del Sur",SAN MIGUEL,1st District,MAGROYONG,Public,Partially Urban,DepED Managed,Purely ES
CARAGA,Surigao del Sur,San Miguel II,132880,Libas Gua Elementary School,"Purok 03, Libas Gua, San Miguel, Surigao del Sur",SAN MIGUEL,1st District,LIBAS GUA,Public,Partially Urban,DepED Managed,Purely ES
CARAGA,Surigao del Sur,San Miguel II,132883,Magroyong Elementary School,"Purok 5, Magroyong, San Miguel, Surigao del Sur",SAN MIGUEL,1st District,MAGROYONG,Public,Partially Urban,DepED Managed,Purely ES
CARAGA,Surigao del Sur,San Miguel II,132884,Mahayag Elementary School,"Mahayag, San Miguel, Surigao del Sur",SAN MIGUEL,1st District,MAHAYAG (MAITUM),Public,Partially Urban,DepED Managed,Purely ES
CARAGA,Surigao del Sur,San Miguel II,132885,Patong Elementary School,"Purok 3 Patong, San Miguel, Surigao del Sur",SAN MIGUEL,1st District,PATONG,Public,Partially Urban,DepED Managed,Purely ES
CARAGA,Surigao del Sur,San Miguel II,132886,Pedro Miranda Oribe Memorial Elementary School (Sagbayan ES),"P-2, Sagbayan, San Miguel,Surigao del Sur",SAN MIGUEL,1st District,SAGBAYAN,Public,Partially Urban,DepED Managed,Purely ES
CARAGA,Surigao del Sur,San Miguel II,132890,Tina Central Elementary School,"P-5-Tina, San Miguel, Surigao del Sur",SAN MIGUEL,1st District,TINA,Public,Partially Urban,DepED Managed,Purely ES
CARAGA,Surigao del Sur,San Miguel II,132891,Umalag Elementary School,"Purok 3, Barangay Umalag, San Miguel, SDS",SAN MIGUEL,1st District,UMALAG,Public,Partially Urban,DepED Managed,Purely ES
CARAGA,Surigao del Sur,San Miguel II,214530,Bacacaan Elementary School of Living Tradition,"Sitio Bacacaan, Bagyang, San Miguel, Surigao del Sur",SAN MIGUEL,1st District,BAGYANG,Public,Partially Urban,DepED Managed,Purely ES
CARAGA,Surigao del Sur,San Miguel II,214531,Bato Elementary School of Living Tradition,"Sitio Bato, Bitaugan, San Miguel, Surigao del SUr",SAN MIGUEL,1st District,BITAUGAN,Public,Partially Urban,DepED Managed,Purely ES
CARAGA,Surigao del Sur,San Miguel II,214532,Menong Elementary School of Living Tradition,"Purok 5, Bitaugan, San Miguel, Surigao del Sur",SAN MIGUEL,1st District,BITAUGAN,Public,Partially Urban,DepED Managed,Purely ES
CARAGA,Surigao del Sur,San Miguel II,214533,Tubakon Elementary School of Living Tradition,"Tubakon, Bitaugan, San Miguel, Surigao del Sur",SAN MIGUEL,1st District,BITAUGAN,Public,Partially Urban,DepED Managed,Purely ES
CARAGA,Surigao del Sur,San Miguel II,214534,Aknitan Elementary School of Living Tradition,"Aknitan, Calatngan, San Miguel, Surigao del Sur",SAN MIGUEL,1st District,CALATNGAN,Public,Partially Urban,DepED Managed,Purely ES
CARAGA,Surigao del Sur,San Miguel II,214535,Liangabon Elementary School of Living Tradition,"Liangabon, Calatngan, San Miguel, Surigao del Sur",SAN MIGUEL,1st District,CALATNGAN,Public,Partially Urban,DepED Managed,Purely ES
CARAGA,Surigao del Sur,San Miguel II,214536,Tabon-tabon Elementary School of Living Tradition,"Tabon-tabon, Calatngan, San Miguel, Surigao del Sur",SAN MIGUEL,1st District,CALATNGAN,Public,Partially Urban,DepED Managed,Purely ES
CARAGA,Surigao del Sur,San Miguel II,214537,Baruboan Elementary School of Living Tradition,"Baruboan, Carromata, San Miguel, Surigao del Sur",SAN MIGUEL,1st District,CARROMATA,Public,Partially Urban,DepED Managed,Purely ES
CARAGA,Surigao del Sur,San Miguel II,214538,Lamesa Elementary School of Living Tradition,"Lamesa, Carromata, San Miguel, Surigao del Sur",SAN MIGUEL,1st District,CARROMATA,Public,Partially Urban,DepED Managed,Purely ES
CARAGA,Surigao del Sur,San Miguel II,214539,Carromata Elementary School of Living Tradition,"P-5, Carromata, San Miguel, Surigao del Sur",SAN MIGUEL,1st District,CARROMATA,Public,Partially Urban,DepED Managed,Purely ES
CARAGA,Surigao del Sur,San Miguel II,214540,Bagyangon Elementary School of Living Tradition,"Bagyangon, Sagbayan, San Miguel, Surigao del Sur",SAN MIGUEL,1st District,SAGBAYAN,Public,Partially Urban,DepED Managed,Purely ES
CARAGA,Surigao del Sur,San Miguel II,214541,Kiskis Elementary School of Living Tradition,"Kiskis, Siagao, San Miguel, Surigao del Sur",SAN MIGUEL,1st District,SIAGAO,Public,Partially Urban,DepED Managed,Purely ES
CARAGA,Surigao del Sur,San Miguel II,214542,Lamintao Elementary School of Living Tradition,"Lamintao, Siagao, San Miguel, Surigao del Sur",SAN MIGUEL,1st District,SIAGAO,Public,Partially Urban,DepED Managed,Purely ES
CARAGA,Surigao del Sur,San Miguel II,304905,San Miguel National Comprehensive High School,"Purok 6, Magroyong, San Miguel, Suriga del Sur",SAN MIGUEL,1st District,MAGROYONG,Public,Partially Urban,DepED Managed,JHS with SHS
CARAGA,Surigao del Sur,San Miguel II,304907,Sagbayan National High School,"Purok 4, Sta. Cruz",SAN MIGUEL,1st District,SAGBAYAN,Public,Partially Urban,DepED Managed,JHS with SHS
CARAGA,Surigao del Sur,San Miguel II,317908,Mahayag National High School,"Purok 7- A, Mahayag, San Miguel,Surigao del Sur",SAN MIGUEL,1st District,MAHAYAG (MAITUM),Public,Partially Urban,DepED Managed,JHS with SHS
CARAGA,Surigao del Sur,San Miguel II,317946,Angga A. Maca Tribal National High School,"Purok 3, Bitaugan, San Miguel, Surigao del SUr",SAN MIGUEL,1st District,BITAUGAN,Public,Partially Urban,DepED Managed,Purely JHS
CARAGA,Surigao del Sur,San Miguel II,501272,Domingo M. Alimboyong Memorial Integrated School,"Purok 4, Sitio Lower Bagyang, Bagyang, San Miguel, Surigao del Sur",SAN MIGUEL,1st District,BAGYANG,Public,Partially Urban,DepED Managed,ES and JHS (K to 10)
CARAGA,Surigao del Sur,San Miguel II,501785,Siagao Integrated School,"Purok 02, Siagao, San Miguel, Surigao del Sur",SAN MIGUEL,1st District,SIAGAO,Public,Partially Urban,DepED Managed,ES and JHS (K to 10)
CARAGA,Surigao del Sur,Tago II,132930,Anahao Bag-o Elementary School,"Purok Sampaguita, Anahao Bag-o, Tago , Surigao del Sur",TAGO,1st District,ANAHAO BAG-O,Public,Partially Urban,DepED Managed,Purely ES
CARAGA,Surigao del Sur,Tago II,132931,Anahao Daan Elementary School,"Purok Cadena de Amor, Anahao Daan, Tago, Surigao del Sur",TAGO,1st District,ANAHAO DAAN,Public,Partially Urban,DepED Managed,Purely ES
CARAGA,Surigao del Sur,Tago II,132940,Caras-an Elementary School,"Sampaguita St., Brgy. Caras-an , Tago, Surigao Sur",TAGO,1st District,CARAS-AN,Public,Partially Urban,DepED Managed,Purely ES
CARAGA,Surigao del Sur,Tago II,132943,Gamut Central Elementary School,"Gamut, Tago, Surigao del Sur",TAGO,1st District,GAMUT,Public,Partially Urban,DepED Managed,Purely ES
CARAGA,Surigao del Sur,Tago II,132945,Jubang Elementary School,"Purok Bombils, Jubang, Tago, Surigao Sur",TAGO,1st District,JUBANG,Public,Partially Urban,DepED Managed,Purely ES
CARAGA,Surigao del Sur,Tago II,132946,Kinabigtasan Elementary School,"Purok Bombils,Kinabigtasan, Tago, Surigao del Sur",TAGO,1st District,KINABIGTASAN,Public,Partially Urban,DepED Managed,Purely ES
CARAGA,Surigao del Sur,Tago II,132947,Layog Elementary School,"Purok Poblacion 2, Layog, Tago, Surigao del Sur",TAGO,1st District,LAYOG,Public,Partially Urban,DepED Managed,Purely ES
CARAGA,Surigao del Sur,Tago II,132948,Lindoy Elementary School,"Purok Rosal ,Lindoy,Tago,Surigao del Sur",TAGO,1st District,LINDOY,Public,Partially Urban,DepED Managed,Purely ES
CARAGA,Surigao del Sur,Tago II,132950,Sumo-Sumo Elementary School,"Mabuhay, Sumo-Sumo, Tago, Surigao del Sur",TAGO,1st District,SUMO-SUMO,Public,Partially Urban,DepED Managed,Purely ES
CARAGA,Surigao del Sur,Tago II,132953,Umbay Elementary School,"Purok Mangga, Brgy. Umbay, Tago, Surigao del Sur",TAGO,1st District,UMBAY,Public,Partially Urban,DepED Managed,Purely ES
CARAGA,Surigao del Sur,Tago II,132954,Unaban Elementary School,"Purok Masipag, Brgy. Unaban, Tago, Surigao del Sur",TAGO,1st District,UNABAN,Public,Partially Urban,DepED Managed,Purely ES
CARAGA,Surigao del Sur,Tago II,132955,Unidos Elementary School,"Purok Santol , Unidos,Tago,Surigao del Sur",TAGO,1st District,UNIDOS,Public,Partially Urban,DepED Managed,Purely ES
CARAGA,Surigao del Sur,Tago II,214519,Balisong Primary School,"Prk. Consolacion, Brgy. Sumo-sumo, Tago, Surigao Sur",TAGO,1st District,SUMO-SUMO,Public,Partially Urban,DepED Managed,Purely ES
CARAGA,Surigao del Sur,Tago II,214526,Adlay Primary School,"Flowing,Cabalawan, Brgy. Anahao Daan, Tago, Surigao Sur",TAGO,1st District,ANAHAO DAAN,Public,Partially Urban,DepED Managed,Purely ES
CARAGA,Surigao del Sur,Tago II,304889,Gamut National High School (Tago),"Purok-African Daisy, Brgy. Gamut, Tago, Surigao Sur",TAGO,1st District,GAMUT,Public,Partially Urban,DepED Managed,JHS with SHS
CARAGA,Surigao del Sur,Tago II,317907,Clarence Ty Pimentel National High School,"Brgy. Sumo-sumo, Tago, Surigao del Sur",TAGO,1st District,SUMO-SUMO,Public,Partially Urban,DepED Managed,JHS with SHS
CARAGA,Surigao del Sur,Tago II,474520,"Gamut Teknia School, Inc.","Purok Pamugsukan, Brgy. Gamut, Tago, Surigao Sur",TAGO,1st District,GAMUT,Private,Partially Urban,Non-Sectarian,ES and JHS (K to 10)
CARAGA,Surigao del Sur,Tago II,500322,Bangsud Integrated School,"Brgy. Bangsud, Tago, Surigao Sur",TAGO,1st District,BANGSUD,Public,Partially Urban,DepED Managed,All Offering (K to 12)
CARAGA,Surigao del Sur,Tagbina II,132895,Doña Carmen Elementary School,"P-2 Dona Carmen, Tagbina, Surigao del Sur",TAGBINA,2nd District,DOÑA CARMEN,Public,Partially Urban,DepED Managed,Purely ES
CARAGA,Surigao del Sur,Tagbina II,132896,Hinagdanan Elementary School,"Hinagdanan, Tagbina S.D.S",TAGBINA,2nd District,HINAGDANAN,Public,Partially Urban,DepED Managed,Purely ES
CARAGA,Surigao del Sur,Tagbina II,132900,Kinagbangan Elementary School,"Purok-8 Kinagbangan,Tagongon,Tagbina",TAGBINA,2nd District,TAGONGON,Public,Partially Urban,DepED Managed,Purely ES
CARAGA,Surigao del Sur,Tagbina II,132902,Libuacan Elementary School,"Libuacan, Ugoban, Tagbina , SDS",TAGBINA,2nd District,UGOBAN,Public,Partially Urban,DepED Managed,Purely ES
CARAGA,Surigao del Sur,Tagbina II,132905,Maglatab Elementary School,"Purok 3 Maglatab, Tagbina, Surigao del Sur",TAGBINA,2nd District,MAGLATAB,Public,Partially Urban,DepED Managed,Purely ES
CARAGA,Surigao del Sur,Tagbina II,132909,Maputi Elementary School,-Sitio Maputi Dona Carmen Tagbina,TAGBINA,2nd District,DOÑA CARMEN,Public,Partially Urban,DepED Managed,Purely ES
CARAGA,Surigao del Sur,Tagbina II,132910,Ugoban Elementary School,"Purok #1, Ugoban, Tagbina,Surigao del",TAGBINA,2nd District,UGOBAN,Public,Partially Urban,DepED Managed,Purely ES
CARAGA,Surigao del Sur,Tagbina II,132912,Paman-onan Elementary School,"Pamam-onan, Doña Carmen, Tagbina, Suriga del Sur",TAGBINA,2nd District,DOÑA CARMEN,Public,Partially Urban,DepED Managed,Purely ES
CARAGA,Surigao del Sur,Tagbina II,132916,San Vicente Elementary School,"Purok 2 San Vicente II, Tagbina Surigao del Sur",TAGBINA,2nd District,SAN VICENTE,Public,Partially Urban,DepED Managed,Purely ES
CARAGA,Surigao del Sur,Tagbina II,132920,Sta. Cruz Elementary School,"PUROK 2, STA. CRUZ, TAGBINA SURIGAO DEL SUR",TAGBINA,2nd District,SANTA CRUZ,Public,Partially Urban,DepED Managed,Purely ES
CARAGA,Surigao del Sur,Tagbina II,132921,Sta.Juana Central Elementary School,"Sta. Juana, Tagbina, Surigao del Sur",TAGBINA,2nd District,SANTA JUANA,Public,Partially Urban,DepED Managed,Purely ES
CARAGA,Surigao del Sur,Tagbina II,132923,Sta. Rita Elementary School,"Sta.Rita, Sta.Juana, Tagbina, Surigao del Sur",TAGBINA,2nd District,SANTA JUANA,Public,Partially Urban,DepED Managed,Purely ES
CARAGA,Surigao del Sur,Tagbina II,214504,Greenfield Elementary School,"Sitio Greenfield, Santa Juana, Tagbina, SDS",TAGBINA,2nd District,SANTA JUANA,Public,Partially Urban,DepED Managed,Purely ES
CARAGA,Surigao del Sur,Tagbina II,304878,Doña Carmen National High School,"Purok 1 Doña Carmen, Tagbina, Surigao del Sur",TAGBINA,2nd District,DOÑA CARMEN,Public,Partially Urban,DepED Managed,JHS with SHS
CARAGA,Surigao del Sur,Tagbina II,304879,DL Osano Maputi National High School,"Maputi, Dona Carmen",TAGBINA,2nd District,DOÑA CARMEN,Public,Partially Urban,DepED Managed,JHS with SHS
CARAGA,Surigao del Sur,Tagbina II,304881,Maglatab National High School,"Purok 2, Maglatab, Tagbina, Surigao del Sur",TAGBINA,2nd District,MAGLATAB,Public,Partially Urban,DepED Managed,JHS with SHS
CARAGA,Surigao del Sur,Tagbina II,304882,San Vicente II National High School,Purok - 3,TAGBINA,2nd District,SAN VICENTE,Public,Partially Urban,DepED Managed,JHS with SHS
CARAGA,Surigao del Sur,Tagbina II,304883,Sta. Juana National High School,"Purok-7, Sta. Juana, Tagbina, Surigao del Sur",TAGBINA,2nd District,SANTA JUANA,Public,Partially Urban,DepED Managed,JHS with SHS
CARAGA,Surigao del Sur,Tagbina II,500584,Sta. Maria Integrated School,"Sta Maria, Tagbina, Surigao Del Sur",TAGBINA,2nd District,SANTA MARIA,Public,Partially Urban,DepED Managed,All Offering (K to 12)
CARAGA,Surigao del Sur,Tagbina II,500586,Jobar Integrated School,Sitio Jobar Sta.Juana Tagbina S.D.S,TAGBINA,2nd District,SANTA JUANA,Public,Partially Urban,DepED Managed,All Offering (K to 12)
CARAGA,Bislig City,Bislig City I,132607,Balingan Elementary School,Cumawas,CITY OF BISLIG,2nd District,COMAWAS,Public,Partially Urban,DepED Managed,Purely ES
CARAGA,Bislig City,Bislig City I,132609,Bislig Central Elementary School,"Corner Quirino Laurente St., Poblacion, Bislig City",CITY OF BISLIG,2nd District,POBLACION,Public,Partially Urban,DepED Managed,Purely ES
CARAGA,Bislig City,Bislig City I,132615,F. C. Pedraverde-Lindo Elementary School,Gamaon Dist.,CITY OF BISLIG,2nd District,MANGAGOY,Public,Partially Urban,DepED Managed,Purely ES
CARAGA,Bislig City,Bislig City I,132617,Gerardo D. Verano Jr. Elementary School,Sikahoy,CITY OF BISLIG,2nd District,SAN JOSE,Public,Partially Urban,DepED Managed,Purely ES
CARAGA,Bislig City,Bislig City I,132618,Isabelo Landeta Elementary School,"Panaghiusa Dist.,",CITY OF BISLIG,2nd District,MANGAGOY,Public,Partially Urban,DepED Managed,Purely ES
CARAGA,Bislig City,Bislig City I,132624,Olayvar Elementary School,"Purok 8, Sta Maria",CITY OF BISLIG,2nd District,TABON,Public,Partially Urban,DepED Managed,Purely ES
CARAGA,Bislig City,Bislig City I,132628,R. Castillo Elementary School,Mancarogo,CITY OF BISLIG,2nd District,POBLACION,Public,Partially Urban,DepED Managed,Purely ES
CARAGA,Bislig City,Bislig City I,132630,San Antonio Elementary School,San Antonio,CITY OF BISLIG,2nd District,SAN ANTONIO,Public,Partially Urban,DepED Managed,Purely ES
CARAGA,Bislig City,Bislig City I,132632,San Isidro Elementary School,San Isidro,CITY OF BISLIG,2nd District,SAN ISIDRO (BAGNAN),Public,Partially Urban,DepED Managed,Purely ES
CARAGA,Bislig City,Bislig City I,132633,Gaspar Serrano Elementary School,San Jose,CITY OF BISLIG,2nd District,SAN JOSE,Public,Partially Urban,DepED Managed,Purely ES
CARAGA,Bislig City,Bislig City I,235003,New Bongga Elementary School,Purok 7 New Bongga,CITY OF BISLIG,2nd District,PAMAYPAYAN,Public,Partially Urban,DepED Managed,Purely ES
CARAGA,Bislig City,Bislig City I,235004,New Jerusalem Elementary School,San Jose,CITY OF BISLIG,2nd District,SAN JOSE,Public,Partially Urban,DepED Managed,Purely ES
CARAGA,Bislig City,Bislig City I,304865,Bislig City National High School,Poblacion,CITY OF BISLIG,2nd District,POBLACION,Public,Partially Urban,DepED Managed,JHS with SHS
CARAGA,Bislig City,Bislig City I,304866,Maharlika National High School,Maharlika,CITY OF BISLIG,2nd District,MAHARLIKA,Public,Partially Urban,DepED Managed,JHS with SHS
CARAGA,Bislig City,Bislig City I,304869,Sikahoy National High School,"Purok 5, Sikahoy",CITY OF BISLIG,2nd District,SAN JOSE,Public,Partially Urban,DepED Managed,JHS with SHS
CARAGA,Bislig City,Bislig City I,304894,Lawigan National High School,Lawigan,CITY OF BISLIG,2nd District,LAWIGAN,Public,Partially Urban,DepED Managed,JHS with SHS
CARAGA,Bislig City,Bislig City I,304917,Tabon M. Estrella National High School,Sugala Street,CITY OF BISLIG,2nd District,TABON,Public,Partially Urban,DepED Managed,JHS with SHS
CARAGA,Bislig City,Bislig City I,304918,Danipas National High School,"Danipas,Labisma,Bislig City",CITY OF BISLIG,2nd District,LABISMA,Public,Partially Urban,DepED Managed,Purely JHS
CARAGA,Bislig City,Bislig City I,322501,San Jose National High School,San Jose,CITY OF BISLIG,2nd District,SAN JOSE,Public,Partially Urban,DepED Managed,JHS with SHS
CARAGA,Bislig City,Bislig City I,322502,Tumanan National High School,"Gapasan, Tumanan",CITY OF BISLIG,2nd District,TUMANAN,Public,Partially Urban,DepED Managed,Purely JHS
CARAGA,Bislig City,Bislig City I,322503,Bucto National High School,"Bucto, Bislig City",CITY OF BISLIG,2nd District,BUCTO,Public,Partially Urban,DepED Managed,JHS with SHS
CARAGA,Bislig City,Bislig City I,322504,San Isidro National High School,Purok 1,CITY OF BISLIG,2nd District,SAN ISIDRO (BAGNAN),Public,Partially Urban,DepED Managed,Purely JHS
CARAGA,Bislig City,Bislig City I,322506,Coleto National High School,Coleto,CITY OF BISLIG,2nd District,COLETO,Public,Partially Urban,DepED Managed,Purely JHS
CARAGA,Bislig City,Bislig City I,340306,Stand Alone Senior High School,Comawas,CITY OF BISLIG,2nd District,COMAWAS,Public,Partially Urban,DepED Managed,Purely SHS
CARAGA,Bislig City,Bislig City I,405829,"Gaspar Rodriguez Educational and Training Center, Inc.","P2 John Bosco District, Mangagoy, Bislig City, Surigao del Sur",CITY OF BISLIG,2nd District,MANGAGOY,Private,Partially Urban,Non-Sectarian,Purely SHS
CARAGA,Bislig City,Bislig City I,406035,"ANDRES SORIANO COLLEGES OF BISLIG, INC.","Mangagoy, Bislig City",CITY OF BISLIG,2nd District,MANGAGOY,Private,Partially Urban,Non-Sectarian,All Offering (K to 12)
CARAGA,Bislig City,Bislig City I,406037,Mangagoy Adventist Elementary School,"P-2, Gamaon, Mangagoy Bislig City",CITY OF BISLIG,2nd District,MANGAGOY,Private,Partially Urban,Sectarian,Purely ES
CARAGA,Bislig City,Bislig City I,406039,"Southern Technological Institute of the Philippines, Inc.","Andres Soriano Ave., Mangagoy, Bislig City",CITY OF BISLIG,2nd District,MANGAGOY,Private,Partially Urban,Non-Sectarian,JHS with SHS
CARAGA,Bislig City,Bislig City I,501292,Pamaypayan Integrated School,"Purok 4, Pamaypayan, Bislig City",CITY OF BISLIG,2nd District,PAMAYPAYAN,Public,Partially Urban,DepED Managed,ES and JHS (K to 10)
CARAGA,Bislig City,Bislig City II,132608,Bebiano Alba Elementary School,2 Purok,CITY OF BISLIG,2nd District,SIBAROY,Public,Partially Urban,DepED Managed,Purely ES
CARAGA,Bislig City,Bislig City II,132610,Bucto Elementary School,"Bucto, Bislig City",CITY OF BISLIG,2nd District,BUCTO,Public,Partially Urban,DepED Managed,Purely ES
CARAGA,Bislig City,Bislig City II,132611,Burboanan Elementary School,Burboanan,CITY OF BISLIG,2nd District,BURBOANAN,Public,Partially Urban,DepED Managed,Purely ES
CARAGA,Bislig City,Bislig City II,132612,Caguyao Elementary School,"-Purok 2 , Caguyao, Bislig City",CITY OF BISLIG,2nd District,CAGUYAO,Public,Partially Urban,DepED Managed,Purely ES
CARAGA,Bislig City,Bislig City II,132613,Coleto Elementary School,Coleto,CITY OF BISLIG,2nd District,COLETO,Public,Partially Urban,DepED Managed,Purely ES
CARAGA,Bislig City,Bislig City II,132614,Delot Elementary School,"Delot, San Vicente",CITY OF BISLIG,2nd District,SAN VICENTE,Public,Partially Urban,DepED Managed,Purely ES
CARAGA,Bislig City,Bislig City II,132616,Maharlika Elementary School,"San Andres, Maharllika",CITY OF BISLIG,2nd District,MAHARLIKA,Public,Partially Urban,DepED Managed,Purely ES
CARAGA,Bislig City,Bislig City II,132619,Mabog Elementary School,San Roque,CITY OF BISLIG,2nd District,SAN ROQUE (CADANGLASAN),Public,Partially Urban,DepED Managed,Purely ES
CARAGA,Bislig City,Bislig City II,132620,Mamparasan Elementary School,"San Roque, Bislig City",CITY OF BISLIG,2nd District,SAN ROQUE (CADANGLASAN),Public,Partially Urban,DepED Managed,Purely ES
CARAGA,Bislig City,Bislig City II,132621,Mantaban Elementary School,"-Purok#1 Mantaban,,",CITY OF BISLIG,2nd District,SAN VICENTE,Public,Partially Urban,DepED Managed,Purely ES
CARAGA,Bislig City,Bislig City II,132622,Mantuyom Elementary School,P # 2 Mantuyom,CITY OF BISLIG,2nd District,SAN ROQUE (CADANGLASAN),Public,Partially Urban,DepED Managed,Purely ES
CARAGA,Bislig City,Bislig City II,132623,Ser-Fel Mone Elementary School,Purok 1 Brgy. Mone Bislig City,CITY OF BISLIG,2nd District,MONE,Public,Partially Urban,DepED Managed,Purely ES
CARAGA,Bislig City,Bislig City II,132625,Pamanlinan Elementary School,"P# 4 PAMANLINAN ,BISLIG CITY",CITY OF BISLIG,2nd District,PAMANLINAN,Public,Partially Urban,DepED Managed,Purely ES
CARAGA,Bislig City,Bislig City II,132627,Puerto Elementary School,Purok 3,CITY OF BISLIG,2nd District,MAHARLIKA,Public,Partially Urban,DepED Managed,Purely ES
CARAGA,Bislig City,Bislig City II,132629,R. Castillo Elementary School,"Sitio Baguis, Mone",CITY OF BISLIG,2nd District,MONE,Public,Partially Urban,DepED Managed,Purely ES
CARAGA,Bislig City,Bislig City II,132631,San Fernando Elementary School,Purok 3,CITY OF BISLIG,2nd District,SAN FERNANDO,Public,Partially Urban,DepED Managed,Purely ES
CARAGA,Bislig City,Bislig City II,132634,San Nicolas Elementary School,"San Nicolas ,San Roque",CITY OF BISLIG,2nd District,POBLACION,Public,Partially Urban,DepED Managed,Purely ES
CARAGA,Bislig City,Bislig City II,132635,San Roque Central Elementary School,San Roque,CITY OF BISLIG,2nd District,SAN ROQUE (CADANGLASAN),Public,Partially Urban,DepED Managed,Purely ES
CARAGA,Bislig City,Bislig City II,132636,San Vicente Elementary School,San Vicente 1,CITY OF BISLIG,2nd District,SAN VICENTE,Public,Partially Urban,DepED Managed,Purely ES
CARAGA,Bislig City,Bislig City II,132637,Sanyata Elementary School,"Sanyata, San Roque,",CITY OF BISLIG,2nd District,SAN ROQUE (CADANGLASAN),Public,Partially Urban,DepED Managed,Purely ES
CARAGA,Bislig City,Bislig City II,132638,SIMON EDGAR A. GARAY ES,Purok 5,CITY OF BISLIG,2nd District,KAHAYAG,Public,Partially Urban,DepED Managed,Purely ES
CARAGA,Bislig City,Bislig City II,132639,Sote Elementary School,-,CITY OF BISLIG,2nd District,BURBOANAN,Public,Partially Urban,DepED Managed,Purely ES
CARAGA,Bislig City,Bislig City II,132640,Sta. Cruz Elementary School,"Purok 3 Santa. Cruz,Bislig City",CITY OF BISLIG,2nd District,SANTA CRUZ,Public,Partially Urban,DepED Managed,Purely ES
CARAGA,Bislig City,Bislig City II,132641,Pablo B. Duray - Tumanan Elementary School,Tumanan,CITY OF BISLIG,2nd District,TUMANAN,Public,Partially Urban,DepED Managed,Purely ES
CARAGA,Bislig City,Bislig City II,304867,Mone National High School,Cautan,CITY OF BISLIG,2nd District,MONE,Public,Partially Urban,DepED Managed,Purely JHS
CARAGA,Bislig City,Bislig City II,304868,San Vicente National High School,Brgy San Vicente,CITY OF BISLIG,2nd District,SAN VICENTE,Public,Partially Urban,DepED Managed,JHS with SHS
CARAGA,Bislig City,Bislig City II,304870,Sta. Cruz National High School,"Sta. Cruz, Bislig City",CITY OF BISLIG,2nd District,SANTA CRUZ,Public,Partially Urban,DepED Managed,Purely JHS
CARAGA,Bislig City,Bislig City II,322505,Mabog National High School,Mabog,CITY OF BISLIG,2nd District,SAN ROQUE (CADANGLASAN),Public,Partially Urban,DepED Managed,JHS with SHS
CARAGA,Bislig City,Bislig City II,322508,San Fernando Integrated School,"Purok 5,San Fernando",CITY OF BISLIG,2nd District,SAN FERNANDO,Public,Partially Urban,Local Government,Purely JHS
CARAGA,Bislig City,Mangagoy I,132833,Mangagoy Central Elementary School,"Andres Soriano Ave., Mangagoy, Bislig City",CITY OF BISLIG,2nd District,MANGAGOY,Public,Partially Urban,DepED Managed,Purely ES
CARAGA,Bislig City,Mangagoy I,132834,Mangagoy East Elementary School,"Andres Soriano Ave., Mangagoy",CITY OF BISLIG,2nd District,MANGAGOY,Public,Partially Urban,DepED Managed,Purely ES
CARAGA,Bislig City,Mangagoy I,132835,Mangagoy Hilltop Elementary School,"Andres Soriano Ave., Mangagoy",CITY OF BISLIG,2nd District,MANGAGOY,Public,Partially Urban,DepED Managed,Purely ES
CARAGA,Bislig City,Mangagoy I,132836,Mangagoy North Elementary School,"Andres Soriano Ave., Mangagoy",CITY OF BISLIG,2nd District,MANGAGOY,Public,Partially Urban,DepED Managed,Purely ES
CARAGA,Bislig City,Mangagoy I,132837,Mangagoy South Elementary School,"Andres Soriano Ave., Mangagoy",CITY OF BISLIG,2nd District,MANGAGOY,Public,Partially Urban,DepED Managed,Purely ES
CARAGA,Bislig City,Mangagoy I,235002,BCD SPED Center,"Andres Soriano Ave., Mangagoy",CITY OF BISLIG,2nd District,MANGAGOY,Public,Partially Urban,DepED Managed,Purely ES
CARAGA,Bislig City,Mangagoy I,304919,Mangagoy National High School,"Cauntuan, Panaghiusa",CITY OF BISLIG,2nd District,MANGAGOY,Public,Partially Urban,DepED Managed,JHS with SHS
CARAGA,Bislig City,Mangagoy I,406036,De La Salle John Bosco College,La Salle Drive,CITY OF BISLIG,2nd District,MANGAGOY,Private,Partially Urban,Sectarian,All Offering (K to 12)
CARAGA,Bislig City,Mangagoy I,406040,Saint Vincent de Paul Diocesan College,"Andres Soriano Ave., Mangagoy, Bislig City",CITY OF BISLIG,2nd District,MANGAGOY,Private,Partially Urban,Sectarian,All Offering (K to 12)
CARAGA,Bislig City,Mangagoy I,493501,DOÑA FLOMENCIA KALAMBOAN CENTER,"Menserrat Hills, Union Site, Mangagoy, Bislig City",CITY OF BISLIG,2nd District,MANGAGOY,Private,Partially Urban,Sectarian,Purely ES
CARAGA,Bislig City,Mangagoy II,132838,Caramcam Elementary School,Purok 1 Caramcam Dist.,CITY OF BISLIG,2nd District,MANGAGOY,Public,Partially Urban,DepED Managed,Purely ES
CARAGA,Bislig City,Mangagoy II,132839,Espiritu Elementary School,"Danipas, Labisma",CITY OF BISLIG,2nd District,LABISMA,Public,Partially Urban,DepED Managed,Purely ES
CARAGA,Bislig City,Mangagoy II,132840,Labisma Elementary School,P# 2,CITY OF BISLIG,2nd District,LABISMA,Public,Partially Urban,DepED Managed,Purely ES
CARAGA,Bislig City,Mangagoy II,132841,Lawigan Elementary School,"PUROK 1 LAWIGAN, BISLIG CITY",CITY OF BISLIG,2nd District,LAWIGAN,Public,Partially Urban,DepED Managed,Purely ES
CARAGA,Bislig City,Mangagoy II,132842,Paler Lumayog Elementary School,"Calubi-an, Tabon",CITY OF BISLIG,2nd District,TABON,Public,Partially Urban,DepED Managed,Purely ES
CARAGA,Bislig City,Mangagoy II,132843,Plaza Central Elementary School,"Plaza St.,",CITY OF BISLIG,2nd District,TABON,Public,Partially Urban,DepED Managed,Purely ES
CARAGA,Bislig City,Mangagoy II,132844,Requina Elementary School,"Post 23, Purok 7-A",CITY OF BISLIG,2nd District,TABON,Public,Partially Urban,DepED Managed,Purely ES
CARAGA,Bislig City,Mangagoy II,235001,P. M. Clar Elementary School,"Sua, Labisma, Bislig City",CITY OF BISLIG,2nd District,LABISMA,Public,Partially Urban,DepED Managed,Purely ES
CARAGA,Bislig City,Mangagoy II,322507,Labisma National High School,"P-1, Labisma, Bislig City",CITY OF BISLIG,2nd District,LABISMA,Public,Partially Urban,DepED Managed,Purely JHS
CARAGA,Bislig City,Mangagoy II,406038,Recaredo Castillo College,"Gamaon District, Mangagoy, Bislig City",CITY OF BISLIG,2nd District,MANGAGOY,Private,Partially Urban,Non-Sectarian,JHS with SHS
CARAGA,Dinagat Island,Albor,132305,Albor Central Elementary School,San Antonio,LIBJO (ALBOR),Lone District,ALBOR (POB.),Public,Rural,DepED Managed,Purely ES
CARAGA,Dinagat Island,Albor,132306,Arellano Elementary School,-Barangay Arellano,LIBJO (ALBOR),Lone District,ARELLANO,Public,Rural,DepED Managed,Purely ES
CARAGA,Dinagat Island,Albor,132307,Bayanihan Elementary School,"P-1 Bayanihan, Libjo",LIBJO (ALBOR),Lone District,BAYANIHAN,Public,Rural,DepED Managed,Purely ES
CARAGA,Dinagat Island,Albor,132308,Bolodbolod Central Elementary School,"P-1 General Aguinaldo, Libjo, Dinagat Islands",LIBJO (ALBOR),Lone District,GENERAL AGUINALDO (BOLOD-BOLOD),Public,Rural,DepED Managed,Purely ES
CARAGA,Dinagat Island,Albor,132309,Cahayag Elementary School,-,LIBJO (ALBOR),Lone District,DOÑA HELEN,Public,Rural,DepED Managed,Purely ES
CARAGA,Dinagat Island,Albor,132310,Garcia Elementary School,"Garcia, Libjo, Dinagat Islands",LIBJO (ALBOR),Lone District,GARCIA,Public,Rural,DepED Managed,Purely ES
CARAGA,Dinagat Island,Albor,132311,Kanihaan Elementary School,"Kanihaan, Libjo, Dinagat Islands",LIBJO (ALBOR),Lone District,KANIHAAN,Public,Rural,DepED Managed,Purely ES
CARAGA,Dinagat Island,Albor,132312,Llamera Elementary School,"Llamera, Libjo, Dinagat Islands",LIBJO (ALBOR),Lone District,LLAMERA,Public,Rural,DepED Managed,Purely ES
CARAGA,Dinagat Island,Albor,132313,Magsaysay Elementary School,-,LIBJO (ALBOR),Lone District,MAGSAYSAY,Public,Rural,DepED Managed,Purely ES
CARAGA,Dinagat Island,Albor,132314,Maytubig Elementary School,"Sitio Maytubig, Bayanihan Libjo Dinagat Islands",LIBJO (ALBOR),Lone District,BAYANIHAN,Public,Rural,DepED Managed,Purely ES
CARAGA,Dinagat Island,Albor,132315,Oliverio Elementary School,P-10 Sitio Botong,LIBJO (ALBOR),Lone District,ALBOR (POB.),Public,Rural,DepED Managed,Purely ES
CARAGA,Dinagat Island,Albor,132316,Osmeña Elementary School,None,LIBJO (ALBOR),Lone District,OSMEÑA,Public,Rural,DepED Managed,Purely ES
CARAGA,Dinagat Island,Albor,132317,Plaridel Elementary School,"Purok 5 Plaridel, Libjo, Dinagat Islands",LIBJO (ALBOR),Lone District,PLARIDEL,Public,Rural,DepED Managed,Purely ES
CARAGA,Dinagat Island,Albor,132318,Quezon Elementary School,-,LIBJO (ALBOR),Lone District,QUEZON,Public,Rural,DepED Managed,Purely ES
CARAGA,Dinagat Island,Albor,132319,Rosita Elementary School,"-P-3 ROSITA, LIBJO DINAGAT ISLANDS",LIBJO (ALBOR),Lone District,ROSITA,Public,Rural,DepED Managed,Purely ES
CARAGA,Dinagat Island,Albor,132320,San Jose Elementary School,"San Jose, Libjo, Dinagat Islands",LIBJO (ALBOR),Lone District,SAN JOSE,Public,Rural,DepED Managed,Purely ES
CARAGA,Dinagat Island,Albor,214004,Melody-Curada Elementary School,Sitio Melody,LIBJO (ALBOR),Lone District,SAN ANTONIO (POB.),Public,Rural,DepED Managed,Purely ES
CARAGA,Dinagat Island,Albor,300544,General Aguinaldo National High School,"General Aguinaldo, Libjo, Dinagat Islands",LIBJO (ALBOR),Lone District,GENERAL AGUINALDO (BOLOD-BOLOD),Public,Rural,DepED Managed,Purely JHS
CARAGA,Dinagat Island,Albor,304808,Albor National High School,-No. 2 Llamera Sr.,LIBJO (ALBOR),Lone District,ALBOR (POB.),Public,Rural,DepED Managed,JHS with SHS
CARAGA,Dinagat Island,Albor,304809,Osmeña-Sto. Niño National High School,Osmeña,LIBJO (ALBOR),Lone District,OSMEÑA,Public,Rural,DepED Managed,JHS with SHS
CARAGA,Dinagat Island,Albor,304810,San Jose National High School,"Purok 4, Sitio Malingin",LIBJO (ALBOR),Lone District,SAN JOSE,Public,Rural,DepED Managed,JHS with SHS
CARAGA,Dinagat Island,Albor,304839,Plaridel National High School,Logronio St.,LIBJO (ALBOR),Lone District,PLARIDEL,Public,Rural,DepED Managed,JHS with SHS
CARAGA,Dinagat Island,Albor,317801,Rosita National High School,Purok 4 Brgy. Rosita,LIBJO (ALBOR),Lone District,ROSITA,Public,Rural,DepED Managed,JHS with SHS
CARAGA,Dinagat Island,Albor,324401,Llamera National High School,LLAMERA,LIBJO (ALBOR),Lone District,LLAMERA,Public,Rural,DepED Managed,JHS with SHS
CARAGA,Dinagat Island,Cagdianao,132356,Boa Elementary School,"Boa, Cagdianao",CAGDIANAO,Lone District,BOA,Public,Partially Urban,DepED Managed,Purely ES
CARAGA,Dinagat Island,Cagdianao,132357,Borja Elementary School,2,CAGDIANAO,Lone District,MABINI (BORJA),Public,Partially Urban,DepED Managed,Purely ES
CARAGA,Dinagat Island,Cagdianao,132358,Cabiton-an Elementary School,Cabiton-an,CAGDIANAO,Lone District,LEGASPI,Public,Partially Urban,DepED Managed,Purely ES
CARAGA,Dinagat Island,Cagdianao,132359,Cabungaan Elementary School,"Purok #2, Brgy.Cabungaan",CAGDIANAO,Lone District,CABUNGA-AN,Public,Partially Urban,DepED Managed,Purely ES
CARAGA,Dinagat Island,Cagdianao,132360,Cagdianao Central Elementary School,D. Litang,CAGDIANAO,Lone District,POBLACION,Public,Partially Urban,DepED Managed,Purely ES
CARAGA,Dinagat Island,Cagdianao,132361,Del Pilar Elementary School,P1 Petallar street,CAGDIANAO,Lone District,DEL PILAR,Public,Partially Urban,DepED Managed,Purely ES
CARAGA,Dinagat Island,Cagdianao,132362,Lahi Elementary School,Purok 2,CAGDIANAO,Lone District,LAGUNA,Public,Partially Urban,DepED Managed,Purely ES
CARAGA,Dinagat Island,Cagdianao,132363,Legaspi Elementary School,PUROK 2,CAGDIANAO,Lone District,LEGASPI,Public,Partially Urban,DepED Managed,Purely ES
CARAGA,Dinagat Island,Cagdianao,132364,Longos Primary School,Sitio Lajagon,CAGDIANAO,Lone District,DEL PILAR,Public,Partially Urban,DepED Managed,Purely ES
CARAGA,Dinagat Island,Cagdianao,132365,Maatas Elementary School,-Purok 1,CAGDIANAO,Lone District,MA-ATAS,Public,Partially Urban,DepED Managed,Purely ES
CARAGA,Dinagat Island,Cagdianao,132366,Manoligao Primary School,Manoligao,CAGDIANAO,Lone District,DEL PILAR,Public,Partially Urban,DepED Managed,Purely ES
CARAGA,Dinagat Island,Cagdianao,132367,Nueva Estrella Elementary School,-Nueva Estrella,CAGDIANAO,Lone District,NUEVA ESTRELLA,Public,Partially Urban,DepED Managed,Purely ES
CARAGA,Dinagat Island,Cagdianao,132368,R.E. Ecleo Sr. Elementary School,-Barangay Road,CAGDIANAO,Lone District,"R. ECLEO, SR.",Public,Partially Urban,DepED Managed,Purely ES
CARAGA,Dinagat Island,Cagdianao,132369,San Jose Elementary School,"Longos St. San Jose, Cagdianao, Dinagat Islands",CAGDIANAO,Lone District,SAN JOSE,Public,Partially Urban,DepED Managed,Purely ES
CARAGA,Dinagat Island,Cagdianao,132370,Sta Rita Elementary School,-PUROK 1,CAGDIANAO,Lone District,SANTA RITA,Public,Partially Urban,DepED Managed,Purely ES
CARAGA,Dinagat Island,Cagdianao,132371,Sto Nino Elementary School,Sto. Nino,CAGDIANAO,Lone District,TIGBAO,Public,Partially Urban,DepED Managed,Purely ES
CARAGA,Dinagat Island,Cagdianao,132372,Tigbao Elementary School,Purok 3,CAGDIANAO,Lone District,TIGBAO,Public,Partially Urban,DepED Managed,Purely ES
CARAGA,Dinagat Island,Cagdianao,132374,Valencia Elementary School,-VALENCIA CAGDIANAO DINAGAT ISLANDS,CAGDIANAO,Lone District,VALENCIA,Public,Partially Urban,DepED Managed,Purely ES
CARAGA,Dinagat Island,Cagdianao,132375,Villa Alcaria Elementary School,P-4 Cabongbongan,CAGDIANAO,Lone District,POBLACION,Public,Partially Urban,DepED Managed,Purely ES
CARAGA,Dinagat Island,Cagdianao,304815,Cagdianao National High School,"P-4, Poblacion",CAGDIANAO,Lone District,POBLACION,Public,Partially Urban,DepED Managed,JHS with SHS
CARAGA,Dinagat Island,Cagdianao,304816,Del Pilar National High School,"Purok 5, Del Pilar",CAGDIANAO,Lone District,DEL PILAR,Public,Partially Urban,DepED Managed,JHS with SHS
CARAGA,Dinagat Island,Cagdianao,304840,R. E. Ecleo Sr. National High School,P-5,CAGDIANAO,Lone District,"R. ECLEO, SR.",Public,Partially Urban,DepED Managed,JHS with SHS
CARAGA,Dinagat Island,Cagdianao,317802,Valencia National High School,Brgy.Valencia,CAGDIANAO,Lone District,VALENCIA,Public,Partially Urban,DepED Managed,JHS with SHS
CARAGA,Dinagat Island,Dinagat,132391,A. Ecleo Elementary School,P3 Sitio Ecleo,DINAGAT,Lone District,WADAS,Public,Partially Urban,DepED Managed,Purely ES
CARAGA,Dinagat Island,Dinagat,132392,Bagumbayan Elementary School,Bagumbayan,DINAGAT,Lone District,BAGUMBAYAN,Public,Partially Urban,DepED Managed,Purely ES
CARAGA,Dinagat Island,Dinagat,132393,Cabayawan Elementary School,Cabayawan,DINAGAT,Lone District,CABAYAWAN,Public,Partially Urban,DepED Managed,Purely ES
CARAGA,Dinagat Island,Dinagat,132394,Cab-ilan Elementary School,"Cab-ilan, Dinagat, Dinagat Islands",DINAGAT,Lone District,CAB-ILAN,Public,Partially Urban,DepED Managed,Purely ES
CARAGA,Dinagat Island,Dinagat,132395,Cayetano Elementary School,"Cayetano, Dinagat, Dinagat Islands",DINAGAT,Lone District,CAYETANO,Public,Partially Urban,DepED Managed,Purely ES
CARAGA,Dinagat Island,Dinagat,132396,Dinagat Central Elementary School,WHITE BEACH,DINAGAT,Lone District,WHITE BEACH (POB.),Public,Partially Urban,DepED Managed,Purely ES
CARAGA,Dinagat Island,Dinagat,132397,Gomez Elementary School,"P-1 Gomes, Dinagat, Dinagat Islands",DINAGAT,Lone District,GOMEZ,Public,Partially Urban,DepED Managed,Purely ES
CARAGA,Dinagat Island,Dinagat,132398,Justiniana Elementary School,-Purok-1,DINAGAT,Lone District,JUSTINIANA EDERA,Public,Partially Urban,DepED Managed,Purely ES
CARAGA,Dinagat Island,Dinagat,132399,Magsaysay Elementary School,"Barangay Magsaysay,Dinagat,Dinagat Islands",DINAGAT,Lone District,MAGSAYSAY,Public,Partially Urban,DepED Managed,Purely ES
CARAGA,Dinagat Island,Dinagat,132400,New Mabuhay Elementary School,P2,DINAGAT,Lone District,NEW MABUHAY,Public,Partially Urban,DepED Managed,Purely ES
CARAGA,Dinagat Island,Dinagat,132401,Tagbuyakhao Elementary School,"P-2 TAGBUYAKHAO, BRGY GOMEZ",DINAGAT,Lone District,GOMEZ,Public,Partially Urban,DepED Managed,Purely ES
CARAGA,Dinagat Island,Dinagat,132402,Wadas Elementary School,"Wadas, Dinagat, Dinagat Islands",DINAGAT,Lone District,WADAS,Public,Partially Urban,DepED Managed,Purely ES
CARAGA,Dinagat Island,Dinagat,304822,Dinagat School of Fisheries,White Beach,DINAGAT,Lone District,WHITE BEACH (POB.),Public,Partially Urban,DepED Managed,JHS with SHS
CARAGA,Dinagat Island,Dinagat,304823,Cab-ilan National High School,"Purok 4, Brgy. Cab-ilan",DINAGAT,Lone District,CAB-ILAN,Public,Partially Urban,DepED Managed,Purely JHS
CARAGA,Dinagat Island,Dinagat,324406,Primitivo J. Ebol Memorial National High School,"Magsaysay, Dinagat, Dinagat Islands",DINAGAT,Lone District,MAGSAYSAY,Public,Partially Urban,DepED Managed,JHS with SHS
CARAGA,Dinagat Island,Loreto,132417,Acoje Elementary School,Sitio Omasdang,LORETO,Lone District,PANAMAON,Public,Partially Urban,DepED Managed,Purely ES
CARAGA,Dinagat Island,Loreto,132418,Busay Elementary School,Sitio Busay,LORETO,Lone District,CARMEN (POB.),Public,Partially Urban,DepED Managed,Purely ES
CARAGA,Dinagat Island,Loreto,132419,Cambinliw Elementary School,Sitio Cambinliw,LORETO,Lone District,SANTIAGO (POB.),Public,Partially Urban,DepED Managed,Purely ES
CARAGA,Dinagat Island,Loreto,132420,Dahican Elementary School,"P-2,Helene Loreto,Dinagat Islands",LORETO,Lone District,HELENE,Public,Partially Urban,DepED Managed,Purely ES
CARAGA,Dinagat Island,Loreto,132421,Esperanza Elementary School,ESPERANZA,LORETO,Lone District,ESPERANZA,Public,Partially Urban,DepED Managed,Purely ES
CARAGA,Dinagat Island,Loreto,132422,Ferdinand Elementary School,Purok 2,LORETO,Lone District,FERDINAND,Public,Partially Urban,DepED Managed,Purely ES
CARAGA,Dinagat Island,Loreto,132423,Liberty Elementary School,Rizal,LORETO,Lone District,LIBERTY,Public,Partially Urban,DepED Managed,Purely ES
CARAGA,Dinagat Island,Loreto,132424,Loreto Central Elementary School,"Rizal, Street, Carmen",LORETO,Lone District,SANTIAGO (POB.),Public,Partially Urban,DepED Managed,Purely ES
CARAGA,Dinagat Island,Loreto,132425,Magsaysay Elementary School,"-PUROK 3,MAGSAYSAY,LORETO,DINAGAT ISLANDS",LORETO,Lone District,MAGSAYSAY,Public,Partially Urban,DepED Managed,Purely ES
CARAGA,Dinagat Island,Loreto,132426,Panamaon Elementary School,"-P1 PANAMAON,LORETO,DINAGAT ISLANDS",LORETO,Lone District,PANAMAON,Public,Partially Urban,DepED Managed,Purely ES
CARAGA,Dinagat Island,Loreto,304827,Liberty National High School,"-Rizal St., Liberty",LORETO,Lone District,LIBERTY,Public,Partially Urban,DepED Managed,JHS with SHS
CARAGA,Dinagat Island,Loreto,304828,Loreto National high school,JP Rizal Street,LORETO,Lone District,SAN JUAN (POB.),Public,Partially Urban,DepED Managed,JHS with SHS
CARAGA,Dinagat Island,Loreto,324405,Panamaon National High School,-,LORETO,Lone District,PANAMAON,Public,Partially Urban,DepED Managed,Purely JHS
CARAGA,Dinagat Island,Loreto,340528,Loreto National High School,CARMEN,LORETO,Lone District,CARMEN (POB.),Public,Partially Urban,DepED Managed,Purely SHS
CARAGA,Dinagat Island,Loreto,400591,"Loreto Academy, Inc.",MABINI ST cor. NATIONAL H-WAY CARMEN,LORETO,Lone District,CARMEN (POB.),Private,Partially Urban,Non-Sectarian,JHS with SHS
CARAGA,Dinagat Island,Rizal,132485,Capasanan Elementary School,Purok-I Roma,BASILISA (RIZAL),Lone District,ROMA,Public,Partially Urban,DepED Managed,Purely ES
CARAGA,Dinagat Island,Rizal,132486,Catadman Elementary School,Purok 2,BASILISA (RIZAL),Lone District,CATADMAN,Public,Partially Urban,DepED Managed,Purely ES
CARAGA,Dinagat Island,Rizal,132487,Columbos Elementary School,"P2 Columbos, Basilisa",BASILISA (RIZAL),Lone District,COLUMBUS,Public,Partially Urban,DepED Managed,Purely ES
CARAGA,Dinagat Island,Rizal,132492,F. S. Matugas Elementary School,F.S. Matugas,BASILISA (RIZAL),Lone District,CORING,Public,Partially Urban,DepED Managed,Purely ES
CARAGA,Dinagat Island,Rizal,132494,Galanida Elementary School,YABYABAN,BASILISA (RIZAL),Lone District,TAG-ABACA,Public,Partially Urban,DepED Managed,Purely ES
CARAGA,Dinagat Island,Rizal,132497,Melgar Elementary School,Purok 3,BASILISA (RIZAL),Lone District,MELGAR,Public,Partially Urban,DepED Managed,Purely ES
CARAGA,Dinagat Island,Rizal,132498,Montag Elementary School,"Montag, Basilisa, Dinagat Islands",BASILISA (RIZAL),Lone District,MONTAG,Public,Partially Urban,DepED Managed,Purely ES
CARAGA,Dinagat Island,Rizal,132501,Omay-Edradan Elementary School,Sitio Anas,BASILISA (RIZAL),Lone District,CATADMAN,Public,Partially Urban,DepED Managed,Purely ES
CARAGA,Dinagat Island,Rizal,132502,Paniog Elementary School,P3 Cortes,BASILISA (RIZAL),Lone District,CORTES,Public,Partially Urban,DepED Managed,Purely ES
CARAGA,Dinagat Island,Rizal,132503,Puerto Princesa Elementary School,P-2,BASILISA (RIZAL),Lone District,PUERTO PRINCESA,Public,Partially Urban,DepED Managed,Purely ES
CARAGA,Dinagat Island,Rizal,132505,Rizal Central Elementary School,Purok 2 Mauswagon Street,BASILISA (RIZAL),Lone District,TAG-ABACA,Public,Partially Urban,DepED Managed,Purely ES
CARAGA,Dinagat Island,Rizal,132506,Roxas Elementary School,"Roxas,Basilisa,Dinagat Islands",BASILISA (RIZAL),Lone District,ROXAS,Public,Partially Urban,DepED Managed,Purely ES
CARAGA,Dinagat Island,Rizal,132507,Sering Elementary School,PUROK 4,BASILISA (RIZAL),Lone District,SERING,Public,Partially Urban,DepED Managed,Purely ES
CARAGA,Dinagat Island,Rizal,304836,Melgar National High School,Purok 4,BASILISA (RIZAL),Lone District,MELGAR,Public,Partially Urban,DepED Managed,JHS with SHS
CARAGA,Dinagat Island,Rizal,304841,Rizal National High School,-,BASILISA (RIZAL),Lone District,IMEE (BACTASAN),Public,Partially Urban,DepED Managed,JHS with SHS
CARAGA,Dinagat Island,Rizal,304842,Puerto Princesa National High School,-,BASILISA (RIZAL),Lone District,PUERTO PRINCESA,Public,Partially Urban,DepED Managed,JHS with SHS
CARAGA,Dinagat Island,Rizal,304844,Sering National High School,-Purok 5,BASILISA (RIZAL),Lone District,SERING,Public,Partially Urban,DepED Managed,JHS with SHS
CARAGA,Dinagat Island,Rizal,304851,Tag-abaca National High School,Tag-abaca,BASILISA (RIZAL),Lone District,TAG-ABACA,Public,Partially Urban,DepED Managed,JHS with SHS
CARAGA,Dinagat Island,Rizal,304852,Rita-Glenda National High School,"P-5 Roxas, Ritaglenda",BASILISA (RIZAL),Lone District,RITA GLENDA,Public,Partially Urban,DepED Managed,JHS with SHS
CARAGA,Dinagat Island,Rizal,305745,Roma National High School,"Brgy. Roma, Basilisa, Dinagat Islands",BASILISA (RIZAL),Lone District,ROMA,Public,Partially Urban,DepED Managed,Purely JHS
CARAGA,Dinagat Island,Rizal,324403,Edera National High School,Brgy. Edera,BASILISA (RIZAL),Lone District,EDERA,Public,Partially Urban,DepED Managed,JHS with SHS
CARAGA,Dinagat Island,Rizal,324404,New Nazareth National High School,Brgy. New Nazareth,BASILISA (RIZAL),Lone District,NEW NAZARETH,Public,Partially Urban,DepED Managed,JHS with SHS
CARAGA,Dinagat Island,San Jose,132513,Aurelio Elementary School,DM Avenue,SAN JOSE (Capital),Lone District,AURELIO,Public,Partially Urban,DepED Managed,Purely ES
CARAGA,Dinagat Island,San Jose,132514,Borres-Omega Elementary School,"Mahangin,Wilson,San Jose,Dinagat islands",SAN JOSE (Capital),Lone District,WILSON,Public,Partially Urban,DepED Managed,Purely ES
CARAGA,Dinagat Island,San Jose,132515,Cuarenta Elementary School,"PUROK 2, CUARINTA, SAN JOSE, DINAGAT ISLANDS",SAN JOSE (Capital),Lone District,CUARINTA,Public,Partially Urban,DepED Managed,Purely ES
CARAGA,Dinagat Island,San Jose,132516,Don Ruben Elementary School,"Kong Street, P-4, Don Ruben",SAN JOSE (Capital),Lone District,DON RUBEN ECLEO (BALTAZAR),Public,Partially Urban,DepED Managed,Purely ES
CARAGA,Dinagat Island,San Jose,132517,Jacquez Primary School,Purok-3,SAN JOSE (Capital),Lone District,JACQUEZ,Public,Partially Urban,DepED Managed,Purely ES
CARAGA,Dinagat Island,San Jose,132518,Justiniana Edera Elementary School,"Brgy. Justiniana Edera, san Jose, Dinagat Islands",SAN JOSE (Capital),Lone District,JUSTINIANA EDERA,Public,Partially Urban,DepED Managed,Purely ES
CARAGA,Dinagat Island,San Jose,132519,Luna Elementary School,Purok4,SAN JOSE (Capital),Lone District,LUNA,Public,Partially Urban,DepED Managed,Purely ES
CARAGA,Dinagat Island,San Jose,132520,Mahayahay Elementary School,P-5 MAHAYAHAY,SAN JOSE (Capital),Lone District,MAHAYAHAY,Public,Partially Urban,DepED Managed,Purely ES
CARAGA,Dinagat Island,San Jose,132521,Matingbe Elementary School,Purok 5,SAN JOSE (Capital),Lone District,MATINGBE,Public,Partially Urban,DepED Managed,Purely ES
CARAGA,Dinagat Island,San Jose,132522,San Jose CES-SPED Center,"P-2 Poblacion, San Jose, Dinagat Islands",SAN JOSE (Capital),Lone District,SAN JOSE (POB.),Public,Partially Urban,DepED Managed,Purely ES
CARAGA,Dinagat Island,San Jose,132523,San Juan Elementary School,P1,SAN JOSE (Capital),Lone District,SAN JUAN,Public,Partially Urban,DepED Managed,Purely ES
CARAGA,Dinagat Island,San Jose,132524,Sta Cruz Elementary School,P1,SAN JOSE (Capital),Lone District,SANTA CRUZ,Public,Partially Urban,DepED Managed,Purely ES
CARAGA,Dinagat Island,San Jose,132525,Wilson Elementary School,P2,SAN JOSE (Capital),Lone District,WILSON,Public,Partially Urban,DepED Managed,Purely ES
CARAGA,Dinagat Island,San Jose,304824,Don Ruben E. Ecleo Sr. MNHS,"Purok 5, Don Ruben",SAN JOSE (Capital),Lone District,DON RUBEN ECLEO (BALTAZAR),Public,Partially Urban,DepED Managed,JHS with SHS
CARAGA,Dinagat Island,San Jose,304825,Cuarenta National High School,"Cuarenta, San Jose, Dinagat Islands",SAN JOSE (Capital),Lone District,CUARINTA,Public,Partially Urban,DepED Managed,JHS with SHS
CARAGA,Dinagat Island,San Jose,324402,Jade B. Ecleo- Aurelio National High School,P-5 Aurelio,SAN JOSE (Capital),Lone District,SAN JOSE (POB.),Public,Partially Urban,DepED Managed,JHS with SHS
CARAGA,Dinagat Island,San Jose,400000,"REESFI EDUCATION CENTER, INC.","D.M. AVENUE, GARCIA, AURELIO, SAN JOSE, DINAGAT ISLANDS",SAN JOSE (Capital),Lone District,AURELIO,Private,Partially Urban,Non-Sectarian,Purely ES
CARAGA,Dinagat Island,San Jose,400834,Don Jose Ecleo MFCST,P-5 Justiniana Edera,SAN JOSE (Capital),Lone District,JUSTINIANA EDERA,Private,Partially Urban,Non-Sectarian,All Offering (K to 12)
CARAGA,Dinagat Island,Tubajon,132551,Babangnan Elementary School,Babangnan,TUBAJON,Lone District,IMELDA,Public,Partially Urban,DepED Managed,Purely ES
CARAGA,Dinagat Island,Tubajon,132552,Imelda Elementary School,"P2, Imelda,",TUBAJON,Lone District,IMELDA,Public,Partially Urban,DepED Managed,Purely ES
CARAGA,Dinagat Island,Tubajon,132553,Mabini Elementary School,-F Luib St.,TUBAJON,Lone District,MABINI,Public,Partially Urban,DepED Managed,Purely ES
CARAGA,Dinagat Island,Tubajon,132554,Malinao Elementary School,Macapagal,TUBAJON,Lone District,MALINAO,Public,Partially Urban,DepED Managed,Purely ES
CARAGA,Dinagat Island,Tubajon,132555,Mauro Diaz Elementary School,Longos,TUBAJON,Lone District,DIAZ (ROMUALDEZ),Public,Partially Urban,DepED Managed,Purely ES
CARAGA,Dinagat Island,Tubajon,132556,Navarro Elementary School,"Purok I Navarro. Tubajon, Dinagat Islands",TUBAJON,Lone District,NAVARRO,Public,Partially Urban,DepED Managed,Purely ES
CARAGA,Dinagat Island,Tubajon,132557,Roxas Elementary School,"BRGY. ROXAS, TUBAJON",TUBAJON,Lone District,ROXAS,Public,Partially Urban,DepED Managed,Purely ES
CARAGA,Dinagat Island,Tubajon,132558,Sta Cruz Elementary School,AGUINALDO,TUBAJON,Lone District,SANTA CRUZ (POB.),Public,Partially Urban,DepED Managed,Purely ES
CARAGA,Dinagat Island,Tubajon,132559,Tubajon Central Elementary School,-J SAYSON STREET,TUBAJON,Lone District,SAN VICENTE (POB.),Public,Partially Urban,DepED Managed,Purely ES
CARAGA,Dinagat Island,Tubajon,304854,Tubajon National High School,"Magsaysay Boulevard, San Vicente, Tubajon",TUBAJON,Lone District,SAN VICENTE (POB.),Public,Partially Urban,DepED Managed,JHS with SHS
CARAGA,Dinagat Island,Tubajon,317805,Trinidad Mapa-Gupana NHS,"Carac-an, Mabini, Tubajon Dinagat Islands",TUBAJON,Lone District,MABINI,Public,Partially Urban,DepED Managed,JHS with SHS
CARAGA,Dinagat Island,Tubajon,324407,Malinao National High School,Purok 3,TUBAJON,Lone District,MALINAO,Public,Partially Urban,DepED Managed,JHS with SHS
CARAGA,Dinagat Island,Rizal II,132488,De La Concepcion Elementary School,VILLA PANTINOPLE,BASILISA (RIZAL),Lone District,VILLA PANTINOPLE,Public,Partially Urban,DepED Managed,Purely ES
CARAGA,Dinagat Island,Rizal II,132489,Diegas Elementary School,P-2,BASILISA (RIZAL),Lone District,DIEGAS,Public,Partially Urban,DepED Managed,Purely ES
CARAGA,Dinagat Island,Rizal II,132490,Dona Helen Elementary School,"Purok 2, Doña Helene",BASILISA (RIZAL),Lone District,DOÑA HELENE,Public,Partially Urban,DepED Managed,Purely ES
CARAGA,Dinagat Island,Rizal II,132491,Edera Elementary School,P-1-Edera,BASILISA (RIZAL),Lone District,EDERA,Public,Partially Urban,DepED Managed,Purely ES
CARAGA,Dinagat Island,Rizal II,132493,Ferdinand Elementary School,"P5 Ferdinand, Basilisa, Dinagat Islands",BASILISA (RIZAL),Lone District,FERDINAND,Public,Partially Urban,DepED Managed,Purely ES
CARAGA,Dinagat Island,Rizal II,132495,Geotina Elementary School,Purok 4,BASILISA (RIZAL),Lone District,GEOTINA,Public,Partially Urban,DepED Managed,Purely ES
CARAGA,Dinagat Island,Rizal II,132496,Jariol Elementary School,-P-I Sta.Monica,BASILISA (RIZAL),Lone District,SANTA MONICA,Public,Partially Urban,DepED Managed,Purely ES
CARAGA,Dinagat Island,Rizal II,132499,Navarro Elementary School,-,BASILISA (RIZAL),Lone District,NAVARRO,Public,Partially Urban,DepED Managed,Purely ES
CARAGA,Dinagat Island,Rizal II,132500,New Nazareth Elementary School,Brgy. New Nazareth,BASILISA (RIZAL),Lone District,NEW NAZARETH,Public,Partially Urban,DepED Managed,Purely ES
CARAGA,Dinagat Island,Rizal II,132504,Ritaglenda Elementary School,"P-4,Bonifacio, Ritaglenda Basilisa, Dinagat Islands",BASILISA (RIZAL),Lone District,RITA GLENDA,Public,Partially Urban,DepED Managed,Purely ES
CARAGA,Dinagat Island,Rizal II,132508,Sombrado Elementary School,-,BASILISA (RIZAL),Lone District,SOMBRADO,Public,Partially Urban,DepED Managed,Purely ES
CARAGA,Dinagat Island,Rizal II,132509,Sto. Nino Elementary School,"P-1, Sto Nino, Basilisa, Dinagat Islands",BASILISA (RIZAL),Lone District,SANTO NIÑO,Public,Partially Urban,DepED Managed,Purely ES
CARAGA,Dinagat Island,Rizal II,132510,Tag-abaca Central Elementary School,R.Ecleo St. corner Tubo St.,BASILISA (RIZAL),Lone District,TAG-ABACA,Public,Partially Urban,DepED Managed,Purely ES
CARAGA,Dinagat Island,Rizal II,132511,Taliman Elementary School,"-Benglen, Basilisa, Dinagat Islands",BASILISA (RIZAL),Lone District,BENGLEN,Public,Partially Urban,DepED Managed,Purely ES
CARAGA,Dinagat Island,Rizal II,132512,Villa Ecleo Elementary School,PUROK-1 VILLA ECLEO BASILISA DINAGAT ISLANDS,BASILISA (RIZAL),Lone District,VILLA ECLEO,Public,Partially Urban,DepED Managed,Purely ES
CARAGA,Dinagat Island,Rizal II,305482,DOÑA HELENE NATIONAL HIGH SCHOOL,"Doña Helene, Basilisa, Dinagat Islands",BASILISA (RIZAL),Lone District,DOÑA HELENE,Public,Partially Urban,DepED Managed,JHS with SHS
CARAGA,Bayugan City,Bayugan East,131595,Bucac ES,"P-3 BUCAC,BAYUGAN CITY",CITY OF BAYUGAN,1st District,BUCAC,Public,Partially Urban,DepED Managed,Purely ES
CARAGA,Bayugan City,Bayugan East,131596,East Bayugan CES,"P-8, Taglatawan. Bayugan City",CITY OF BAYUGAN,1st District,TAGLATAWAN,Public,Partially Urban,DepED Managed,Purely ES
CARAGA,Bayugan City,Bayugan East,131597,FILI ELEMENTARY SCHOOL,"National Highway, Purok 1, Fili, Bayugan City, ADS",CITY OF BAYUGAN,1st District,FILI,Public,Partially Urban,DepED Managed,Purely ES
CARAGA,Bayugan City,Bayugan East,131599,Hamogaway ES,"National Highway, Hamogaway, Bayugan City",CITY OF BAYUGAN,1st District,HAMOGAWAY,Public,Partially Urban,DepED Managed,Purely ES
CARAGA,Bayugan City,Bayugan East,131608,Osmena Sr. ES,"P-4, OSMENA SR. BAYUGAN CITY",CITY OF BAYUGAN,1st District,OSMEÑA,Public,Partially Urban,DepED Managed,Purely ES
CARAGA,Bayugan City,Bayugan East,131609,Panaytay ES,"Panaytay, Bayugan City",CITY OF BAYUGAN,1st District,PANAYTAY,Public,Partially Urban,DepED Managed,Purely ES
CARAGA,Bayugan City,Bayugan East,131610,Pinagala-an ES,"P-5,Pinagalaan ,Bayugan City",CITY OF BAYUGAN,1st District,PINAGALAAN,Public,Partially Urban,DepED Managed,Purely ES
CARAGA,Bayugan City,Bayugan East,131612,Sinadyap ES,"P-5, sta. teresita ,bayugan city",CITY OF BAYUGAN,1st District,SANTA TERESITA,Public,Partially Urban,DepED Managed,Purely ES
CARAGA,Bayugan City,Bayugan East,304724,Mt. Olive National High School,"P10, Mt. Olive, Bayugan City",CITY OF BAYUGAN,1st District,MT. OLIVE,Public,Partially Urban,DepED Managed,JHS with SHS
CARAGA,Bayugan City,Bayugan East,304735,SAN JUAN NATIONAL HIGH SCHOOL,"Purok 1-A, San Juan, Bayugan City, Agusan del Sur",CITY OF BAYUGAN,1st District,SAN JUAN,Public,Partially Urban,DepED Managed,JHS with SHS
CARAGA,Bayugan City,Bayugan East,317420,Magkiangkang National High School,"Magkiangkang, Bayugan City",CITY OF BAYUGAN,1st District,MAGKIANGKANG,Public,Partially Urban,DepED Managed,Purely JHS
CARAGA,Bayugan City,Bayugan East,340297,STAND ALONE SHS,"National Highway, Fili, Bayugan City, ADS",CITY OF BAYUGAN,Lone District,FILI,Public,Partially Urban,DepED Managed,Purely SHS
CARAGA,Bayugan City,Bayugan East,405824,"Informatic Technological College of Bayugan City, Inc.","Libres Street, Bayugan City, Agusan del Sur",CITY OF BAYUGAN,Lone District,TAGLATAWAN,Private,Partially Urban,Sectarian,Purely SHS
CARAGA,Bayugan City,Bayugan East,405921,Agusan del Sur College,Purok 24 Narra Avenue,CITY OF BAYUGAN,Lone District,POBLACION,Private,Partially Urban,Sectarian,All Offering (K to 12)
CARAGA,Bayugan City,Bayugan East,405922,Bayugan SDA Elementary School,"P-1B Buri St. Taglatawan, Bayugan City",CITY OF BAYUGAN,Lone District,TAGLATAWAN,Private,Partially Urban,Sectarian,Purely ES
CARAGA,Bayugan City,Bayugan East,405923,"Father Saturnino Urios College of Bayugan (Poblacion, Bayugan)",Lawaan Street,CITY OF BAYUGAN,Lone District,POBLACION,Private,Partially Urban,Sectarian,All Offering (K to 12)
CARAGA,Bayugan City,Bayugan East,405924,Forest Hills Academy,Purok-3,CITY OF BAYUGAN,Lone District,MAGKIANGKANG,Private,Partially Urban,Non-Sectarian,All Offering (K to 12)
CARAGA,Bayugan City,Bayugan East,405927,Mount Olive Laymen's Academy,"Purok4, Mt. Olive, Bayugan City",CITY OF BAYUGAN,Lone District,MT. OLIVE,Private,Partially Urban,Non-Sectarian,JHS with SHS
CARAGA,Bayugan City,Bayugan East,405928,New Galilee SDA Elementary School,"purok 2 New Galilee, Villa Undayon, Bayugan City, Agusan del Sur",CITY OF BAYUGAN,Lone District,VILLA UNDAYON,Private,Partially Urban,Sectarian,Purely ES
CARAGA,Bayugan City,Bayugan East,405929,New Moriah Adventist Elementary School,"moriah, berseba, Bayugan city",CITY OF BAYUGAN,Lone District,BERSEBA,Private,Partially Urban,Non-Sectarian,Purely ES
CARAGA,Bayugan City,Bayugan East,405930,New Mount Olive View SDA Elem. School,"Purok 3, Mt. Olive, Bayugan City, Agusan Sur",CITY OF BAYUGAN,Lone District,MT. OLIVE,Private,Partially Urban,Non-Sectarian,Purely ES
CARAGA,Bayugan City,Bayugan East,472002,"Little Steps Learning Center, Inc.","252 Atis Street, Poblacion, Bayugan City, Agusan del Sur",CITY OF BAYUGAN,Lone District,POBLACION,Private,Partially Urban,Non-Sectarian,Purely ES
CARAGA,Bayugan City,Bayugan Central,131598,Gethsemane ES,"Gethsemane, Bayugan City, Agusan del Sur",CITY OF BAYUGAN,1st District,GETSEMANE,Public,Partially Urban,DepED Managed,Purely ES
CARAGA,Bayugan City,Bayugan Central,131601,Kiawan ES,"Purok 6, Barangay Taglatawan",CITY OF BAYUGAN,1st District,TAGLATAWAN,Public,Partially Urban,DepED Managed,Purely ES
CARAGA,Bayugan City,Bayugan Central,131603,Magkiangkang Elementary School,"Purok 11, Magkiangkang, Bayugan City",CITY OF BAYUGAN,1st District,MAGKIANGKANG,Public,Partially Urban,DepED Managed,Purely ES
CARAGA,Bayugan City,Bayugan Central,131604,Mt Carmel ES,MT. CARMEL ELEMENTARY SCHOOL,CITY OF BAYUGAN,1st District,MT. CARMEL,Public,Partially Urban,DepED Managed,Purely ES
CARAGA,Bayugan City,Bayugan Central,131605,Mt. Olive ES,"Purok 10 Mt. Olive, Bayugan City",CITY OF BAYUGAN,1st District,MT. OLIVE,Public,Partially Urban,DepED Managed,Purely ES
CARAGA,Bayugan City,Bayugan Central,131607,New Salem ES,"Purok 3, New Salem, Bayugan City",CITY OF BAYUGAN,1st District,NEW SALEM,Public,Partially Urban,DepED Managed,Purely ES
CARAGA,Bayugan City,Bayugan Central,131613,Villa Ondayon ES,"Villa Ondayon, Bayugan City",CITY OF BAYUGAN,1st District,VILLA UNDAYON,Public,Partially Urban,DepED Managed,Purely ES
CARAGA,Bayugan City,Bayugan Central,131614,Wilderness Elementary School,"Purok 7 WILDERNESS, MT. CARMEL,BAYUGAN CITY",CITY OF BAYUGAN,1st District,MT. CARMEL,Public,Partially Urban,DepED Managed,Purely ES
CARAGA,Bayugan City,Bayugan Central,131615,Agusan del Sur Pilot Laboratory School,"Narra Avenue, Poblacion, Bayugan City, Agusan del Sur",CITY OF BAYUGAN,1st District,POBLACION,Public,Partially Urban,DepED Managed,Purely ES
CARAGA,Bayugan City,Bayugan Central,131616,Bayugan Central Elem. School SPED Center,Pomelo,CITY OF BAYUGAN,1st District,POBLACION,Public,Partially Urban,DepED Managed,Purely ES
CARAGA,Bayugan City,Bayugan Central,212021,Grace Estate Elementary School,"P-5, Grace Estate, Bayugan City",CITY OF BAYUGAN,1st District,GRACE ESTATE,Public,Partially Urban,DepED Managed,Purely ES
CARAGA,Bayugan City,Bayugan Central,281501,Dalikan Elementary School,"Purok 11, Sitio Dalikanan, Brgy. Mt. Carmel, Bayugan City",CITY OF BAYUGAN,1st District,MT. CARMEL,Public,Partially Urban,DepED Managed,Purely ES
CARAGA,Bayugan City,Bayugan Central,304707,Bayugan NCHS,"Narra Avenue, Poblacion",CITY OF BAYUGAN,1st District,POBLACION,Public,Partially Urban,DepED Managed,JHS with SHS
CARAGA,Bayugan City,Bayugan Central,304725,Mt. Carmel NHS,"Purok 4, Mt. Carmel, Bayugan City, Agusan del Sur",CITY OF BAYUGAN,1st District,MT. CARMEL,Public,Partially Urban,DepED Managed,JHS with SHS
CARAGA,Bayugan City,Bayugan Central,408953,Sacred Heart School of Butuan City Inc. - Indigenous Community of Tagpalico Branch,"P-10, Tagpalico, Sto. Niño, Bayugan City",CITY OF BAYUGAN,1st District,SANTO NINO,Private,Partially Urban,Sectarian,Purely ES
CARAGA,Bayugan City,Bayugan Central,472023,OLGINA KINDERGARTEN SCHOOL,"374 Bayuco St. Bayugan City,Agusan Del Sur",CITY OF BAYUGAN,1st District,POBLACION,Private,Partially Urban,Non-Sectarian,Purely ES
CARAGA,Bayugan City,Bayugan Central,472025,BAYUGAN UNITED CHRISTIAN SCHOOL,"VALBUECO STREET POBLACION, BAYUGAN AGUSAN DEL SUR",CITY OF BAYUGAN,1st District,POBLACION,Private,Partially Urban,Non-Sectarian,Purely ES
CARAGA,Bayugan City,Bayugan West,131619,Calaitan ES,"Talisay St., Calaitan, Bayugan City",CITY OF BAYUGAN,1st District,CALAITAN,Public,Partially Urban,DepED Managed,Purely ES
CARAGA,Bayugan City,Bayugan West,131622,New Bohol Elementary School,"P-8, Calaitan, Bayugan City",CITY OF BAYUGAN,1st District,CALAITAN,Public,Partially Urban,DepED Managed,Purely ES
CARAGA,Bayugan City,Bayugan West,131625,Sta. Irene ES,"Purok 1, Sta. Irene, Bayugan City",CITY OF BAYUGAN,1st District,SANTA IRENE,Public,Partially Urban,DepED Managed,Purely ES
CARAGA,Bayugan City,Bayugan West,131626,Bayugan West CES,"Purok 23, Barangay Poblacion",CITY OF BAYUGAN,1st District,POBLACION,Public,Partially Urban,DepED Managed,Purely ES
CARAGA,Bayugan City,Bayugan West,131632,Maygatasan Elementary School,"MAYGATASAN, BAYUGAN CITY",CITY OF BAYUGAN,1st District,MAYGATASAN,Public,Partially Urban,DepED Managed,Purely ES
CARAGA,Bayugan City,Bayugan West,131633,Montevista ES,"P-3, Montevista,Bayugan City",CITY OF BAYUGAN,1st District,MONTIVESTA,Public,Partially Urban,DepED Managed,Purely ES
CARAGA,Bayugan City,Bayugan West,131638,Sagmone ES,"P-1, Sagmone, Bayugan City",CITY OF BAYUGAN,1st District,SAGMONE,Public,Partially Urban,DepED Managed,Purely ES
CARAGA,Bayugan City,Bayugan West,131639,San Agustin ES,Purok 4,CITY OF BAYUGAN,1st District,SAN AGUSTIN,Public,Partially Urban,DepED Managed,Purely ES
CARAGA,Bayugan City,Bayugan West,131643,Taglibas ES,"Purok 1, Taglibas, Bayugan City",CITY OF BAYUGAN,1st District,TAGLIBAS,Public,Partially Urban,DepED Managed,Purely ES
CARAGA,Bayugan City,Bayugan West,131645,Verdu ES,"Purok 1, Verdu",CITY OF BAYUGAN,1st District,VERDU,Public,Partially Urban,DepED Managed,Purely ES
CARAGA,Bayugan City,Bayugan West,137000,Legaspi Elementary School,"Purok 6, Sitio Hermon, Mt. Ararat, Bayugan City",CITY OF BAYUGAN,2nd District,MT. ARARAT,Public,Partially Urban,DepED Managed,Purely ES
CARAGA,Bayugan City,Bayugan West,304729,Calaitan NHS,"Purok 1 TALISAY, Calaitan, Bayugan City",CITY OF BAYUGAN,1st District,CALAITAN,Public,Partially Urban,DepED Managed,JHS with SHS
CARAGA,Bayugan City,Bayugan West,305765,San Agustin National High School,"Brgy. San Agustin, Agusan del Sur",CITY OF BAYUGAN,1st District,SAN AGUSTIN,Public,Partially Urban,DepED Managed,Purely JHS
CARAGA,Bayugan City,Bayugan West,305766,Victoriana Peling Tagbe National High School,"Brgy. Sto. Niño, Bayugan City",CITY OF BAYUGAN,2nd District,SANTO NINO,Public,Partially Urban,DepED Managed,Purely JHS
CARAGA,Bayugan City,Bayugan West,472024,PROPHET ELISHA CHRISTIAN ACADEMY OF BAYUGAN INC.,"Narra Avenue, Poblacion, Bayugan City, Agusan del Sur",CITY OF BAYUGAN,1st District,POBLACION,Private,Partially Urban,Non-Sectarian,Purely ES
CARAGA,Bayugan City,Bayugan West,472026,BAYUGAN ADVENTIST LEARNING CENTER,"Narra Avenue, Poblacion, Bayugan City, Agusan Del Sur",CITY OF BAYUGAN,1st District,POBLACION,Private,Partially Urban,Non-Sectarian,Purely ES
CARAGA,Bayugan City,Bayugan North,131627,Berseba ES,"Purok-1, Berseba, Bayugan City",CITY OF BAYUGAN,1st District,BERSEBA,Public,Partially Urban,DepED Managed,Purely ES
CARAGA,Bayugan City,Bayugan North,131628,Canayugan ES,"Purok-3, Canayugan, Bayugan City",CITY OF BAYUGAN,1st District,CANAYUGAN,Public,Partially Urban,DepED Managed,Purely ES
CARAGA,Bayugan City,Bayugan North,131629,Claro Cortes ES,"Claro Cortez, Bayugan City",CITY OF BAYUGAN,1st District,CLARO CORTEZ,Public,Partially Urban,DepED Managed,Purely ES
CARAGA,Bayugan City,Bayugan North,131630,Mabuhay ES,"Purok-4, Mabuhay, Bayugan City",CITY OF BAYUGAN,1st District,MABUHAY,Public,Partially Urban,DepED Managed,Purely ES
CARAGA,Bayugan City,Bayugan North,131631,Mahayag ES,"Purok 1, Mahayag, Bayugan City",CITY OF BAYUGAN,1st District,MAHAYAG,Public,Partially Urban,DepED Managed,Purely ES
CARAGA,Bayugan City,Bayugan North,131634,Mt. Ararat ES,Purok 2,CITY OF BAYUGAN,1st District,MT. ARARAT,Public,Partially Urban,DepED Managed,Purely ES
CARAGA,Bayugan City,Bayugan North,131635,Mt. Bulawan ES,"P-10, San Juan, Bayugan City, Agusan del Sur",CITY OF BAYUGAN,1st District,SAN JUAN,Public,Partially Urban,DepED Managed,Purely ES
CARAGA,Bayugan City,Bayugan North,131636,New Leyte ES,"P7 NEW LEYTE, STO. NINO, Bayugan City",CITY OF BAYUGAN,1st District,SANTO NINO,Public,Partially Urban,DepED Managed,Purely ES
CARAGA,Bayugan City,Bayugan North,131637,Noli CES,"Purok 1, Noli, Bayugan City",CITY OF BAYUGAN,1st District,NOLI,Public,Partially Urban,DepED Managed,Purely ES
CARAGA,Bayugan City,Bayugan North,131640,San Juan ES,"P-1, San Juan, Bayugan City",CITY OF BAYUGAN,1st District,SAN JUAN,Public,Partially Urban,DepED Managed,Purely ES
CARAGA,Bayugan City,Bayugan North,131641,San Lorenzo ES,"P-6, San Lorenzo, Sto. Nino, Bayugan City",CITY OF BAYUGAN,1st District,SANTO NINO,Public,Partially Urban,DepED Managed,Purely ES
CARAGA,Bayugan City,Bayugan North,131642,Sto Nino ES,Purok 1,CITY OF BAYUGAN,1st District,SANTO NINO,Public,Partially Urban,DepED Managed,Purely ES
CARAGA,Bayugan City,Bayugan North,131644,Tagubay ES,"Purok-3, Tagubay, Bayugan City",CITY OF BAYUGAN,1st District,TAGUBAY,Public,Partially Urban,DepED Managed,Purely ES
CARAGA,Bayugan City,Bayugan North,131646,Wawa Elementary School,"Purok 1, Wawa, Bayugan City",CITY OF BAYUGAN,1st District,WAWA,Public,Partially Urban,DepED Managed,Purely ES
CARAGA,Bayugan City,Bayugan North,212003,New Katipunan ES,"Purok 11, San Juan, Bayugan City",CITY OF BAYUGAN,1st District,SAN JUAN,Public,Partially Urban,DepED Managed,Purely ES
CARAGA,Bayugan City,Bayugan North,212012,Datu Hugmakan ES,Purok-9,CITY OF BAYUGAN,1st District,SAN JUAN,Public,Partially Urban,DepED Managed,Purely ES
CARAGA,Bayugan City,Bayugan North,304728,Noli National High School,"Purok 3, Brgy. Noli, Bayugan City, Agusan del Sur",CITY OF BAYUGAN,1st District,NOLI,Public,Partially Urban,DepED Managed,JHS with SHS
CARAGA,Bayugan City,Bayugan North,317417,Berseba Natonal High School,"Purok 1, Berseba, Bayugan City, Agusan del Sur",CITY OF BAYUGAN,1st District,BERSEBA,Public,Partially Urban,DepED Managed,Purely JHS
CARAGA,Bayugan City,Bayugan North,472011,ST. ANNE PROGRESSIVE SCHOOL INC.,P-2A GAISANO STREET,CITY OF BAYUGAN,1st District,TAGLATAWAN,Private,Partially Urban,Non-Sectarian,Purely ES
CARAGA,Bayugan City,Bayugan South,131600,Katipunan Elementary School,"Purok 1, Katipunan, Bayugan City",CITY OF BAYUGAN,1st District,KATIPUNAN,Public,Partially Urban,DepED Managed,Purely ES
CARAGA,Bayugan City,Bayugan South,131602,Lapana Elementary School,"Purok 1, Marcelina, Bayugan City",CITY OF BAYUGAN,1st District,MARCELINA,Public,Partially Urban,DepED Managed,Purely ES
CARAGA,Bayugan City,Bayugan South,131606,New Demar ES,"PUROK NEW DEMAR, MARCELINA, Bayugan City",CITY OF BAYUGAN,1st District,MARCELINA,Public,Partially Urban,DepED Managed,Purely ES
CARAGA,Bayugan City,Bayugan South,131611,San Isidro Elementary School,"P-2, San Isidro, Bayugan City",CITY OF BAYUGAN,1st District,SAN ISIDRO,Public,Partially Urban,DepED Managed,Purely ES
CARAGA,Bayugan City,Bayugan South,131617,Bitoon Elementary School,"Sitio Bingay, Salvacion, Bayugan City, Agusan del Sur",CITY OF BAYUGAN,1st District,SALVACION,Public,Partially Urban,DepED Managed,Purely ES
CARAGA,Bayugan City,Bayugan South,131618,Cagbas Elementary School,"P-2,Cagbas,Bayugan City, Agusan del Sur",CITY OF BAYUGAN,1st District,CAGBAS,Public,Partially Urban,DepED Managed,Purely ES
CARAGA,Bayugan City,Bayugan South,131620,Charito Elementary School,"Purok-1, Charito, Bayugan City",CITY OF BAYUGAN,1st District,CHARITO,Public,Partially Urban,DepED Managed,Purely ES
CARAGA,Bayugan City,Bayugan South,131621,Gamao ES,"P-1, Gamao, Bayugan City",CITY OF BAYUGAN,1st District,GAMAO,Public,Partially Urban,DepED Managed,Purely ES
CARAGA,Bayugan City,Bayugan South,131623,Saguma ES,"CENTRO SAGUMA, BAYUGAN CITY",CITY OF BAYUGAN,1st District,SAGUMA,Public,Partially Urban,DepED Managed,Purely ES
CARAGA,Bayugan City,Bayugan South,131624,Salvacion Central Elementary School,"P-5, Salvacion, Bayugan City",CITY OF BAYUGAN,1st District,SALVACION,Public,Partially Urban,DepED Managed,Purely ES
CARAGA,Bayugan City,Bayugan South,304723,Marcelina NHS,"P-9 Marcelina, Bayugan City",CITY OF BAYUGAN,1st District,MARCELINA,Public,Partially Urban,DepED Managed,JHS with SHS
CARAGA,Bayugan City,Bayugan South,304732,Salvacion National High School,"Purok 5, Salvacion, Bayugan City, Agusan del Sur",CITY OF BAYUGAN,1st District,SALVACION,Public,Partially Urban,DepED Managed,JHS with SHS
CARAGA,Cabadbaran City,North Cabadbaran,131516,Caasinan ES,"Purok 2, Caasinan",CITY OF CABADBARAN,2nd District,CAASINAN,Public,Partially Urban,DepED Managed,Purely ES
CARAGA,Cabadbaran City,North Cabadbaran,131519,Concepcion Elementary School,"Purok 1, Brgy. Concepcion",CITY OF CABADBARAN,2nd District,CONCEPCION,Public,Partially Urban,DepED Managed,Purely ES
CARAGA,Cabadbaran City,North Cabadbaran,131522,Francisco C. Jongko Elementary School,Kauswagan,CITY OF CABADBARAN,2nd District,KAUSWAGAN,Public,Partially Urban,DepED Managed,Purely ES
CARAGA,Cabadbaran City,North Cabadbaran,305746,Francisco C. Jongko National High School,"Brgy. Kauswagan, Cabadbaran City",CITY OF CABADBARAN,2nd District,KAUSWAGAN,Public,Partially Urban,DepED Managed,Purely JHS
CARAGA,Cabadbaran City,North Cabadbaran,340341,La Union SHS (Stand Alone),Brgy. La Union,CITY OF CABADBARAN,2nd District,LA UNION,Public,Partially Urban,DepED Managed,Purely SHS
CARAGA,Cabadbaran City,North Cabadbaran,405904,"Bishop Haden Institute, Inc.",4493 T. Curato St.,CITY OF CABADBARAN,2nd District,POBLACION 12,Private,Partially Urban,Sectarian,JHS with SHS
CARAGA,Cabadbaran City,North Cabadbaran,405906,"Candelaria Institute of Technology of Cabadbaran, Inc.",Funcion St.,CITY OF CABADBARAN,2nd District,POBLACION 1,Private,Partially Urban,Sectarian,All Offering (K to 12)
CARAGA,Cabadbaran City,North Cabadbaran,405907,Mindanao Institute,Mayor B. Atega Street,CITY OF CABADBARAN,2nd District,POBLACION 10,Private,Partially Urban,Non-Sectarian,All Offering (K to 12)
CARAGA,Cabadbaran City,North Cabadbaran,405909,AGAPE Christian Academy,Ojeda Avenue,CITY OF CABADBARAN,2nd District,POBLACION 7,Private,Partially Urban,Sectarian,Purely ES
CARAGA,Cabadbaran City,North Cabadbaran,471505,Rafael A. Mondejar Memorial College,4214 FC Dagani Ave. Cabadbaran City,CITY OF CABADBARAN,2nd District,POBLACION 6,Private,Partially Urban,Non-Sectarian,Purely JHS
CARAGA,Cabadbaran City,North Cabadbaran,471509,"St. Aloysius Learning Center of Cabadbaran, Inc",Cabadbaran,CITY OF CABADBARAN,2nd District,POBLACION 1,Private,Partially Urban,Non-Sectarian,Purely ES
CARAGA,Cabadbaran City,North Cabadbaran,471510,MONTESSORI de CABADBARAN,"Purok 5, Kauswagan",CITY OF CABADBARAN,2nd District,KAUSWAGAN,Private,Partially Urban,Non-Sectarian,Purely ES
CARAGA,Cabadbaran City,North Cabadbaran,500312,North Cabadbaran CES,Ojeda Avenue,CITY OF CABADBARAN,2nd District,POBLACION 8,Public,Partially Urban,DepED Managed,ES and JHS (K to 10)
CARAGA,Cabadbaran City,South Cabadbaran,131572,Antonio Luna ES,"Purok 1, Barangay A. Luna",CITY OF CABADBARAN,2nd District,ANTONIO LUNA,Public,Partially Urban,DepED Managed,Purely ES
CARAGA,Cabadbaran City,South Cabadbaran,131574,Calamba ES,"Purok 3, Brgy. Calamba",CITY OF CABADBARAN,2nd District,CALAMBA,Public,Partially Urban,DepED Managed,Purely ES
CARAGA,Cabadbaran City,South Cabadbaran,131577,Alfonso B. Dagani ES,Purok 6,CITY OF CABADBARAN,2nd District,MABINI,Public,Partially Urban,DepED Managed,Purely ES
CARAGA,Cabadbaran City,South Cabadbaran,131580,South Cabadbaran CES,F.C. Dagani Avenue,CITY OF CABADBARAN,2nd District,POBLACION 12,Public,Partially Urban,DepED Managed,Purely ES
CARAGA,Cabadbaran City,South Cabadbaran,304676,Calamba National High School,-,CITY OF CABADBARAN,2nd District,CALAMBA,Public,Partially Urban,DepED Managed,JHS with SHS
CARAGA,Cabadbaran City,South Cabadbaran,304699,Cabadbaran City National High School,T. CURATO ST.,CITY OF CABADBARAN,2nd District,POBLACION 12,Public,Partially Urban,DepED Managed,JHS with SHS
CARAGA,Cabadbaran City,South Cabadbaran,405905,"Cabadbaran CityBaptist Academy (CBA), Inc.",F.C. Dagani Sr. Avenue,CITY OF CABADBARAN,2nd District,POBLACION 12,Private,Partially Urban,Sectarian,ES and JHS (K to 10)
CARAGA,Cabadbaran City,South Cabadbaran,405908,"Northern Mindanao Colleges, Inc.","Atega Street, Brgy. 11, City of Cabadbaran",CITY OF CABADBARAN,2nd District,POBLACION 11,Private,Partially Urban,Non-Sectarian,All Offering (K to 12)
CARAGA,Cabadbaran City,South Cabadbaran,407687,"Trailblazer Study Centre, Inc.",F. Ojeda Avenue,CITY OF CABADBARAN,2nd District,POBLACION 10,Private,Partially Urban,Non-Sectarian,Purely ES
CARAGA,Cabadbaran City,South Cabadbaran,471506,"Rainbow Speechworld Learning Center, Inc.",Aglipay Street,CITY OF CABADBARAN,2nd District,POBLACION 12,Private,Partially Urban,Non-Sectarian,Purely ES
CARAGA,Cabadbaran City,South Cabadbaran,471904,Zion Children's Day Care Inc.,"Upper Mabini, City of Cabadbaran",CITY OF CABADBARAN,2nd District,MABINI,Private,Partially Urban,Non-Sectarian,Purely ES
CARAGA,Cabadbaran City,South Cabadbaran,600132,Caraga State University Cabadbaran City Campus,"T. Curato St., Cabadbaran City",CITY OF CABADBARAN,2nd District,POBLACION 11,SUCs/LUCs,Partially Urban,SUC Managed,JHS with SHS
CARAGA,Cabadbaran City,Northwest Cabadbaran,131517,Cabinet ES,P3 Cabinet Cabadbaran city,CITY OF CABADBARAN,2nd District,CABINET,Public,Partially Urban,DepED Managed,Purely ES
CARAGA,Cabadbaran City,Northwest Cabadbaran,131521,Katugasan ES,Purok 3,CITY OF CABADBARAN,2nd District,KATUGASAN,Public,Partially Urban,DepED Managed,Purely ES
CARAGA,Cabadbaran City,Northwest Cabadbaran,131529,Antonio C Dagani Central Elementary School,Purok 7,CITY OF CABADBARAN,2nd District,TOLOSA,Public,Partially Urban,DepED Managed,Purely ES
CARAGA,Cabadbaran City,Northwest Cabadbaran,131575,Calibunan ES,Santol St.,CITY OF CABADBARAN,2nd District,CALIBUNAN,Public,Partially Urban,DepED Managed,Purely ES
CARAGA,Cabadbaran City,Northwest Cabadbaran,131576,La Union ES,Purok 8,CITY OF CABADBARAN,2nd District,LA UNION,Public,Partially Urban,DepED Managed,Purely ES
CARAGA,Cabadbaran City,Northwest Cabadbaran,501724,Chief Justice Ramon Avancena Integrated School,"Sanghan,City of Cabadbaran",CITY OF CABADBARAN,2nd District,SANGHAN,Public,Partially Urban,DepED Managed,ES and JHS (K to 10)
CARAGA,Cabadbaran City,Northwest Cabadbaran,317312,La Union National High School,P8 LA UNION,CITY OF CABADBARAN,2nd District,LA UNION,Public,Partially Urban,DepED Managed,Purely JHS
CARAGA,Cabadbaran City,Southeast Cabadbaran,131515,Bayabas ES,Bayabas,CITY OF CABADBARAN,2nd District,BAYABAS,Public,Partially Urban,DepED Managed,Purely ES
CARAGA,Cabadbaran City,Southeast Cabadbaran,131518,Comagascas Elementary Schools,-Nat'l Highway Comagascas,CITY OF CABADBARAN,2nd District,COMAGASCAS,Public,Partially Urban,DepED Managed,Purely ES
CARAGA,Cabadbaran City,Southeast Cabadbaran,131520,Del Pilar CES,-Purok 3 Del Pilar,CITY OF CABADBARAN,2nd District,DEL PILAR,Public,Partially Urban,DepED Managed,Purely ES
CARAGA,Cabadbaran City,Southeast Cabadbaran,131523,Lusong Elementary school,"PUROK- 9,SITIO LUSONG,BRGY. PUTING BATO, CABADBARAN CITY",CITY OF CABADBARAN,2nd District,PUTING BATO,Public,Partially Urban,DepED Managed,Purely ES
CARAGA,Cabadbaran City,Southeast Cabadbaran,501722,Mahaba Integrated School,Purok 1,CITY OF CABADBARAN,2nd District,MAHABA,Public,Partially Urban,DepED Managed,ES and JHS (K to 10)
CARAGA,Cabadbaran City,Southeast Cabadbaran,131527,Pirada ES,Sitio Pirada,CITY OF CABADBARAN,2nd District,DEL PILAR,Public,Partially Urban,DepED Managed,Purely ES
CARAGA,Cabadbaran City,Southeast Cabadbaran,131528,Puting Bato Elementary School,PUROK 3,CITY OF CABADBARAN,2nd District,PUTING BATO,Public,Partially Urban,DepED Managed,Purely ES
CARAGA,Cabadbaran City,Southeast Cabadbaran,131573,Bay-ang ES,"Purok 1, Barangay Bay-ang",CITY OF CABADBARAN,2nd District,BAY-ANG,Public,Partially Urban,DepED Managed,Purely ES
CARAGA,Cabadbaran City,Southeast Cabadbaran,131579,Soriano ES,"Purok 3, Barangay Soriano",CITY OF CABADBARAN,2nd District,SORIANO,Public,Partially Urban,DepED Managed,Purely ES
CARAGA,Cabadbaran City,Southeast Cabadbaran,281001,Palidan Elementary School,Sitio Palidan,CITY OF CABADBARAN,2nd District,PUTING BATO,Public,Partially Urban,DepED Managed,Purely ES
CARAGA,Cabadbaran City,Southeast Cabadbaran,281002,Masundong Elementary School,Sitio Masundong,CITY OF CABADBARAN,2nd District,MAHABA,Public,Partially Urban,DepED Managed,Purely ES
CARAGA,Cabadbaran City,Southeast Cabadbaran,281003,Dagnasay Elementary School,Sitio Dagnasay,CITY OF CABADBARAN,2nd District,PUTING BATO,Public,Partially Urban,DepED Managed,Purely ES
CARAGA,Cabadbaran City,Southeast Cabadbaran,281004,Ansili Elementary School,Sitio Ansili,CITY OF CABADBARAN,2nd District,PUTING BATO,Public,Partially Urban,DepED Managed,Purely ES
CARAGA,Cabadbaran City,Southeast Cabadbaran,317307,Del Pilar National High School,Brgy.Del Pilar,CITY OF CABADBARAN,2nd District,DEL PILAR,Public,Partially Urban,DepED Managed,JHS with SHS
CARAGA,Cabadbaran City,Southeast Cabadbaran,330101,Puting Bato National High School,"Purok 5, Puting Bato, City of Cabadbaran",CITY OF CABADBARAN,2nd District,PUTING BATO,Public,Partially Urban,DepED Managed,JHS with SHS
CARAGA,Cabadbaran City,Southeast Cabadbaran,330102,Lusong National High School,Sitio Lusong,CITY OF CABADBARAN,2nd District,PUTING BATO,Public,Partially Urban,DepED Managed,Purely JHS
CARAGA,Tandag City,Tandag I,132957,Awasian Elementary School,"Purok Guava, Brgy. Awasian, Tandag City",CITY OF TANDAG (Capital),1st District,AWASIAN,Public,Partially Urban,DepED Managed,Purely ES
CARAGA,Tandag City,Tandag I,132959,Bioto Elementary School,"Purok Riverside, Bioto, Tandag City, Surigao del Sur",CITY OF TANDAG (Capital),1st District,BIOTO,Public,Partially Urban,DepED Managed,Purely ES
CARAGA,Tandag City,Tandag I,132960,Bongtud Elementary School,"Purok Sto. Nino,Brgy. Bongtud, Tandag City",CITY OF TANDAG (Capital),1st District,BONGTOD POB. (EAST WEST),Public,Partially Urban,DepED Managed,Purely ES
CARAGA,Tandag City,Tandag I,132961,Buenavista Elementary School,"PUROK QUIRINO, BUENAVISTA, TANDAG CITY, SURIGAO DEL SUR",CITY OF TANDAG (Capital),1st District,BUENAVISTA,Public,Partially Urban,DepED Managed,Purely ES
CARAGA,Tandag City,Tandag I,132963,Salvacion Elementary School,"Purok Tisa, Salvacion, Tandag City",CITY OF TANDAG (Capital),1st District,SALVACION,Public,Partially Urban,DepED Managed,Purely ES
CARAGA,Tandag City,Tandag I,132964,Engr. Nestor Ty Memorial Elementary School,"Purok Kalipayan, Brgy. San Agustin Sur, Tandag City",CITY OF TANDAG (Capital),1st District,SAN AGUSTIN SUR,Public,Partially Urban,DepED Managed,Purely ES
CARAGA,Tandag City,Tandag I,132965,Hitaob Elementary School,"Sitio Hitaob, Baranggay Awasian, Tandag City",CITY OF TANDAG (Capital),1st District,AWASIAN,Public,Partially Urban,DepED Managed,Purely ES
CARAGA,Tandag City,Tandag I,132970,Pangi Elementary School,"Purok 4 Starlight ,Brgy. Pangi, Tandag City",CITY OF TANDAG (Capital),1st District,PANGI,Public,Partially Urban,DepED Managed,Purely ES
CARAGA,Tandag City,Tandag I,132971,Quezon Elementary School,"Prk.Pag-ibig,Quezon Tandag City",CITY OF TANDAG (Capital),1st District,QUEZON,Public,Partially Urban,DepED Managed,Purely ES
CARAGA,Tandag City,Tandag I,132974,San Agustin Elementary School,"Purok Avocado, San Agustin Norte, Tandag City",CITY OF TANDAG (Capital),1st District,SAN AGUSTIN NORTE,Public,Partially Urban,DepED Managed,Purely ES
CARAGA,Tandag City,Tandag I,132975,San Antonio Elementary School,"Purok Mangga, San Antonio Tandag",CITY OF TANDAG (Capital),1st District,SAN ANTONIO,Public,Partially Urban,DepED Managed,Purely ES
CARAGA,Tandag City,Tandag I,132979,Tandag Pilot Elementary School,"Donasco Street, Bag-ong Lungsod, Tandag City",CITY OF TANDAG (Capital),1st District,BAGONG LUNGSOD (POB.),Public,Partially Urban,DepED Managed,Purely ES
CARAGA,Tandag City,Tandag I,304871,Buenavista National High School,"Purok Garcia, Barangay Buenavista, Tandag City, Surigao del Sur",CITY OF TANDAG (Capital),1st District,BUENAVISTA,Public,Partially Urban,DepED Managed,JHS with SHS
CARAGA,Tandag City,Tandag I,304893,Vicente L. Pimentel Sr. National High School,"Purok Madasigon, Quezon, Tandag City",CITY OF TANDAG (Capital),1st District,QUEZON,Public,Partially Urban,DepED Managed,Purely JHS
CARAGA,Tandag City,Tandag I,304922,Tandag National Science High School,"Tabon-tabon, Quezon, Tandag City",CITY OF TANDAG (Capital),1st District,QUEZON,Public,Partially Urban,DepED Managed,JHS with SHS
CARAGA,Tandag City,Tandag I,406055,"St. Theresa College of Tandag, Inc.","Purok Magsaysay, Dagocdoc, Tandag City",CITY OF TANDAG (Capital),1st District,DAGOCDOC (POB.),Private,Partially Urban,Sectarian,All Offering (K to 12)
CARAGA,Tandag City,Tandag I,474502,Evangelical Bible Pre-School Inc.,"Osmeña St., Bag-ong Lungsod Tandag City",CITY OF TANDAG (Capital),1st District,BAGONG LUNGSOD (POB.),Private,Partially Urban,Non-Sectarian,Purely ES
CARAGA,Tandag City,Tandag I,474504,Saint Peregrine Learning Center,"295 Tello St., Bongtud,Tandag City",CITY OF TANDAG (Capital),1st District,BONGTOD POB. (EAST WEST),Private,Partially Urban,Sectarian,Purely ES
CARAGA,Tandag City,Tandag II,132958,Banahao Elementary School,"Sitio Banahao, Brgy. Maitom, Tandag City",CITY OF TANDAG (Capital),1st District,MAITUM,Public,Partially Urban,DepED Managed,Purely ES
CARAGA,Tandag City,Tandag II,132966,Mabuhay Elementary School,"Purok Nangka, Brgy. Mabuhay, Tandag City",CITY OF TANDAG (Capital),1st District,MABUHAY,Public,Partially Urban,DepED Managed,Purely ES
CARAGA,Tandag City,Tandag II,132967,Mahanon Elementary School,"Purok Malinawon, Sitio Mahanon, Maitum, Tandag City",CITY OF TANDAG (Capital),1st District,MAITUM,Public,Partially Urban,DepED Managed,Purely ES
CARAGA,Tandag City,Tandag II,132969,Pandanon Elementary School,"Purok Malampuson Brgy. Pandanon, Tandag City",CITY OF TANDAG (Capital),1st District,PANDANON,Public,Partially Urban,DepED Managed,Purely ES
CARAGA,Tandag City,Tandag II,132972,Quintos Elementary School,"Prk. Quintos, Mabua, Tandag City",CITY OF TANDAG (Capital),1st District,MABUA,Public,Partially Urban,DepED Managed,Purely ES
CARAGA,Tandag City,Tandag II,132973,Rosario Elementary School,"Prk. Pag-asa I, Brgy. Rosario,Tandag City",CITY OF TANDAG (Capital),1st District,ROSARIO,Public,Partially Urban,DepED Managed,Purely ES
CARAGA,Tandag City,Tandag II,132976,San Isidro Elementary School,"Prk Narra, San Isidro, Tandag City",CITY OF TANDAG (Capital),1st District,SAN ISIDRO,Public,Partially Urban,DepED Managed,Purely ES
CARAGA,Tandag City,Tandag II,132977,San Jose Elementary School,"Purok Site, San Jose, Tandag City",CITY OF TANDAG (Capital),1st District,SAN JOSE,Public,Partially Urban,DepED Managed,Purely ES
CARAGA,Tandag City,Tandag II,132978,Tandag Central Elementary School,"Luiz Perez St., Bag-ong Lungsod, Tandag City",CITY OF TANDAG (Capital),1st District,BAGONG LUNGSOD (POB.),Public,Partially Urban,DepED Managed,Purely ES
CARAGA,Tandag City,Tandag II,132980,Telaje Elementary School,"Purok Mars, Telaje, Tandag City",CITY OF TANDAG (Capital),1st District,TELAJE,Public,Partially Urban,DepED Managed,Purely ES
CARAGA,Tandag City,Tandag II,136972,Pag-asa Tribal Community Elementary School,"Purok Pag-asa, Sitio Suba, Brgy. Mabuhay, Tandag City",CITY OF TANDAG (Capital),1st District,MABUHAY,Public,Partially Urban,DepED Managed,Purely ES
CARAGA,Tandag City,Tandag II,214501,TANDAG CITY SPED CENTER,TANDAG CITY,CITY OF TANDAG (Capital),1st District,BAGONG LUNGSOD (POB.),Public,Partially Urban,DepED Managed,Purely ES
CARAGA,Tandag City,Tandag II,214515,Special Science Elementary School,"Bag-ong Lungsod, Tandag City",CITY OF TANDAG (Capital),1st District,BAGONG LUNGSOD (POB.),Public,Partially Urban,DepED Managed,Purely ES
CARAGA,Tandag City,Tandag II,304892,Jacinto P. Elpa National High School,"Capitol Hills, Telaje, Tandag City",CITY OF TANDAG (Capital),1st District,TELAJE,Public,Partially Urban,DepED Managed,JHS with SHS
CARAGA,Tandag City,Tandag II,406056,"Tandag Christian School, Inc.","Purok Maligaya II,Brgy. Rosario, Tandag City",CITY OF TANDAG (Capital),1st District,ROSARIO,Private,Partially Urban,Sectarian,ES and JHS (K to 10)
CARAGA,Tandag City,Tandag II,407660,"TANDAG LIGHT BEARER LEARNING CENTER, INC.","Prk. Quintos, Brgy. Mabua, Tandag City",CITY OF TANDAG (Capital),1st District,MABUA,Private,Partially Urban,Non-Sectarian,Purely ES
CARAGA,Tandag City,Tandag II,407691,"Little Angel's Pre-School of Tandag City, Inc.","Purok Sonnys Farm, Mabua, Tandag City",CITY OF TANDAG (Capital),1st District,MABUA,Private,Partially Urban,Non-Sectarian,Purely ES
CARAGA,Tandag City,Tandag II,407692,"St. Thomas Aquinas Mentoring Center, Inc.","Cabiles Subdivision, Telaje, Tandag City",CITY OF TANDAG (Capital),1st District,TELAJE,Private,Partially Urban,Non-Sectarian,Purely ES
CARAGA,Tandag City,Tandag II,407693,UCCP TANDAG KINDERGARTEN SCHOOL INC.,"Corner Donasco and San Nicolas St., Bag-ong Lungsod, Tandag City",CITY OF TANDAG (Capital),1st District,BAGONG LUNGSOD (POB.),Private,Partially Urban,Non-Sectarian,Purely ES
CARAGA,Tandag City,Tandag II,500587,Carmen Integrated School,"Purok Pinag-aralan, Barangay Maitum, Tandag City",CITY OF TANDAG (Capital),1st District,MAITUM,Public,Partially Urban,DepED Managed,All Offering (K to 12)
CARAGA,Tandag City,Tandag II,501274,Meliton M. Ajos Memorial Integrated School,"Purok Centro, Barangay Maticdum, Tandag City",CITY OF TANDAG (Capital),1st District,MATICDUM,Public,Partially Urban,DepED Managed,ES and JHS (K to 10)
